date_id,company_id,ticker,close_price,volume
2019-01-02,PTTEP,PTTEP.BK,74.25991821289062,11458900
2019-01-03,PTTEP,PTTEP.BK,74.92000579833984,7558200
2019-01-04,PTTEP,PTTEP.BK,78.22044372558594,23278700
2019-01-07,PTTEP,PTTEP.BK,79.87067413330078,20241800
2019-01-08,PTTEP,PTTEP.BK,80.20071411132812,10971700
2019-01-09,PTTEP,PTTEP.BK,80.20071411132812,15584900
2019-01-10,PTTEP,PTTEP.BK,80.86080932617188,8901500
2019-01-11,PTTEP,PTTEP.BK,81.52088928222656,9385900
2019-01-14,PTTEP,PTTEP.BK,80.53076171875,7921800
2019-01-15,PTTEP,PTTEP.BK,79.87067413330078,6613400
2019-01-16,PTTEP,PTTEP.BK,80.53076171875,11739800
2019-01-17,PTTEP,PTTEP.BK,81.19084930419922,10824500
2019-01-18,PTTEP,PTTEP.BK,82.51102447509766,14157100
2019-01-21,PTTEP,PTTEP.BK,83.83119201660156,11164600
2019-01-22,PTTEP,PTTEP.BK,84.16124725341797,8767600
2019-01-23,PTTEP,PTTEP.BK,84.16124725341797,8475900
2019-01-24,PTTEP,PTTEP.BK,82.18098449707031,13138800
2019-01-25,PTTEP,PTTEP.BK,82.18098449707031,10518000
2019-01-28,PTTEP,PTTEP.BK,80.20071411132812,14209700
2019-01-29,PTTEP,PTTEP.BK,78.22044372558594,32865300
2019-01-30,PTTEP,PTTEP.BK,79.87067413330078,28402500
2019-01-31,PTTEP,PTTEP.BK,81.19084930419922,14901800
2019-02-01,PTTEP,PTTEP.BK,81.85093688964844,10804300
2019-02-04,PTTEP,PTTEP.BK,82.841064453125,8020400
2019-02-05,PTTEP,PTTEP.BK,82.841064453125,6392800
2019-02-06,PTTEP,PTTEP.BK,82.51102447509766,6403100
2019-02-07,PTTEP,PTTEP.BK,82.51102447509766,4829500
2019-02-08,PTTEP,PTTEP.BK,81.85093688964844,7503200
2019-02-11,PTTEP,PTTEP.BK,81.52088928222656,11319200
2019-02-12,PTTEP,PTTEP.BK,82.36830139160156,7587100
2019-02-13,PTTEP,PTTEP.BK,84.06312561035156,15749800
2019-02-14,PTTEP,PTTEP.BK,84.06312561035156,8080200
2019-02-15,PTTEP,PTTEP.BK,83.0462417602539,10229800
2019-02-18,PTTEP,PTTEP.BK,83.72415924072266,11065000
2019-02-20,PTTEP,PTTEP.BK,85.08001708984375,15747900
2019-02-21,PTTEP,PTTEP.BK,85.41899108886719,15603400
2019-02-22,PTTEP,PTTEP.BK,85.41899108886719,13309100
2019-02-25,PTTEP,PTTEP.BK,86.43587493896484,11731000
2019-02-26,PTTEP,PTTEP.BK,84.74105072021484,10614800
2019-02-27,PTTEP,PTTEP.BK,85.75794219970703,6033400
2019-02-28,PTTEP,PTTEP.BK,84.40209197998047,10546800
2019-03-01,PTTEP,PTTEP.BK,83.72415924072266,6447800
2019-03-04,PTTEP,PTTEP.BK,82.02934265136719,16818100
2019-03-05,PTTEP,PTTEP.BK,83.0462417602539,10967000
2019-03-06,PTTEP,PTTEP.BK,82.36830139160156,7429500
2019-03-07,PTTEP,PTTEP.BK,83.0462417602539,7026400
2019-03-08,PTTEP,PTTEP.BK,82.02934265136719,9771700
2019-03-11,PTTEP,PTTEP.BK,81.69036865234375,9054600
2019-03-12,PTTEP,PTTEP.BK,82.02934265136719,7727800
2019-03-13,PTTEP,PTTEP.BK,82.36830139160156,10176400
2019-03-14,PTTEP,PTTEP.BK,81.69036865234375,10307400
2019-03-15,PTTEP,PTTEP.BK,80.6734848022461,18399300
2019-03-18,PTTEP,PTTEP.BK,81.35140991210938,11633400
2019-03-19,PTTEP,PTTEP.BK,82.70726776123047,13496800
2019-03-20,PTTEP,PTTEP.BK,82.36830139160156,5772000
2019-03-21,PTTEP,PTTEP.BK,84.06312561035156,15122600
2019-03-22,PTTEP,PTTEP.BK,85.75794219970703,19888200
2019-03-25,PTTEP,PTTEP.BK,84.06312561035156,12896800
2019-03-26,PTTEP,PTTEP.BK,84.74105072021484,8212900
2019-03-27,PTTEP,PTTEP.BK,85.08001708984375,9213900
2019-03-28,PTTEP,PTTEP.BK,85.08001708984375,7424700
2019-03-29,PTTEP,PTTEP.BK,85.08001708984375,5315400
2019-04-01,PTTEP,PTTEP.BK,86.0969009399414,9986600
2019-04-02,PTTEP,PTTEP.BK,86.43587493896484,7990000
2019-04-03,PTTEP,PTTEP.BK,87.45276641845703,9273300
2019-04-04,PTTEP,PTTEP.BK,86.77484130859375,5621900
2019-04-05,PTTEP,PTTEP.BK,86.43587493896484,3801800
2019-04-09,PTTEP,PTTEP.BK,89.1475830078125,12717000
2019-04-10,PTTEP,PTTEP.BK,89.82551574707031,10046600
2019-04-11,PTTEP,PTTEP.BK,88.80860900878906,5886400
2019-04-12,PTTEP,PTTEP.BK,89.1475830078125,4404700
2019-04-17,PTTEP,PTTEP.BK,88.80860900878906,7313600
2019-04-18,PTTEP,PTTEP.BK,89.48654174804688,7637000
2019-04-19,PTTEP,PTTEP.BK,89.1475830078125,4469100
2019-04-22,PTTEP,PTTEP.BK,90.8424072265625,20320100
2019-04-23,PTTEP,PTTEP.BK,92.53723907470703,21922700
2019-04-24,PTTEP,PTTEP.BK,91.52034759521484,10269900
2019-04-25,PTTEP,PTTEP.BK,92.53723907470703,8646500
2019-04-26,PTTEP,PTTEP.BK,91.52034759521484,13107900
2019-04-29,PTTEP,PTTEP.BK,90.16445922851562,9408200
2019-04-30,PTTEP,PTTEP.BK,90.50344848632812,10670800
2019-05-02,PTTEP,PTTEP.BK,90.50344848632812,8043000
2019-05-03,PTTEP,PTTEP.BK,88.80860900878906,19078300
2019-05-07,PTTEP,PTTEP.BK,89.1475830078125,14001600
2019-05-08,PTTEP,PTTEP.BK,87.45276641845703,16782700
2019-05-09,PTTEP,PTTEP.BK,86.77484130859375,12936200
2019-05-10,PTTEP,PTTEP.BK,87.79173278808594,13046800
2019-05-13,PTTEP,PTTEP.BK,87.79173278808594,7803100
2019-05-14,PTTEP,PTTEP.BK,87.79173278808594,15006500
2019-05-15,PTTEP,PTTEP.BK,87.11380004882812,12120500
2019-05-16,PTTEP,PTTEP.BK,87.11380004882812,15532400
2019-05-17,PTTEP,PTTEP.BK,87.45276641845703,10028900
2019-05-21,PTTEP,PTTEP.BK,88.13068389892578,8940400
2019-05-22,PTTEP,PTTEP.BK,88.46964263916016,8199800
2019-05-23,PTTEP,PTTEP.BK,88.13068389892578,8660300
2019-05-24,PTTEP,PTTEP.BK,84.40209197998047,36819400
2019-05-27,PTTEP,PTTEP.BK,85.08001708984375,9865500
2019-05-28,PTTEP,PTTEP.BK,86.0969009399414,16900500
2019-05-29,PTTEP,PTTEP.BK,85.08001708984375,7240100
2019-05-30,PTTEP,PTTEP.BK,85.75794219970703,9825900
2019-05-31,PTTEP,PTTEP.BK,85.08001708984375,14207500
2019-06-04,PTTEP,PTTEP.BK,84.74105072021484,22443100
2019-06-05,PTTEP,PTTEP.BK,85.75794219970703,9965800
2019-06-06,PTTEP,PTTEP.BK,84.74105072021484,16226700
2019-06-07,PTTEP,PTTEP.BK,84.74105072021484,11619300
2019-06-10,PTTEP,PTTEP.BK,86.77484130859375,18868100
2019-06-11,PTTEP,PTTEP.BK,87.11380004882812,12462700
2019-06-12,PTTEP,PTTEP.BK,86.77484130859375,6836100
2019-06-13,PTTEP,PTTEP.BK,86.0969009399414,13610600
2019-06-14,PTTEP,PTTEP.BK,85.75794219970703,6086000
2019-06-17,PTTEP,PTTEP.BK,86.0969009399414,6688300
2019-06-18,PTTEP,PTTEP.BK,88.13068389892578,15375700
2019-06-19,PTTEP,PTTEP.BK,89.1475830078125,21256700
2019-06-20,PTTEP,PTTEP.BK,91.52034759521484,19078200
2019-06-21,PTTEP,PTTEP.BK,91.52034759521484,21678500
2019-06-24,PTTEP,PTTEP.BK,92.19827270507812,9393700
2019-06-25,PTTEP,PTTEP.BK,91.85931396484375,10204800
2019-06-26,PTTEP,PTTEP.BK,90.8424072265625,14176600
2019-06-27,PTTEP,PTTEP.BK,92.19827270507812,17714000
2019-06-28,PTTEP,PTTEP.BK,91.52034759521484,7307200
2019-07-01,PTTEP,PTTEP.BK,92.87619018554688,12714900
2019-07-02,PTTEP,PTTEP.BK,91.18135833740234,16420400
2019-07-03,PTTEP,PTTEP.BK,90.50344848632812,10630000
2019-07-04,PTTEP,PTTEP.BK,89.82551574707031,12649200
2019-07-05,PTTEP,PTTEP.BK,90.50344848632812,3832600
2019-07-08,PTTEP,PTTEP.BK,90.50344848632812,7113000
2019-07-09,PTTEP,PTTEP.BK,89.48654174804688,8477100
2019-07-10,PTTEP,PTTEP.BK,91.18135833740234,9223900
2019-07-11,PTTEP,PTTEP.BK,92.19827270507812,15345300
2019-07-12,PTTEP,PTTEP.BK,92.19827270507812,6059900
2019-07-15,PTTEP,PTTEP.BK,92.19827270507812,5877600
2019-07-17,PTTEP,PTTEP.BK,91.18135833740234,9606700
2019-07-18,PTTEP,PTTEP.BK,91.18135833740234,7071000
2019-07-19,PTTEP,PTTEP.BK,91.52034759521484,5402700
2019-07-22,PTTEP,PTTEP.BK,92.87619018554688,12957700
2019-07-23,PTTEP,PTTEP.BK,92.53723907470703,8310100
2019-07-24,PTTEP,PTTEP.BK,92.53723907470703,9253400
2019-07-25,PTTEP,PTTEP.BK,91.18135833740234,13092800
2019-07-26,PTTEP,PTTEP.BK,90.8424072265625,7594800
2019-07-30,PTTEP,PTTEP.BK,91.52034759521484,10742800
2019-07-31,PTTEP,PTTEP.BK,91.85931396484375,13776700
2019-08-01,PTTEP,PTTEP.BK,91.52034759521484,6661200
2019-08-02,PTTEP,PTTEP.BK,89.1475830078125,30241100
2019-08-05,PTTEP,PTTEP.BK,88.80860900878906,8176400
2019-08-06,PTTEP,PTTEP.BK,88.46964263916016,10346600
2019-08-07,PTTEP,PTTEP.BK,87.11380004882812,16044800
2019-08-08,PTTEP,PTTEP.BK,86.94129180908203,17975100
2019-08-09,PTTEP,PTTEP.BK,85.561279296875,11858600
2019-08-13,PTTEP,PTTEP.BK,85.561279296875,11902500
2019-08-14,PTTEP,PTTEP.BK,86.25129699707031,11375700
2019-08-15,PTTEP,PTTEP.BK,84.87126159667969,20731900
2019-08-16,PTTEP,PTTEP.BK,86.5962905883789,7364600
2019-08-19,PTTEP,PTTEP.BK,85.21627044677734,12884600
2019-08-20,PTTEP,PTTEP.BK,83.83625793457031,11716400
2019-08-21,PTTEP,PTTEP.BK,84.1812515258789,8557900
2019-08-22,PTTEP,PTTEP.BK,83.49124145507812,12006700
2019-08-23,PTTEP,PTTEP.BK,83.83625793457031,7981500
2019-08-26,PTTEP,PTTEP.BK,79.3511962890625,31026400
2019-08-27,PTTEP,PTTEP.BK,79.00617980957031,16642300
2019-08-28,PTTEP,PTTEP.BK,80.04119110107422,11104000
2019-08-29,PTTEP,PTTEP.BK,83.49124145507812,18851200
2019-08-30,PTTEP,PTTEP.BK,85.90628051757812,24521300
2019-09-02,PTTEP,PTTEP.BK,84.1812515258789,8471700
2019-09-03,PTTEP,PTTEP.BK,82.11122131347656,12498700
2019-09-04,PTTEP,PTTEP.BK,81.42121124267578,14616800
2019-09-05,PTTEP,PTTEP.BK,84.1812515258789,14660500
2019-09-06,PTTEP,PTTEP.BK,85.561279296875,13526700
2019-09-09,PTTEP,PTTEP.BK,85.561279296875,7739600
2019-09-10,PTTEP,PTTEP.BK,85.90628051757812,10555400
2019-09-11,PTTEP,PTTEP.BK,85.21627044677734,17837400
2019-09-12,PTTEP,PTTEP.BK,83.49124145507812,18421100
2019-09-13,PTTEP,PTTEP.BK,84.5262680053711,8717000
2019-09-16,PTTEP,PTTEP.BK,86.25129699707031,29772700
2019-09-17,PTTEP,PTTEP.BK,89.70134735107422,33817700
2019-09-18,PTTEP,PTTEP.BK,85.561279296875,29596100
2019-09-19,PTTEP,PTTEP.BK,85.21627044677734,9221300
2019-09-20,PTTEP,PTTEP.BK,85.21627044677734,10310400
2019-09-23,PTTEP,PTTEP.BK,85.90628051757812,7417100
2019-09-24,PTTEP,PTTEP.BK,86.25129699707031,6929300
2019-09-25,PTTEP,PTTEP.BK,84.87126159667969,6571400
2019-09-26,PTTEP,PTTEP.BK,85.21627044677734,6370000
2019-09-27,PTTEP,PTTEP.BK,85.21627044677734,8428000
2019-09-30,PTTEP,PTTEP.BK,83.49124145507812,10988100
2019-10-01,PTTEP,PTTEP.BK,82.45623016357422,7737100
2019-10-02,PTTEP,PTTEP.BK,82.80123901367188,8121700
2019-10-03,PTTEP,PTTEP.BK,82.11122131347656,8618500
2019-10-04,PTTEP,PTTEP.BK,80.38618469238281,15600400
2019-10-07,PTTEP,PTTEP.BK,81.07621002197266,4018400
2019-10-08,PTTEP,PTTEP.BK,81.42121124267578,5204400
2019-10-09,PTTEP,PTTEP.BK,80.73120880126953,9284300
2019-10-10,PTTEP,PTTEP.BK,81.42121124267578,7909200
2019-10-11,PTTEP,PTTEP.BK,84.5262680053711,16887500
2019-10-15,PTTEP,PTTEP.BK,82.45623016357422,16260900
2019-10-16,PTTEP,PTTEP.BK,82.11122131347656,7962700
2019-10-17,PTTEP,PTTEP.BK,80.73120880126953,10575400
2019-10-18,PTTEP,PTTEP.BK,81.07621002197266,8895600
2019-10-21,PTTEP,PTTEP.BK,80.38618469238281,7284300
2019-10-22,PTTEP,PTTEP.BK,80.73120880126953,3101200
2019-10-24,PTTEP,PTTEP.BK,81.7662124633789,12047900
2019-10-25,PTTEP,PTTEP.BK,81.07621002197266,7680300
2019-10-28,PTTEP,PTTEP.BK,81.42121124267578,5565600
2019-10-29,PTTEP,PTTEP.BK,81.7662124633789,3999300
2019-10-30,PTTEP,PTTEP.BK,84.5262680053711,16565600
2019-10-31,PTTEP,PTTEP.BK,83.14623260498047,14717900
2019-11-01,PTTEP,PTTEP.BK,82.80123901367188,5645800
2019-11-04,PTTEP,PTTEP.BK,84.87126159667969,10275600
2019-11-05,PTTEP,PTTEP.BK,85.90628051757812,12290700
2019-11-06,PTTEP,PTTEP.BK,85.21627044677734,7941900
2019-11-07,PTTEP,PTTEP.BK,86.25129699707031,11835300
2019-11-08,PTTEP,PTTEP.BK,85.90628051757812,7572900
2019-11-11,PTTEP,PTTEP.BK,84.87126159667969,7199100
2019-11-12,PTTEP,PTTEP.BK,85.21627044677734,5024600
2019-11-13,PTTEP,PTTEP.BK,84.5262680053711,5034000
2019-11-14,PTTEP,PTTEP.BK,84.1812515258789,6352400
2019-11-15,PTTEP,PTTEP.BK,83.14623260498047,6604700
2019-11-18,PTTEP,PTTEP.BK,83.83625793457031,5192500
2019-11-19,PTTEP,PTTEP.BK,82.80123901367188,8001100
2019-11-20,PTTEP,PTTEP.BK,81.42121124267578,11578900
2019-11-21,PTTEP,PTTEP.BK,80.73120880126953,9827600
2019-11-22,PTTEP,PTTEP.BK,82.11122131347656,10641900
2019-11-25,PTTEP,PTTEP.BK,82.45623016357422,6015700
2019-11-26,PTTEP,PTTEP.BK,81.42121124267578,13816600
2019-11-27,PTTEP,PTTEP.BK,83.14623260498047,8372600
2019-11-28,PTTEP,PTTEP.BK,82.80123901367188,2793400
2019-11-29,PTTEP,PTTEP.BK,82.80123901367188,7051500
2019-12-02,PTTEP,PTTEP.BK,82.11122131347656,7821700
2019-12-03,PTTEP,PTTEP.BK,81.42121124267578,8397400
2019-12-04,PTTEP,PTTEP.BK,80.73120880126953,11383600
2019-12-06,PTTEP,PTTEP.BK,80.38618469238281,9109800
2019-12-09,PTTEP,PTTEP.BK,81.7662124633789,7163200
2019-12-11,PTTEP,PTTEP.BK,81.42121124267578,4475400
2019-12-12,PTTEP,PTTEP.BK,82.45623016357422,8967100
2019-12-13,PTTEP,PTTEP.BK,85.21627044677734,19590300
2019-12-16,PTTEP,PTTEP.BK,84.5262680053711,7430900
2019-12-17,PTTEP,PTTEP.BK,84.87126159667969,7234300
2019-12-18,PTTEP,PTTEP.BK,85.90628051757812,7864000
2019-12-19,PTTEP,PTTEP.BK,85.90628051757812,6590900
2019-12-20,PTTEP,PTTEP.BK,86.25129699707031,5947100
2019-12-23,PTTEP,PTTEP.BK,86.94129180908203,7353500
2019-12-24,PTTEP,PTTEP.BK,85.561279296875,6782900
2019-12-25,PTTEP,PTTEP.BK,85.90628051757812,2717700
2019-12-26,PTTEP,PTTEP.BK,86.25129699707031,2232700
2019-12-27,PTTEP,PTTEP.BK,85.90628051757812,6900600
2019-12-30,PTTEP,PTTEP.BK,85.90628051757812,4136500
2020-01-02,PTTEP,PTTEP.BK,87.97630310058594,14068500
2020-01-03,PTTEP,PTTEP.BK,89.70134735107422,24409100
2020-01-06,PTTEP,PTTEP.BK,92.11637878417969,25419200
2020-01-07,PTTEP,PTTEP.BK,91.77136993408203,18203700
2020-01-08,PTTEP,PTTEP.BK,92.46138000488281,22929600
2020-01-09,PTTEP,PTTEP.BK,91.77136993408203,22740600
2020-01-10,PTTEP,PTTEP.BK,90.73634338378906,8256900
2020-01-13,PTTEP,PTTEP.BK,90.73634338378906,4948500
2020-01-14,PTTEP,PTTEP.BK,91.08135223388672,9491500
2020-01-15,PTTEP,PTTEP.BK,90.39134216308594,8085700
2020-01-16,PTTEP,PTTEP.BK,90.73634338378906,10159300
2020-01-17,PTTEP,PTTEP.BK,91.08135223388672,10369400
2020-01-20,PTTEP,PTTEP.BK,91.08135223388672,8102600
2020-01-21,PTTEP,PTTEP.BK,90.73634338378906,8767700
2020-01-22,PTTEP,PTTEP.BK,90.39134216308594,9714500
2020-01-23,PTTEP,PTTEP.BK,89.0113296508789,12794600
2020-01-24,PTTEP,PTTEP.BK,88.66632080078125,5221800
2020-01-27,PTTEP,PTTEP.BK,84.5262680053711,21095300
2020-01-28,PTTEP,PTTEP.BK,85.561279296875,11414100
2020-01-29,PTTEP,PTTEP.BK,87.28630828857422,10047200
2020-01-30,PTTEP,PTTEP.BK,86.94129180908203,6548800
2020-01-31,PTTEP,PTTEP.BK,85.90628051757812,8428300
2020-02-03,PTTEP,PTTEP.BK,86.25129699707031,10366400
2020-02-04,PTTEP,PTTEP.BK,85.90628051757812,18665300
2020-02-05,PTTEP,PTTEP.BK,85.90628051757812,13946600
2020-02-06,PTTEP,PTTEP.BK,86.5962905883789,15084700
2020-02-07,PTTEP,PTTEP.BK,85.90628051757812,8405700
2020-02-11,PTTEP,PTTEP.BK,86.5962905883789,9786600
2020-02-12,PTTEP,PTTEP.BK,87.97630310058594,14057800
2020-02-13,PTTEP,PTTEP.BK,88.154052734375,9231100
2020-02-14,PTTEP,PTTEP.BK,88.154052734375,3538900
2020-02-17,PTTEP,PTTEP.BK,88.154052734375,3839700
2020-02-18,PTTEP,PTTEP.BK,87.79857635498047,4251000
2020-02-19,PTTEP,PTTEP.BK,88.86495971679688,18768500
2020-02-20,PTTEP,PTTEP.BK,89.57588958740234,10329900
2020-02-21,PTTEP,PTTEP.BK,89.22042083740234,4893700
2020-02-24,PTTEP,PTTEP.BK,85.31036376953125,14671600
2020-02-25,PTTEP,PTTEP.BK,84.59944915771484,9261800
2020-02-26,PTTEP,PTTEP.BK,80.68938446044922,16779000
2020-02-27,PTTEP,PTTEP.BK,81.7557601928711,11842000
2020-02-28,PTTEP,PTTEP.BK,75.35749053955078,30872400
2020-03-02,PTTEP,PTTEP.BK,76.06841278076172,18653700
2020-03-03,PTTEP,PTTEP.BK,79.62300109863281,19604800
2020-03-04,PTTEP,PTTEP.BK,78.201171875,16230900
2020-03-05,PTTEP,PTTEP.BK,77.84571075439453,9769600
2020-03-06,PTTEP,PTTEP.BK,75.71295928955078,11006400
2020-03-09,PTTEP,PTTEP.BK,53.1412467956543,159362100
2020-03-10,PTTEP,PTTEP.BK,50.11983871459961,94482200
2020-03-11,PTTEP,PTTEP.BK,51.36394500732422,61916700
2020-03-12,PTTEP,PTTEP.BK,42.655181884765625,52468800
2020-03-13,PTTEP,PTTEP.BK,47.09843444824219,54049000
2020-03-16,PTTEP,PTTEP.BK,41.411075592041016,35639400
2020-03-17,PTTEP,PTTEP.BK,41.23334503173828,29864900
2020-03-18,PTTEP,PTTEP.BK,40.52241897583008,35292000
2020-03-19,PTTEP,PTTEP.BK,39.1005859375,29724700
2020-03-20,PTTEP,PTTEP.BK,44.96566390991211,37864900
2020-03-23,PTTEP,PTTEP.BK,39.45603942871094,29225700
2020-03-24,PTTEP,PTTEP.BK,42.121986389160156,26997200
2020-03-25,PTTEP,PTTEP.BK,47.09843444824219,54522000
2020-03-26,PTTEP,PTTEP.BK,47.809349060058594,40668000
2020-03-27,PTTEP,PTTEP.BK,45.85431671142578,25610700
2020-03-30,PTTEP,PTTEP.BK,44.78794479370117,18006500
2020-03-31,PTTEP,PTTEP.BK,47.98707962036133,22577300
2020-04-01,PTTEP,PTTEP.BK,47.631622314453125,21344700
2020-04-02,PTTEP,PTTEP.BK,53.4967041015625,63701600
2020-04-03,PTTEP,PTTEP.BK,56.16266632080078,60727200
2020-04-07,PTTEP,PTTEP.BK,61.67228317260742,46291600
2020-04-08,PTTEP,PTTEP.BK,58.8286018371582,28907000
2020-04-09,PTTEP,PTTEP.BK,56.69584274291992,32736900
2020-04-10,PTTEP,PTTEP.BK,56.69584274291992,23338100
2020-04-13,PTTEP,PTTEP.BK,56.51811599731445,9431900
2020-04-14,PTTEP,PTTEP.BK,57.229042053222656,16996800
2020-04-15,PTTEP,PTTEP.BK,55.62946319580078,21780700
2020-04-16,PTTEP,PTTEP.BK,52.60805892944336,26846400
2020-04-17,PTTEP,PTTEP.BK,54.38535690307617,22788000
2020-04-20,PTTEP,PTTEP.BK,56.16266632080078,23384600
2020-04-21,PTTEP,PTTEP.BK,54.207618713378906,23096400
2020-04-22,PTTEP,PTTEP.BK,53.1412467956543,34765600
2020-04-23,PTTEP,PTTEP.BK,54.02989959716797,21993700
2020-04-24,PTTEP,PTTEP.BK,54.207618713378906,39104000
2020-04-27,PTTEP,PTTEP.BK,54.740821838378906,14440100
2020-04-28,PTTEP,PTTEP.BK,54.740821838378906,10989800
2020-04-29,PTTEP,PTTEP.BK,55.62946319580078,11247700
2020-04-30,PTTEP,PTTEP.BK,60.07271957397461,54003700
2020-05-05,PTTEP,PTTEP.BK,59.717254638671875,25396500
2020-05-07,PTTEP,PTTEP.BK,58.65087890625,23874700
2020-05-08,PTTEP,PTTEP.BK,59.00634002685547,11994300
2020-05-11,PTTEP,PTTEP.BK,59.00634002685547,12085200
2020-05-12,PTTEP,PTTEP.BK,59.717254638671875,12119200
2020-05-13,PTTEP,PTTEP.BK,59.36178970336914,11556100
2020-05-14,PTTEP,PTTEP.BK,58.117679595947266,7696700
2020-05-15,PTTEP,PTTEP.BK,59.36178970336914,15726000
2020-05-18,PTTEP,PTTEP.BK,60.78363037109375,26847500
2020-05-19,PTTEP,PTTEP.BK,62.56093215942383,25045900
2020-05-20,PTTEP,PTTEP.BK,62.916385650634766,8838300
2020-05-21,PTTEP,PTTEP.BK,63.2718620300293,18003600
2020-05-22,PTTEP,PTTEP.BK,60.07271957397461,25915300
2020-05-25,PTTEP,PTTEP.BK,60.78363037109375,8814000
2020-05-26,PTTEP,PTTEP.BK,61.85001754760742,9929000
2020-05-27,PTTEP,PTTEP.BK,61.49454879760742,9993600
2020-05-28,PTTEP,PTTEP.BK,59.894981384277344,13580400
2020-05-29,PTTEP,PTTEP.BK,59.717254638671875,16792300
2020-06-01,PTTEP,PTTEP.BK,61.67228317260742,17599000
2020-06-02,PTTEP,PTTEP.BK,63.2718620300293,18882500
2020-06-04,PTTEP,PTTEP.BK,65.93781280517578,29341900
2020-06-05,PTTEP,PTTEP.BK,70.20331573486328,61244200
2020-06-08,PTTEP,PTTEP.BK,72.1583480834961,41836000
2020-06-09,PTTEP,PTTEP.BK,67.8928451538086,35895400
2020-06-10,PTTEP,PTTEP.BK,68.426025390625,20906200
2020-06-11,PTTEP,PTTEP.BK,66.47100067138672,20046200
2020-06-12,PTTEP,PTTEP.BK,64.69369506835938,27257900
2020-06-15,PTTEP,PTTEP.BK,61.85001754760742,21498900
2020-06-16,PTTEP,PTTEP.BK,66.82645416259766,38629400
2020-06-17,PTTEP,PTTEP.BK,66.64872741699219,24422800
2020-06-18,PTTEP,PTTEP.BK,66.82645416259766,10794100
2020-06-19,PTTEP,PTTEP.BK,67.8928451538086,25139000
2020-06-22,PTTEP,PTTEP.BK,68.070556640625,25786600
2020-06-23,PTTEP,PTTEP.BK,68.426025390625,13122600
2020-06-24,PTTEP,PTTEP.BK,65.93781280517578,13932100
2020-06-25,PTTEP,PTTEP.BK,64.87142181396484,15119600
2020-06-26,PTTEP,PTTEP.BK,65.76007843017578,7000700
2020-06-29,PTTEP,PTTEP.BK,64.87142181396484,9177800
2020-06-30,PTTEP,PTTEP.BK,65.22689056396484,13362900
2020-07-01,PTTEP,PTTEP.BK,67.8928451538086,18172100
2020-07-02,PTTEP,PTTEP.BK,68.070556640625,19005700
2020-07-03,PTTEP,PTTEP.BK,67.71510314941406,8517000
2020-07-07,PTTEP,PTTEP.BK,67.8928451538086,15858600
2020-07-08,PTTEP,PTTEP.BK,65.93781280517578,14517400
2020-07-09,PTTEP,PTTEP.BK,65.76007843017578,5137800
2020-07-10,PTTEP,PTTEP.BK,64.69369506835938,15633400
2020-07-13,PTTEP,PTTEP.BK,65.22689056396484,11733400
2020-07-14,PTTEP,PTTEP.BK,65.76007843017578,8563700
2020-07-15,PTTEP,PTTEP.BK,67.71510314941406,20188300
2020-07-16,PTTEP,PTTEP.BK,66.47100067138672,9885500
2020-07-17,PTTEP,PTTEP.BK,66.82645416259766,7090700
2020-07-20,PTTEP,PTTEP.BK,66.64872741699219,7265800
2020-07-21,PTTEP,PTTEP.BK,68.603759765625,19636900
2020-07-22,PTTEP,PTTEP.BK,66.82645416259766,14587600
2020-07-23,PTTEP,PTTEP.BK,68.070556640625,14721600
2020-07-24,PTTEP,PTTEP.BK,66.29327392578125,11544700
2020-07-29,PTTEP,PTTEP.BK,65.22689056396484,10451500
2020-07-30,PTTEP,PTTEP.BK,63.982765197753906,14946100
2020-07-31,PTTEP,PTTEP.BK,64.69369506835938,12270800
2020-08-03,PTTEP,PTTEP.BK,63.2718620300293,11244000
2020-08-04,PTTEP,PTTEP.BK,63.62730407714844,11946400
2020-08-05,PTTEP,PTTEP.BK,67.00418853759766,29521200
2020-08-06,PTTEP,PTTEP.BK,66.11552429199219,13709200
2020-08-07,PTTEP,PTTEP.BK,66.82645416259766,15252200
2020-08-10,PTTEP,PTTEP.BK,67.00418853759766,6715600
2020-08-11,PTTEP,PTTEP.BK,67.71510314941406,14695100
2020-08-13,PTTEP,PTTEP.BK,68.4374008178711,9622800
2020-08-14,PTTEP,PTTEP.BK,66.45108032226562,8026200
2020-08-17,PTTEP,PTTEP.BK,66.45108032226562,3316300
2020-08-18,PTTEP,PTTEP.BK,67.35395050048828,5403100
2020-08-19,PTTEP,PTTEP.BK,66.45108032226562,7863300
2020-08-20,PTTEP,PTTEP.BK,65.00650024414062,8522100
2020-08-21,PTTEP,PTTEP.BK,64.10363006591797,7728300
2020-08-24,PTTEP,PTTEP.BK,65.36763000488281,8806400
2020-08-25,PTTEP,PTTEP.BK,65.90937042236328,11405000
2020-08-26,PTTEP,PTTEP.BK,65.90937042236328,9653700
2020-08-27,PTTEP,PTTEP.BK,65.90937042236328,11539300
2020-08-28,PTTEP,PTTEP.BK,64.64535522460938,9564800
2020-08-31,PTTEP,PTTEP.BK,64.2842025756836,7703600
2020-09-01,PTTEP,PTTEP.BK,63.92304992675781,7886200
2020-09-02,PTTEP,PTTEP.BK,64.825927734375,9618800
2020-09-03,PTTEP,PTTEP.BK,63.56189727783203,10054300
2020-09-08,PTTEP,PTTEP.BK,61.75616455078125,9054100
2020-09-09,PTTEP,PTTEP.BK,60.131004333496094,17198100
2020-09-10,PTTEP,PTTEP.BK,60.131004333496094,7047300
2020-09-11,PTTEP,PTTEP.BK,59.22814178466797,8875300
2020-09-14,PTTEP,PTTEP.BK,59.76986312866211,7571800
2020-09-15,PTTEP,PTTEP.BK,61.936744689941406,16701500
2020-09-16,PTTEP,PTTEP.BK,63.02018356323242,12561100
2020-09-17,PTTEP,PTTEP.BK,63.02018356323242,6976800
2020-09-18,PTTEP,PTTEP.BK,63.381343841552734,11653800
2020-09-21,PTTEP,PTTEP.BK,61.75616455078125,6396900
2020-09-22,PTTEP,PTTEP.BK,61.214447021484375,8860900
2020-09-23,PTTEP,PTTEP.BK,59.58929443359375,12168900
2020-09-24,PTTEP,PTTEP.BK,58.14469909667969,14472300
2020-09-25,PTTEP,PTTEP.BK,56.88068771362305,13634900
2020-09-28,PTTEP,PTTEP.BK,59.04756164550781,8243600
2020-09-29,PTTEP,PTTEP.BK,58.14469909667969,7154900
2020-09-30,PTTEP,PTTEP.BK,57.061248779296875,7974300
2020-10-01,PTTEP,PTTEP.BK,57.42240524291992,9772300
2020-10-02,PTTEP,PTTEP.BK,54.172080993652344,22980400
2020-10-05,PTTEP,PTTEP.BK,55.436100006103516,10782000
2020-10-06,PTTEP,PTTEP.BK,59.408714294433594,33105100
2020-10-07,PTTEP,PTTEP.BK,58.5058479309082,17108200
2020-10-08,PTTEP,PTTEP.BK,59.408714294433594,11359100
2020-10-09,PTTEP,PTTEP.BK,60.31158447265625,13008700
2020-10-12,PTTEP,PTTEP.BK,59.408714294433594,9657000
2020-10-14,PTTEP,PTTEP.BK,58.32526779174805,9803000
2020-10-15,PTTEP,PTTEP.BK,58.14469909667969,11334200
2020-10-16,PTTEP,PTTEP.BK,57.96412658691406,6707100
2020-10-19,PTTEP,PTTEP.BK,56.5195426940918,12806800
2020-10-20,PTTEP,PTTEP.BK,56.15839767456055,13685900
2020-10-21,PTTEP,PTTEP.BK,57.783546447753906,16006800
2020-10-22,PTTEP,PTTEP.BK,58.86699295043945,20007500
2020-10-26,PTTEP,PTTEP.BK,57.60297393798828,8754700
2020-10-27,PTTEP,PTTEP.BK,57.42240524291992,8532700
2020-10-28,PTTEP,PTTEP.BK,56.700111389160156,11855700
2020-10-29,PTTEP,PTTEP.BK,57.061248779296875,9855500
2020-10-30,PTTEP,PTTEP.BK,56.88068771362305,9929000
2020-11-02,PTTEP,PTTEP.BK,56.338966369628906,4680800
2020-11-03,PTTEP,PTTEP.BK,58.32526779174805,14749300
2020-11-04,PTTEP,PTTEP.BK,58.86699295043945,13483900
2020-11-05,PTTEP,PTTEP.BK,59.76986312866211,16789100
2020-11-06,PTTEP,PTTEP.BK,59.76986312866211,11777500
2020-11-09,PTTEP,PTTEP.BK,60.6727294921875,18549900
2020-11-10,PTTEP,PTTEP.BK,65.54822540283203,37420800
2020-11-11,PTTEP,PTTEP.BK,66.08993530273438,23614300
2020-11-12,PTTEP,PTTEP.BK,65.36763000488281,16507000
2020-11-13,PTTEP,PTTEP.BK,65.18706512451172,11606600
2020-11-16,PTTEP,PTTEP.BK,66.08993530273438,9300800
2020-11-17,PTTEP,PTTEP.BK,65.90937042236328,16472000
2020-11-18,PTTEP,PTTEP.BK,67.17338562011719,11259700
2020-11-19,PTTEP,PTTEP.BK,66.63166046142578,16389300
2020-11-20,PTTEP,PTTEP.BK,67.71510314941406,12103800
2020-11-23,PTTEP,PTTEP.BK,71.14599609375,34761700
2020-11-24,PTTEP,PTTEP.BK,69.88198852539062,35846900
2020-11-25,PTTEP,PTTEP.BK,72.95173645019531,45032100
2020-11-26,PTTEP,PTTEP.BK,73.3128890991211,17428100
2020-11-27,PTTEP,PTTEP.BK,72.59059143066406,8603800
2020-11-30,PTTEP,PTTEP.BK,69.88198852539062,22479800
2020-12-01,PTTEP,PTTEP.BK,71.14599609375,15647400
2020-12-02,PTTEP,PTTEP.BK,71.14599609375,20436400
2020-12-03,PTTEP,PTTEP.BK,71.50714874267578,23989700
2020-12-04,PTTEP,PTTEP.BK,73.3128890991211,19458500
2020-12-08,PTTEP,PTTEP.BK,75.47977447509766,28430600
2020-12-09,PTTEP,PTTEP.BK,74.39631652832031,16104600
2020-12-14,PTTEP,PTTEP.BK,73.67403411865234,16008800
2020-12-15,PTTEP,PTTEP.BK,73.67403411865234,15895800
2020-12-16,PTTEP,PTTEP.BK,74.0351791381836,11970900
2020-12-17,PTTEP,PTTEP.BK,73.67403411865234,14642100
2020-12-18,PTTEP,PTTEP.BK,72.59059143066406,16397900
2020-12-21,PTTEP,PTTEP.BK,69.34026336669922,16887100
2020-12-22,PTTEP,PTTEP.BK,70.4237060546875,18816800
2020-12-23,PTTEP,PTTEP.BK,68.79853820800781,9221700
2020-12-24,PTTEP,PTTEP.BK,69.15969848632812,10765900
2020-12-25,PTTEP,PTTEP.BK,69.701416015625,7415000
2020-12-28,PTTEP,PTTEP.BK,68.61795806884766,6803000
2020-12-29,PTTEP,PTTEP.BK,70.60427856445312,8190100
2020-12-30,PTTEP,PTTEP.BK,70.9654312133789,12600400
2021-01-04,PTTEP,PTTEP.BK,71.32656860351562,13260100
2021-01-05,PTTEP,PTTEP.BK,72.22943878173828,20518500
2021-01-06,PTTEP,PTTEP.BK,75.47977447509766,39815100
2021-01-07,PTTEP,PTTEP.BK,75.11862182617188,15895000
2021-01-08,PTTEP,PTTEP.BK,75.47977447509766,9629200
2021-01-11,PTTEP,PTTEP.BK,74.75746154785156,11675400
2021-01-12,PTTEP,PTTEP.BK,77.28549194335938,26067200
2021-01-13,PTTEP,PTTEP.BK,81.25811767578125,38277800
2021-01-14,PTTEP,PTTEP.BK,81.6192855834961,23587700
2021-01-15,PTTEP,PTTEP.BK,80.17467498779297,21929700
2021-01-18,PTTEP,PTTEP.BK,80.17467498779297,16453500
2021-01-19,PTTEP,PTTEP.BK,81.6192855834961,14573700
2021-01-20,PTTEP,PTTEP.BK,81.25811767578125,16043200
2021-01-21,PTTEP,PTTEP.BK,81.25811767578125,7330500
2021-01-22,PTTEP,PTTEP.BK,80.53582763671875,14982900
2021-01-25,PTTEP,PTTEP.BK,79.81353759765625,9650100
2021-01-26,PTTEP,PTTEP.BK,80.89697265625,11489700
2021-01-27,PTTEP,PTTEP.BK,79.45238494873047,6577600
2021-01-28,PTTEP,PTTEP.BK,78.0077896118164,11044700
2021-01-29,PTTEP,PTTEP.BK,74.75746154785156,27572100
2021-02-01,PTTEP,PTTEP.BK,76.92436218261719,19301800
2021-02-02,PTTEP,PTTEP.BK,77.28549194335938,14301600
2021-02-03,PTTEP,PTTEP.BK,77.64664459228516,14385900
2021-02-04,PTTEP,PTTEP.BK,78.73009490966797,10887400
2021-02-05,PTTEP,PTTEP.BK,78.73009490966797,10788400
2021-02-08,PTTEP,PTTEP.BK,79.09123992919922,10683800
2021-02-09,PTTEP,PTTEP.BK,80.17467498779297,19019400
2021-02-10,PTTEP,PTTEP.BK,80.17467498779297,7259600
2021-02-11,PTTEP,PTTEP.BK,80.53582763671875,20131900
2021-02-15,PTTEP,PTTEP.BK,83.06385803222656,16403800
2021-02-16,PTTEP,PTTEP.BK,82.34156799316406,10713800
2021-02-17,PTTEP,PTTEP.BK,81.6192855834961,8288400
2021-02-18,PTTEP,PTTEP.BK,82.34156799316406,8648400
2021-02-19,PTTEP,PTTEP.BK,80.53582763671875,10090600
2021-02-22,PTTEP,PTTEP.BK,79.81353759765625,10449600
2021-02-23,PTTEP,PTTEP.BK,82.34156799316406,18146200
2021-02-24,PTTEP,PTTEP.BK,81.98041534423828,8443500
2021-02-25,PTTEP,PTTEP.BK,83.06385803222656,15942100
2021-03-01,PTTEP,PTTEP.BK,85.09883117675781,13418800
2021-03-02,PTTEP,PTTEP.BK,83.24885559082031,8790000
2021-03-03,PTTEP,PTTEP.BK,83.98884582519531,10420200
2021-03-04,PTTEP,PTTEP.BK,83.98884582519531,11056200
2021-03-05,PTTEP,PTTEP.BK,85.83882141113281,30073800
2021-03-08,PTTEP,PTTEP.BK,88.05878448486328,27669700
2021-03-09,PTTEP,PTTEP.BK,88.05878448486328,12609600
2021-03-10,PTTEP,PTTEP.BK,87.68879699707031,8497000
2021-03-11,PTTEP,PTTEP.BK,88.42877960205078,7137000
2021-03-12,PTTEP,PTTEP.BK,88.05878448486328,7829200
2021-03-15,PTTEP,PTTEP.BK,88.42877960205078,11847100
2021-03-16,PTTEP,PTTEP.BK,85.83882141113281,12938700
2021-03-17,PTTEP,PTTEP.BK,87.31880187988281,12850700
2021-03-18,PTTEP,PTTEP.BK,86.20881652832031,7578400
2021-03-19,PTTEP,PTTEP.BK,85.09883117675781,21411800
2021-03-22,PTTEP,PTTEP.BK,84.72882843017578,9439200
2021-03-23,PTTEP,PTTEP.BK,83.61886596679688,8161300
2021-03-24,PTTEP,PTTEP.BK,83.24885559082031,13493400
2021-03-25,PTTEP,PTTEP.BK,84.35884094238281,9448300
2021-03-26,PTTEP,PTTEP.BK,83.98884582519531,5630200
2021-03-29,PTTEP,PTTEP.BK,84.72882843017578,8157600
2021-03-30,PTTEP,PTTEP.BK,84.35884094238281,8493600
2021-03-31,PTTEP,PTTEP.BK,84.35884094238281,4310800
2021-04-01,PTTEP,PTTEP.BK,84.72882843017578,4568000
2021-04-02,PTTEP,PTTEP.BK,85.83882141113281,6515700
2021-04-05,PTTEP,PTTEP.BK,84.35884094238281,5822500
2021-04-07,PTTEP,PTTEP.BK,83.98884582519531,8143400
2021-04-08,PTTEP,PTTEP.BK,82.13886260986328,10106200
2021-04-09,PTTEP,PTTEP.BK,82.50886535644531,9813200
2021-04-12,PTTEP,PTTEP.BK,82.50886535644531,6202100
2021-04-16,PTTEP,PTTEP.BK,85.83882141113281,23511000
2021-04-19,PTTEP,PTTEP.BK,85.46881866455078,6332800
2021-04-20,PTTEP,PTTEP.BK,85.46881866455078,5918500
2021-04-21,PTTEP,PTTEP.BK,84.72882843017578,4489000
2021-04-22,PTTEP,PTTEP.BK,84.72882843017578,10020000
2021-04-23,PTTEP,PTTEP.BK,83.61886596679688,7685600
2021-04-26,PTTEP,PTTEP.BK,84.35884094238281,7300900
2021-04-27,PTTEP,PTTEP.BK,84.72882843017578,4703500
2021-04-28,PTTEP,PTTEP.BK,85.83882141113281,14697800
2021-04-29,PTTEP,PTTEP.BK,87.31880187988281,24731500
2021-04-30,PTTEP,PTTEP.BK,88.05878448486328,11799600
2021-05-05,PTTEP,PTTEP.BK,86.94879150390625,19480100
2021-05-06,PTTEP,PTTEP.BK,88.42877960205078,9161100
2021-05-07,PTTEP,PTTEP.BK,88.79878997802734,9481200
2021-05-10,PTTEP,PTTEP.BK,89.90874481201172,8326500
2021-05-11,PTTEP,PTTEP.BK,89.53877258300781,6022000
2021-05-12,PTTEP,PTTEP.BK,88.42877960205078,6011000
2021-05-13,PTTEP,PTTEP.BK,88.42877960205078,7909300
2021-05-14,PTTEP,PTTEP.BK,88.05878448486328,10052700
2021-05-17,PTTEP,PTTEP.BK,87.68879699707031,3675800
2021-05-18,PTTEP,PTTEP.BK,89.53877258300781,13821300
2021-05-19,PTTEP,PTTEP.BK,88.42877960205078,8228600
2021-05-20,PTTEP,PTTEP.BK,85.83882141113281,15650800
2021-05-21,PTTEP,PTTEP.BK,86.20881652832031,10190200
2021-05-24,PTTEP,PTTEP.BK,86.57880401611328,4088300
2021-05-25,PTTEP,PTTEP.BK,87.68879699707031,7160000
2021-05-27,PTTEP,PTTEP.BK,86.57880401611328,17044800
2021-05-28,PTTEP,PTTEP.BK,86.94879150390625,5240500
2021-05-31,PTTEP,PTTEP.BK,87.68879699707031,3785700
2021-06-01,PTTEP,PTTEP.BK,88.42877960205078,15951500
2021-06-02,PTTEP,PTTEP.BK,89.16878509521484,9001200
2021-06-04,PTTEP,PTTEP.BK,89.16878509521484,6002000
2021-06-07,PTTEP,PTTEP.BK,88.79878997802734,3728500
2021-06-08,PTTEP,PTTEP.BK,89.53877258300781,6683500
2021-06-09,PTTEP,PTTEP.BK,89.53877258300781,12319400
2021-06-10,PTTEP,PTTEP.BK,88.79878997802734,6755700
2021-06-11,PTTEP,PTTEP.BK,89.53877258300781,3780800
2021-06-14,PTTEP,PTTEP.BK,88.79878997802734,3302400
2021-06-15,PTTEP,PTTEP.BK,88.42877960205078,6374200
2021-06-16,PTTEP,PTTEP.BK,89.53877258300781,26583800
2021-06-17,PTTEP,PTTEP.BK,89.16878509521484,4746400
2021-06-18,PTTEP,PTTEP.BK,87.31880187988281,17581200
2021-06-21,PTTEP,PTTEP.BK,86.57880401611328,9068700
2021-06-22,PTTEP,PTTEP.BK,88.05878448486328,8830700
2021-06-23,PTTEP,PTTEP.BK,88.05878448486328,4531500
2021-06-24,PTTEP,PTTEP.BK,88.79878997802734,5972200
2021-06-25,PTTEP,PTTEP.BK,89.16878509521484,8829900
2021-06-28,PTTEP,PTTEP.BK,88.05878448486328,4721100
2021-06-29,PTTEP,PTTEP.BK,88.05878448486328,12553100
2021-06-30,PTTEP,PTTEP.BK,86.57880401611328,6914700
2021-07-01,PTTEP,PTTEP.BK,87.31880187988281,5795900
2021-07-02,PTTEP,PTTEP.BK,87.31880187988281,8158700
2021-07-05,PTTEP,PTTEP.BK,88.05878448486328,2860900
2021-07-06,PTTEP,PTTEP.BK,89.90874481201172,15313200
2021-07-07,PTTEP,PTTEP.BK,87.68879699707031,11039000
2021-07-08,PTTEP,PTTEP.BK,84.72882843017578,27933900
2021-07-09,PTTEP,PTTEP.BK,83.61886596679688,10342300
2021-07-12,PTTEP,PTTEP.BK,82.87885284423828,7969700
2021-07-13,PTTEP,PTTEP.BK,84.35884094238281,4779200
2021-07-14,PTTEP,PTTEP.BK,82.50886535644531,9408600
2021-07-15,PTTEP,PTTEP.BK,81.76887512207031,5517800
2021-07-16,PTTEP,PTTEP.BK,82.87885284423828,6076300
2021-07-19,PTTEP,PTTEP.BK,81.02888488769531,8701400
2021-07-20,PTTEP,PTTEP.BK,79.54889678955078,12654000
2021-07-21,PTTEP,PTTEP.BK,79.91889190673828,7927300
2021-07-22,PTTEP,PTTEP.BK,80.28889465332031,5881800
2021-07-23,PTTEP,PTTEP.BK,79.91889190673828,2851600
2021-07-27,PTTEP,PTTEP.BK,79.17890167236328,5193200
2021-07-29,PTTEP,PTTEP.BK,79.54889678955078,5413200
2021-07-30,PTTEP,PTTEP.BK,76.21894836425781,16566400
2021-08-02,PTTEP,PTTEP.BK,78.06892395019531,6584400
2021-08-03,PTTEP,PTTEP.BK,78.06892395019531,6307400
2021-08-04,PTTEP,PTTEP.BK,78.43892669677734,2980200
2021-08-05,PTTEP,PTTEP.BK,77.32894134521484,5950500
2021-08-06,PTTEP,PTTEP.BK,77.32894134521484,7265900
2021-08-09,PTTEP,PTTEP.BK,77.69893646240234,5180400
2021-08-10,PTTEP,PTTEP.BK,78.80892181396484,6720900
2021-08-11,PTTEP,PTTEP.BK,78.05474853515625,7323400
2021-08-13,PTTEP,PTTEP.BK,77.67768096923828,5112600
2021-08-16,PTTEP,PTTEP.BK,78.80892944335938,5211700
2021-08-17,PTTEP,PTTEP.BK,78.05474853515625,7208000
2021-08-18,PTTEP,PTTEP.BK,78.43183135986328,4993800
2021-08-19,PTTEP,PTTEP.BK,77.30061340332031,8343800
2021-08-20,PTTEP,PTTEP.BK,75.79231262207031,9366100
2021-08-23,PTTEP,PTTEP.BK,78.80892944335938,11986400
2021-08-24,PTTEP,PTTEP.BK,81.82553100585938,26947000
2021-08-25,PTTEP,PTTEP.BK,81.82553100585938,6280900
2021-08-26,PTTEP,PTTEP.BK,80.69429779052734,3411800
2021-08-27,PTTEP,PTTEP.BK,81.82553100585938,5632800
2021-08-30,PTTEP,PTTEP.BK,85.59628295898438,18303000
2021-08-31,PTTEP,PTTEP.BK,84.08798217773438,9230500
2021-09-01,PTTEP,PTTEP.BK,82.57967376708984,9287800
2021-09-02,PTTEP,PTTEP.BK,82.95675659179688,3780200
2021-09-03,PTTEP,PTTEP.BK,82.95675659179688,7086700
2021-09-06,PTTEP,PTTEP.BK,81.82553100585938,4623500
2021-09-07,PTTEP,PTTEP.BK,81.44844818115234,6863300
2021-09-08,PTTEP,PTTEP.BK,80.31722259521484,9890900
2021-09-09,PTTEP,PTTEP.BK,79.94014739990234,6329700
2021-09-10,PTTEP,PTTEP.BK,80.31722259521484,9451500
2021-09-13,PTTEP,PTTEP.BK,81.44844818115234,9511800
2021-09-14,PTTEP,PTTEP.BK,84.84212493896484,14996100
2021-09-15,PTTEP,PTTEP.BK,84.84212493896484,8198700
2021-09-16,PTTEP,PTTEP.BK,85.21923065185547,13578300
2021-09-17,PTTEP,PTTEP.BK,85.21923065185547,11695700
2021-09-20,PTTEP,PTTEP.BK,84.08798217773438,7253000
2021-09-21,PTTEP,PTTEP.BK,84.84212493896484,5711900
2021-09-22,PTTEP,PTTEP.BK,84.84212493896484,5522500
2021-09-23,PTTEP,PTTEP.BK,85.21923065185547,8709600
2021-09-27,PTTEP,PTTEP.BK,88.2358169555664,25185600
2021-09-28,PTTEP,PTTEP.BK,89.7441177368164,34817500
2021-09-29,PTTEP,PTTEP.BK,89.7441177368164,13055700
2021-09-30,PTTEP,PTTEP.BK,88.6128921508789,11996900
2021-10-01,PTTEP,PTTEP.BK,88.6128921508789,6762900
2021-10-04,PTTEP,PTTEP.BK,90.12120819091797,11821100
2021-10-05,PTTEP,PTTEP.BK,90.87535095214844,13944300
2021-10-06,PTTEP,PTTEP.BK,92.006591796875,15767200
2021-10-07,PTTEP,PTTEP.BK,90.87535095214844,18083000
2021-10-08,PTTEP,PTTEP.BK,91.62950134277344,10458800
2021-10-11,PTTEP,PTTEP.BK,93.13780975341797,16482400
2021-10-12,PTTEP,PTTEP.BK,92.76072692871094,10691300
2021-10-14,PTTEP,PTTEP.BK,93.13780975341797,11601600
2021-10-15,PTTEP,PTTEP.BK,93.51488494873047,8952300
2021-10-18,PTTEP,PTTEP.BK,93.89195251464844,10244200
2021-10-19,PTTEP,PTTEP.BK,92.76072692871094,9169400
2021-10-20,PTTEP,PTTEP.BK,93.13780975341797,12026600
2021-10-21,PTTEP,PTTEP.BK,94.64611053466797,11341400
2021-10-25,PTTEP,PTTEP.BK,92.38365936279297,7804600
2021-10-26,PTTEP,PTTEP.BK,93.51488494873047,10225400
2021-10-27,PTTEP,PTTEP.BK,91.62950134277344,10778600
2021-10-28,PTTEP,PTTEP.BK,89.36705017089844,17312100
2021-10-29,PTTEP,PTTEP.BK,88.6128921508789,7216500
2021-11-01,PTTEP,PTTEP.BK,87.8587417602539,16117500
2021-11-02,PTTEP,PTTEP.BK,89.36705017089844,8821000
2021-11-03,PTTEP,PTTEP.BK,88.6128921508789,7115500
2021-11-04,PTTEP,PTTEP.BK,88.9899673461914,14624200
2021-11-05,PTTEP,PTTEP.BK,88.6128921508789,4950800
2021-11-08,PTTEP,PTTEP.BK,89.7441177368164,6310500
2021-11-09,PTTEP,PTTEP.BK,90.12120819091797,6062700
2021-11-10,PTTEP,PTTEP.BK,90.87535095214844,8386400
2021-11-11,PTTEP,PTTEP.BK,90.12120819091797,3588900
2021-11-12,PTTEP,PTTEP.BK,88.6128921508789,5556400
2021-11-15,PTTEP,PTTEP.BK,89.36705017089844,5867400
2021-11-16,PTTEP,PTTEP.BK,89.36705017089844,6750100
2021-11-17,PTTEP,PTTEP.BK,89.7441177368164,9044800
2021-11-18,PTTEP,PTTEP.BK,89.36705017089844,15888900
2021-11-19,PTTEP,PTTEP.BK,89.7441177368164,5586100
2021-11-22,PTTEP,PTTEP.BK,88.6128921508789,12525500
2021-11-23,PTTEP,PTTEP.BK,88.9899673461914,8363700
2021-11-24,PTTEP,PTTEP.BK,89.7441177368164,8065500
2021-11-25,PTTEP,PTTEP.BK,88.9899673461914,2986500
2021-11-26,PTTEP,PTTEP.BK,87.8587417602539,15998400
2021-11-29,PTTEP,PTTEP.BK,85.59628295898438,14118600
2021-11-30,PTTEP,PTTEP.BK,85.59628295898438,14678200
2021-12-01,PTTEP,PTTEP.BK,88.9899673461914,13156400
2021-12-02,PTTEP,PTTEP.BK,88.9899673461914,8059100
2021-12-03,PTTEP,PTTEP.BK,88.6128921508789,9452300
2021-12-07,PTTEP,PTTEP.BK,88.6128921508789,4889000
2021-12-08,PTTEP,PTTEP.BK,88.9899673461914,7903600
2021-12-09,PTTEP,PTTEP.BK,89.36705017089844,3708800
2021-12-13,PTTEP,PTTEP.BK,90.12120819091797,5996000
2021-12-14,PTTEP,PTTEP.BK,90.49828338623047,7542500
2021-12-15,PTTEP,PTTEP.BK,89.36705017089844,6626800
2021-12-16,PTTEP,PTTEP.BK,90.12120819091797,5123200
2021-12-17,PTTEP,PTTEP.BK,90.49828338623047,6402500
2021-12-20,PTTEP,PTTEP.BK,87.8587417602539,6179700
2021-12-21,PTTEP,PTTEP.BK,88.6128921508789,3491500
2021-12-22,PTTEP,PTTEP.BK,88.2358169555664,4982100
2021-12-23,PTTEP,PTTEP.BK,88.9899673461914,4270300
2021-12-24,PTTEP,PTTEP.BK,88.6128921508789,3150300
2021-12-27,PTTEP,PTTEP.BK,88.9899673461914,2053200
2021-12-28,PTTEP,PTTEP.BK,89.7441177368164,3632900
2021-12-29,PTTEP,PTTEP.BK,89.36705017089844,4481900
2021-12-30,PTTEP,PTTEP.BK,88.9899673461914,3970500
2022-01-04,PTTEP,PTTEP.BK,90.12120819091797,8691800
2022-01-05,PTTEP,PTTEP.BK,90.87535095214844,26588100
2022-01-06,PTTEP,PTTEP.BK,90.12120819091797,10200300
2022-01-07,PTTEP,PTTEP.BK,93.51488494873047,26265600
2022-01-10,PTTEP,PTTEP.BK,92.38365936279297,9596300
2022-01-11,PTTEP,PTTEP.BK,93.13780975341797,4134100
2022-01-12,PTTEP,PTTEP.BK,93.13780975341797,19466200
2022-01-13,PTTEP,PTTEP.BK,93.13780975341797,7788400
2022-01-14,PTTEP,PTTEP.BK,93.13780975341797,8032800
2022-01-17,PTTEP,PTTEP.BK,92.38365936279297,5775800
2022-01-18,PTTEP,PTTEP.BK,95.40026092529297,20667100
2022-01-19,PTTEP,PTTEP.BK,96.1544189453125,26589700
2022-01-20,PTTEP,PTTEP.BK,96.53150177001953,8541700
2022-01-21,PTTEP,PTTEP.BK,95.77734375,10171800
2022-01-24,PTTEP,PTTEP.BK,93.51488494873047,18533700
2022-01-25,PTTEP,PTTEP.BK,94.26903533935547,8044200
2022-01-26,PTTEP,PTTEP.BK,96.1544189453125,15520900
2022-01-27,PTTEP,PTTEP.BK,95.77734375,4420000
2022-01-28,PTTEP,PTTEP.BK,96.53150177001953,12663700
2022-01-31,PTTEP,PTTEP.BK,97.6627197265625,12593800
2022-02-01,PTTEP,PTTEP.BK,96.9085693359375,6375300
2022-02-02,PTTEP,PTTEP.BK,95.77734375,9399000
2022-02-03,PTTEP,PTTEP.BK,97.28565216064453,9479200
2022-02-04,PTTEP,PTTEP.BK,98.41686248779297,12582000
2022-02-07,PTTEP,PTTEP.BK,98.79396057128906,9637300
2022-02-08,PTTEP,PTTEP.BK,101.05640411376953,28260200
2022-02-09,PTTEP,PTTEP.BK,100.6793212890625,23381500
2022-02-10,PTTEP,PTTEP.BK,101.45082092285156,17958500
2022-02-11,PTTEP,PTTEP.BK,101.06507110595703,15811500
2022-02-14,PTTEP,PTTEP.BK,102.9937973022461,17672300
2022-02-15,PTTEP,PTTEP.BK,102.6080551147461,12893000
2022-02-17,PTTEP,PTTEP.BK,101.45082092285156,15220200
2022-02-18,PTTEP,PTTEP.BK,100.29358673095703,8932000
2022-02-21,PTTEP,PTTEP.BK,97.9791259765625,8450200
2022-02-22,PTTEP,PTTEP.BK,99.90784454345703,17657400
2022-02-23,PTTEP,PTTEP.BK,98.7506103515625,10957100
2022-02-24,PTTEP,PTTEP.BK,102.2223129272461,30169500
2022-02-25,PTTEP,PTTEP.BK,102.2223129272461,13767400
2022-02-28,PTTEP,PTTEP.BK,105.30825805664062,24080000
2022-03-01,PTTEP,PTTEP.BK,106.07976531982422,24716000
2022-03-02,PTTEP,PTTEP.BK,115.33761596679688,61399000
2022-03-03,PTTEP,PTTEP.BK,116.10911560058594,46068600
2022-03-04,PTTEP,PTTEP.BK,116.10911560058594,20731500
2022-03-07,PTTEP,PTTEP.BK,118.4235610961914,44222500
2022-03-08,PTTEP,PTTEP.BK,117.6520767211914,25526800
2022-03-09,PTTEP,PTTEP.BK,112.63742065429688,45791400
2022-03-10,PTTEP,PTTEP.BK,113.02316284179688,47348800
2022-03-11,PTTEP,PTTEP.BK,115.33761596679688,15013600
2022-03-14,PTTEP,PTTEP.BK,114.1803970336914,13276900
2022-03-15,PTTEP,PTTEP.BK,112.2516860961914,25259600
2022-03-16,PTTEP,PTTEP.BK,113.40890502929688,30286000
2022-03-17,PTTEP,PTTEP.BK,110.70869445800781,23071600
2022-03-18,PTTEP,PTTEP.BK,111.86592102050781,29451600
2022-03-21,PTTEP,PTTEP.BK,112.63742065429688,11407300
2022-03-22,PTTEP,PTTEP.BK,116.10911560058594,29994600
2022-03-23,PTTEP,PTTEP.BK,117.26634979248047,13819600
2022-03-24,PTTEP,PTTEP.BK,118.80931854248047,17913600
2022-03-25,PTTEP,PTTEP.BK,116.88060760498047,9700500
2022-03-28,PTTEP,PTTEP.BK,116.49485778808594,6023300
2022-03-29,PTTEP,PTTEP.BK,116.10911560058594,13700900
2022-03-30,PTTEP,PTTEP.BK,114.1803970336914,22188600
2022-03-31,PTTEP,PTTEP.BK,111.09442138671875,16657400
2022-04-01,PTTEP,PTTEP.BK,112.63742065429688,9786600
2022-04-04,PTTEP,PTTEP.BK,112.2516860961914,9381300
2022-04-05,PTTEP,PTTEP.BK,112.63742065429688,15250300
2022-04-07,PTTEP,PTTEP.BK,112.63742065429688,8162800
2022-04-08,PTTEP,PTTEP.BK,110.32293701171875,11136800
2022-04-11,PTTEP,PTTEP.BK,112.63742065429688,9506900
2022-04-12,PTTEP,PTTEP.BK,110.70869445800781,7713300
2022-04-18,PTTEP,PTTEP.BK,115.72337341308594,17391100
2022-04-19,PTTEP,PTTEP.BK,117.26634979248047,16481600
2022-04-20,PTTEP,PTTEP.BK,114.56611633300781,10209400
2022-04-21,PTTEP,PTTEP.BK,114.1803970336914,9146200
2022-04-22,PTTEP,PTTEP.BK,112.63742065429688,5436800
2022-04-25,PTTEP,PTTEP.BK,111.48017883300781,11087200
2022-04-26,PTTEP,PTTEP.BK,111.48017883300781,11860100
2022-04-27,PTTEP,PTTEP.BK,114.1803970336914,12335400
2022-04-28,PTTEP,PTTEP.BK,114.1803970336914,8134300
2022-04-29,PTTEP,PTTEP.BK,116.49485778808594,12453900
2022-05-03,PTTEP,PTTEP.BK,114.56611633300781,7511900
2022-05-05,PTTEP,PTTEP.BK,119.195068359375,27573200
2022-05-06,PTTEP,PTTEP.BK,119.195068359375,11275200
2022-05-09,PTTEP,PTTEP.BK,119.195068359375,11983100
2022-05-10,PTTEP,PTTEP.BK,116.88060760498047,15080000
2022-05-11,PTTEP,PTTEP.BK,118.03783416748047,13512000
2022-05-12,PTTEP,PTTEP.BK,115.33761596679688,12922500
2022-05-13,PTTEP,PTTEP.BK,116.88060760498047,7785300
2022-05-17,PTTEP,PTTEP.BK,121.50951385498047,20922700
2022-05-18,PTTEP,PTTEP.BK,122.28102111816406,23315000
2022-05-19,PTTEP,PTTEP.BK,119.96654510498047,13110500
2022-05-20,PTTEP,PTTEP.BK,120.73802947998047,6820900
2022-05-23,PTTEP,PTTEP.BK,121.12380981445312,6295500
2022-05-24,PTTEP,PTTEP.BK,119.96654510498047,10195800
2022-05-25,PTTEP,PTTEP.BK,119.96654510498047,7430900
2022-05-26,PTTEP,PTTEP.BK,123.43824768066406,18676100
2022-05-27,PTTEP,PTTEP.BK,127.68142700195312,21131900
2022-05-30,PTTEP,PTTEP.BK,127.68142700195312,10648300
2022-05-31,PTTEP,PTTEP.BK,130.7673797607422,16935600
2022-06-01,PTTEP,PTTEP.BK,129.2244110107422,13137600
2022-06-02,PTTEP,PTTEP.BK,128.4529266357422,12188400
2022-06-06,PTTEP,PTTEP.BK,129.9958953857422,8654100
2022-06-07,PTTEP,PTTEP.BK,130.3816680908203,9520100
2022-06-08,PTTEP,PTTEP.BK,131.1531524658203,11224700
2022-06-09,PTTEP,PTTEP.BK,134.23910522460938,17540500
2022-06-10,PTTEP,PTTEP.BK,133.46762084960938,10154200
2022-06-13,PTTEP,PTTEP.BK,133.46762084960938,8778500
2022-06-14,PTTEP,PTTEP.BK,133.85336303710938,7293700
2022-06-15,PTTEP,PTTEP.BK,130.3816680908203,13900900
2022-06-16,PTTEP,PTTEP.BK,128.06719970703125,16337200
2022-06-17,PTTEP,PTTEP.BK,125.36697387695312,20370100
2022-06-20,PTTEP,PTTEP.BK,122.28102111816406,17067900
2022-06-21,PTTEP,PTTEP.BK,125.75271606445312,12057100
2022-06-22,PTTEP,PTTEP.BK,121.89529418945312,22988100
2022-06-23,PTTEP,PTTEP.BK,118.80931854248047,21088300
2022-06-24,PTTEP,PTTEP.BK,118.4235610961914,17289100
2022-06-27,PTTEP,PTTEP.BK,120.73802947998047,17176700
2022-06-28,PTTEP,PTTEP.BK,125.36697387695312,22358700
2022-06-29,PTTEP,PTTEP.BK,126.13847351074219,9806500
2022-06-30,PTTEP,PTTEP.BK,123.05252075195312,12423900
2022-07-01,PTTEP,PTTEP.BK,122.66676330566406,13248000
2022-07-04,PTTEP,PTTEP.BK,122.66676330566406,9713700
2022-07-05,PTTEP,PTTEP.BK,125.75271606445312,14639300
2022-07-06,PTTEP,PTTEP.BK,119.96654510498047,30426400
2022-07-07,PTTEP,PTTEP.BK,120.73802947998047,18594900
2022-07-08,PTTEP,PTTEP.BK,122.66676330566406,15006900
2022-07-11,PTTEP,PTTEP.BK,124.5954818725586,16104000
2022-07-12,PTTEP,PTTEP.BK,123.43824768066406,9088300
2022-07-14,PTTEP,PTTEP.BK,120.73802947998047,17311400
2022-07-15,PTTEP,PTTEP.BK,118.80931854248047,17366800
2022-07-18,PTTEP,PTTEP.BK,121.89529418945312,17274500
2022-07-19,PTTEP,PTTEP.BK,123.43824768066406,13761600
2022-07-20,PTTEP,PTTEP.BK,123.82400512695312,10673000
2022-07-21,PTTEP,PTTEP.BK,122.28102111816406,8085100
2022-07-22,PTTEP,PTTEP.BK,123.43824768066406,6022200
2022-07-25,PTTEP,PTTEP.BK,122.28102111816406,4366900
2022-07-26,PTTEP,PTTEP.BK,124.5954818725586,12397400
2022-07-27,PTTEP,PTTEP.BK,125.36697387695312,8770900
2022-08-01,PTTEP,PTTEP.BK,123.05252075195312,17422900
2022-08-02,PTTEP,PTTEP.BK,122.66676330566406,15689900
2022-08-03,PTTEP,PTTEP.BK,124.5954818725586,9033800
2022-08-04,PTTEP,PTTEP.BK,119.195068359375,41624600
2022-08-05,PTTEP,PTTEP.BK,116.49485778808594,27671000
2022-08-08,PTTEP,PTTEP.BK,118.80931854248047,14143800
2022-08-09,PTTEP,PTTEP.BK,119.96654510498047,13033800
2022-08-10,PTTEP,PTTEP.BK,120.73802947998047,9682500
2022-08-11,PTTEP,PTTEP.BK,121.89529418945312,10268800
2022-08-15,PTTEP,PTTEP.BK,122.48989868164062,9937900
2022-08-16,PTTEP,PTTEP.BK,123.67913055419922,15355500
2022-08-17,PTTEP,PTTEP.BK,122.88630676269531,7231000
2022-08-18,PTTEP,PTTEP.BK,122.88630676269531,8177400
2022-08-19,PTTEP,PTTEP.BK,124.86832427978516,26396100
2022-08-22,PTTEP,PTTEP.BK,124.86832427978516,15487800
2022-08-23,PTTEP,PTTEP.BK,127.64317321777344,22097200
2022-08-24,PTTEP,PTTEP.BK,133.19290161132812,36186600
2022-08-25,PTTEP,PTTEP.BK,133.19290161132812,15892900
2022-08-26,PTTEP,PTTEP.BK,132.79649353027344,8286100
2022-08-29,PTTEP,PTTEP.BK,136.36415100097656,17571200
2022-08-30,PTTEP,PTTEP.BK,136.36415100097656,17902100
2022-08-31,PTTEP,PTTEP.BK,133.58929443359375,19755500
2022-09-01,PTTEP,PTTEP.BK,131.60726928710938,11359100
2022-09-02,PTTEP,PTTEP.BK,132.003662109375,18508200
2022-09-05,PTTEP,PTTEP.BK,132.4000701904297,6318200
2022-09-06,PTTEP,PTTEP.BK,131.2108612060547,11201600
2022-09-07,PTTEP,PTTEP.BK,130.814453125,13306500
2022-09-08,PTTEP,PTTEP.BK,126.8503646850586,17230500
2022-09-09,PTTEP,PTTEP.BK,129.22882080078125,15297700
2022-09-12,PTTEP,PTTEP.BK,130.4180450439453,11208200
2022-09-13,PTTEP,PTTEP.BK,130.02163696289062,9579700
2022-09-14,PTTEP,PTTEP.BK,130.4180450439453,11036700
2022-09-15,PTTEP,PTTEP.BK,132.4000701904297,15174800
2022-09-16,PTTEP,PTTEP.BK,132.003662109375,22759500
2022-09-19,PTTEP,PTTEP.BK,133.19290161132812,12616100
2022-09-20,PTTEP,PTTEP.BK,134.38209533691406,9760700
2022-09-21,PTTEP,PTTEP.BK,138.34619140625,26710200
2022-09-22,PTTEP,PTTEP.BK,137.55335998535156,22004300
2022-09-23,PTTEP,PTTEP.BK,135.1749267578125,10627200
2022-09-26,PTTEP,PTTEP.BK,131.60726928710938,27957000
2022-09-27,PTTEP,PTTEP.BK,130.4180450439453,16407500
2022-09-28,PTTEP,PTTEP.BK,128.43600463867188,16887400
2022-09-29,PTTEP,PTTEP.BK,127.64317321777344,17598600
2022-09-30,PTTEP,PTTEP.BK,127.24679565429688,8959500
2022-10-03,PTTEP,PTTEP.BK,130.4180450439453,26294300
2022-10-04,PTTEP,PTTEP.BK,130.814453125,12146500
2022-10-05,PTTEP,PTTEP.BK,133.19290161132812,13948300
2022-10-06,PTTEP,PTTEP.BK,134.77853393554688,12524100
2022-10-07,PTTEP,PTTEP.BK,134.77853393554688,12110100
2022-10-10,PTTEP,PTTEP.BK,135.1749267578125,7800900
2022-10-11,PTTEP,PTTEP.BK,134.77853393554688,8762800
2022-10-12,PTTEP,PTTEP.BK,134.77853393554688,6780800
2022-10-17,PTTEP,PTTEP.BK,134.38209533691406,12536500
2022-10-18,PTTEP,PTTEP.BK,134.77853393554688,12016500
2022-10-19,PTTEP,PTTEP.BK,133.58929443359375,10086000
2022-10-20,PTTEP,PTTEP.BK,135.96775817871094,16137700
2022-10-21,PTTEP,PTTEP.BK,136.76055908203125,7797900
2022-10-25,PTTEP,PTTEP.BK,137.55335998535156,12861300
2022-10-26,PTTEP,PTTEP.BK,137.55335998535156,8960100
2022-10-27,PTTEP,PTTEP.BK,139.53543090820312,13787900
2022-10-28,PTTEP,PTTEP.BK,143.10308837890625,17328600
2022-10-31,PTTEP,PTTEP.BK,143.89590454101562,12871700
2022-11-01,PTTEP,PTTEP.BK,148.25637817382812,16727400
2022-11-02,PTTEP,PTTEP.BK,147.85997009277344,13023300
2022-11-03,PTTEP,PTTEP.BK,149.0491943359375,12124700
2022-11-04,PTTEP,PTTEP.BK,152.22044372558594,18788700
2022-11-07,PTTEP,PTTEP.BK,151.82403564453125,12605500
2022-11-08,PTTEP,PTTEP.BK,152.22044372558594,9647900
2022-11-09,PTTEP,PTTEP.BK,153.01324462890625,6453200
2022-11-10,PTTEP,PTTEP.BK,150.2384033203125,13909700
2022-11-11,PTTEP,PTTEP.BK,149.84201049804688,13474500
2022-11-14,PTTEP,PTTEP.BK,149.44558715820312,11079100
2022-11-15,PTTEP,PTTEP.BK,146.27435302734375,12651300
2022-11-16,PTTEP,PTTEP.BK,149.44558715820312,14404900
2022-11-17,PTTEP,PTTEP.BK,148.25637817382812,6172500
2022-11-18,PTTEP,PTTEP.BK,148.25637817382812,7749000
2022-11-21,PTTEP,PTTEP.BK,147.85997009277344,9907000
2022-11-22,PTTEP,PTTEP.BK,146.67074584960938,9316800
2022-11-23,PTTEP,PTTEP.BK,153.40966796875,17370200
2022-11-24,PTTEP,PTTEP.BK,150.63482666015625,7578000
2022-11-25,PTTEP,PTTEP.BK,147.85997009277344,6855500
2022-11-28,PTTEP,PTTEP.BK,145.87794494628906,6812800
2022-11-29,PTTEP,PTTEP.BK,149.44558715820312,16123700
2022-11-30,PTTEP,PTTEP.BK,149.0491943359375,24433000
2022-12-01,PTTEP,PTTEP.BK,147.46356201171875,11067700
2022-12-02,PTTEP,PTTEP.BK,144.68870544433594,14011100
2022-12-06,PTTEP,PTTEP.BK,143.10308837890625,14665200
2022-12-07,PTTEP,PTTEP.BK,139.53543090820312,14427400
2022-12-08,PTTEP,PTTEP.BK,136.76055908203125,12179800
2022-12-09,PTTEP,PTTEP.BK,135.96775817871094,17690600
2022-12-13,PTTEP,PTTEP.BK,138.7425994873047,15204900
2022-12-14,PTTEP,PTTEP.BK,137.9497833251953,18509400
2022-12-15,PTTEP,PTTEP.BK,137.15696716308594,12591600
2022-12-16,PTTEP,PTTEP.BK,136.76055908203125,13172400
2022-12-19,PTTEP,PTTEP.BK,131.60726928710938,20405800
2022-12-20,PTTEP,PTTEP.BK,132.003662109375,13061300
2022-12-21,PTTEP,PTTEP.BK,132.003662109375,13090000
2022-12-22,PTTEP,PTTEP.BK,135.57131958007812,16483600
2022-12-23,PTTEP,PTTEP.BK,135.96775817871094,8120600
2022-12-26,PTTEP,PTTEP.BK,137.9497833251953,5720600
2022-12-27,PTTEP,PTTEP.BK,138.7425994873047,8629000
2022-12-28,PTTEP,PTTEP.BK,138.7425994873047,6771600
2022-12-29,PTTEP,PTTEP.BK,139.53543090820312,10445000
2022-12-30,PTTEP,PTTEP.BK,139.9318084716797,8886600
2023-01-03,PTTEP,PTTEP.BK,138.7425994873047,6298100
2023-01-04,PTTEP,PTTEP.BK,132.4000701904297,18276400
2023-01-05,PTTEP,PTTEP.BK,133.58929443359375,17177000
2023-01-06,PTTEP,PTTEP.BK,132.79649353027344,6477700
2023-01-09,PTTEP,PTTEP.BK,133.58929443359375,7524500
2023-01-10,PTTEP,PTTEP.BK,133.9857177734375,15327100
2023-01-11,PTTEP,PTTEP.BK,132.79649353027344,8057400
2023-01-12,PTTEP,PTTEP.BK,133.9857177734375,10001300
2023-01-13,PTTEP,PTTEP.BK,132.79649353027344,8156000
2023-01-16,PTTEP,PTTEP.BK,135.57131958007812,9253400
2023-01-17,PTTEP,PTTEP.BK,135.1749267578125,5662600
2023-01-18,PTTEP,PTTEP.BK,137.15696716308594,10388300
2023-01-19,PTTEP,PTTEP.BK,136.36415100097656,7327200
2023-01-20,PTTEP,PTTEP.BK,136.36415100097656,7469000
2023-01-23,PTTEP,PTTEP.BK,137.9497833251953,4875200
2023-01-24,PTTEP,PTTEP.BK,136.36415100097656,5210100
2023-01-25,PTTEP,PTTEP.BK,136.36415100097656,3588400
2023-01-26,PTTEP,PTTEP.BK,135.57131958007812,5706700
2023-01-27,PTTEP,PTTEP.BK,136.36415100097656,9866500
2023-01-30,PTTEP,PTTEP.BK,135.96775817871094,5783100
2023-01-31,PTTEP,PTTEP.BK,135.96775817871094,12343500
2023-02-01,PTTEP,PTTEP.BK,137.15696716308594,8577100
2023-02-02,PTTEP,PTTEP.BK,134.77853393554688,17860100
2023-02-03,PTTEP,PTTEP.BK,131.60726928710938,25482300
2023-02-06,PTTEP,PTTEP.BK,130.02163696289062,8372900
2023-02-07,PTTEP,PTTEP.BK,130.814453125,15382000
2023-02-08,PTTEP,PTTEP.BK,130.814453125,9740400
2023-02-09,PTTEP,PTTEP.BK,129.22882080078125,13543200
2023-02-10,PTTEP,PTTEP.BK,129.62522888183594,13781100
2023-02-13,PTTEP,PTTEP.BK,130.814453125,15071700
2023-02-14,PTTEP,PTTEP.BK,131.63201904296875,9540800
2023-02-15,PTTEP,PTTEP.BK,128.77044677734375,11826600
2023-02-16,PTTEP,PTTEP.BK,130.81443786621094,7045200
2023-02-17,PTTEP,PTTEP.BK,129.99685668945312,8718900
2023-02-20,PTTEP,PTTEP.BK,131.22325134277344,4366600
2023-02-21,PTTEP,PTTEP.BK,130.40565490722656,4492700
2023-02-22,PTTEP,PTTEP.BK,127.54409790039062,9778200
2023-02-23,PTTEP,PTTEP.BK,125.90889739990234,8479900
2023-02-24,PTTEP,PTTEP.BK,124.68252563476562,9182500
2023-02-27,PTTEP,PTTEP.BK,124.27371978759766,5860900
2023-02-28,PTTEP,PTTEP.BK,122.6385498046875,17192000
2023-03-01,PTTEP,PTTEP.BK,124.68252563476562,11322700
2023-03-02,PTTEP,PTTEP.BK,126.72650146484375,10805900
2023-03-03,PTTEP,PTTEP.BK,125.5000991821289,6397900
2023-03-07,PTTEP,PTTEP.BK,125.90889739990234,16809600
2023-03-08,PTTEP,PTTEP.BK,123.45613861083984,7864600
2023-03-09,PTTEP,PTTEP.BK,121.82095336914062,14139700
2023-03-10,PTTEP,PTTEP.BK,119.3681869506836,7746800
2023-03-13,PTTEP,PTTEP.BK,119.77698516845703,12267700
2023-03-14,PTTEP,PTTEP.BK,116.09781646728516,11081100
2023-03-15,PTTEP,PTTEP.BK,118.14179992675781,6973800
2023-03-16,PTTEP,PTTEP.BK,111.19227600097656,24260600
2023-03-17,PTTEP,PTTEP.BK,114.87142181396484,16291900
2023-03-20,PTTEP,PTTEP.BK,111.19227600097656,14984400
2023-03-21,PTTEP,PTTEP.BK,114.46263122558594,8389500
2023-03-22,PTTEP,PTTEP.BK,116.50662231445312,14087500
2023-03-23,PTTEP,PTTEP.BK,116.50662231445312,8654600
2023-03-24,PTTEP,PTTEP.BK,117.32420349121094,11634500
2023-03-27,PTTEP,PTTEP.BK,117.73299407958984,4238400
2023-03-28,PTTEP,PTTEP.BK,122.6385498046875,13226300
2023-03-29,PTTEP,PTTEP.BK,125.5000991821289,14167800
2023-03-30,PTTEP,PTTEP.BK,123.86492156982422,6883200
2023-03-31,PTTEP,PTTEP.BK,123.0473403930664,8837000
2023-04-03,PTTEP,PTTEP.BK,130.40565490722656,24147900
2023-04-04,PTTEP,PTTEP.BK,131.22325134277344,12108900
2023-04-05,PTTEP,PTTEP.BK,130.40565490722656,12102000
2023-04-07,PTTEP,PTTEP.BK,130.40565490722656,3283600
2023-04-10,PTTEP,PTTEP.BK,130.40565490722656,2999700
2023-04-11,PTTEP,PTTEP.BK,130.40565490722656,4556600
2023-04-12,PTTEP,PTTEP.BK,132.44961547851562,13651600
2023-04-17,PTTEP,PTTEP.BK,132.04083251953125,8957500
2023-04-18,PTTEP,PTTEP.BK,129.17926025390625,11448400
2023-04-19,PTTEP,PTTEP.BK,129.17926025390625,10359300
2023-04-20,PTTEP,PTTEP.BK,125.5000991821289,9964300
2023-04-21,PTTEP,PTTEP.BK,125.90889739990234,9545000
2023-04-24,PTTEP,PTTEP.BK,127.13529205322266,6159100
2023-04-25,PTTEP,PTTEP.BK,127.54409790039062,7542500
2023-04-26,PTTEP,PTTEP.BK,123.45613861083984,11411700
2023-04-27,PTTEP,PTTEP.BK,123.86492156982422,10416700
2023-04-28,PTTEP,PTTEP.BK,121.00335693359375,12581000
2023-05-02,PTTEP,PTTEP.BK,121.41214752197266,4888700
2023-05-03,PTTEP,PTTEP.BK,118.95939636230469,14750900
2023-05-08,PTTEP,PTTEP.BK,121.82095336914062,15213400
2023-05-09,PTTEP,PTTEP.BK,122.22974395751953,7284100
2023-05-10,PTTEP,PTTEP.BK,121.41214752197266,5130100
2023-05-11,PTTEP,PTTEP.BK,121.00335693359375,6055700
2023-05-12,PTTEP,PTTEP.BK,119.3681869506836,7110800
2023-05-15,PTTEP,PTTEP.BK,118.14179992675781,6230400
2023-05-16,PTTEP,PTTEP.BK,121.00335693359375,6862300
2023-05-17,PTTEP,PTTEP.BK,118.14179992675781,5149300
2023-05-18,PTTEP,PTTEP.BK,121.41214752197266,10770200
2023-05-19,PTTEP,PTTEP.BK,121.00335693359375,4165500
2023-05-22,PTTEP,PTTEP.BK,120.1857681274414,3232000
2023-05-23,PTTEP,PTTEP.BK,121.41214752197266,2991300
2023-05-24,PTTEP,PTTEP.BK,122.6385498046875,7319800
2023-05-25,PTTEP,PTTEP.BK,121.41214752197266,7560900
2023-05-26,PTTEP,PTTEP.BK,116.9154052734375,12874200
2023-05-29,PTTEP,PTTEP.BK,118.14179992675781,3073000
2023-05-30,PTTEP,PTTEP.BK,117.32420349121094,4558500
2023-05-31,PTTEP,PTTEP.BK,114.05384063720703,5905000
2023-06-01,PTTEP,PTTEP.BK,113.6450424194336,7892900
2023-06-02,PTTEP,PTTEP.BK,116.50662231445312,6005100
2023-06-06,PTTEP,PTTEP.BK,118.55059051513672,12442900
2023-06-07,PTTEP,PTTEP.BK,122.6385498046875,14731000
2023-06-08,PTTEP,PTTEP.BK,124.27371978759766,8167600
2023-06-09,PTTEP,PTTEP.BK,123.86492156982422,4572200
2023-06-12,PTTEP,PTTEP.BK,122.22974395751953,2864100
2023-06-13,PTTEP,PTTEP.BK,124.27371978759766,6661000
2023-06-14,PTTEP,PTTEP.BK,124.27371978759766,4661800
2023-06-15,PTTEP,PTTEP.BK,123.45613861083984,5181000
2023-06-16,PTTEP,PTTEP.BK,125.09130859375,8750500
2023-06-19,PTTEP,PTTEP.BK,123.0473403930664,5277500
2023-06-20,PTTEP,PTTEP.BK,123.45613861083984,6239500
2023-06-21,PTTEP,PTTEP.BK,122.22974395751953,4281500
2023-06-22,PTTEP,PTTEP.BK,121.82095336914062,7567200
2023-06-23,PTTEP,PTTEP.BK,122.22974395751953,4557900
2023-06-26,PTTEP,PTTEP.BK,120.1857681274414,5672800
2023-06-27,PTTEP,PTTEP.BK,118.95939636230469,4997100
2023-06-28,PTTEP,PTTEP.BK,117.32420349121094,4580700
2023-06-29,PTTEP,PTTEP.BK,121.41214752197266,6725400
2023-06-30,PTTEP,PTTEP.BK,122.6385498046875,8463500
2023-07-03,PTTEP,PTTEP.BK,123.86492156982422,3629000
2023-07-04,PTTEP,PTTEP.BK,123.45613861083984,4993300
2023-07-05,PTTEP,PTTEP.BK,125.09130859375,6484400
2023-07-06,PTTEP,PTTEP.BK,123.45613861083984,6755000
2023-07-07,PTTEP,PTTEP.BK,123.0473403930664,4982200
2023-07-10,PTTEP,PTTEP.BK,124.27371978759766,6332400
2023-07-11,PTTEP,PTTEP.BK,124.27371978759766,4424300
2023-07-12,PTTEP,PTTEP.BK,126.72650146484375,14742300
2023-07-13,PTTEP,PTTEP.BK,128.3616943359375,6415100
2023-07-14,PTTEP,PTTEP.BK,129.58807373046875,6515600
2023-07-17,PTTEP,PTTEP.BK,126.72650146484375,9638300
2023-07-18,PTTEP,PTTEP.BK,127.95286560058594,6998900
2023-07-19,PTTEP,PTTEP.BK,128.77044677734375,9168500
2023-07-20,PTTEP,PTTEP.BK,127.13529205322266,7769100
2023-07-21,PTTEP,PTTEP.BK,129.17926025390625,6199900
2023-07-24,PTTEP,PTTEP.BK,130.40565490722656,7563900
2023-07-25,PTTEP,PTTEP.BK,131.22325134277344,7555400
2023-07-26,PTTEP,PTTEP.BK,130.40565490722656,3743600
2023-07-27,PTTEP,PTTEP.BK,130.40565490722656,5583700
2023-07-31,PTTEP,PTTEP.BK,130.40565490722656,2452000
2023-08-02,PTTEP,PTTEP.BK,132.85842895507812,11778500
2023-08-03,PTTEP,PTTEP.BK,130.40565490722656,8201200
2023-08-04,PTTEP,PTTEP.BK,132.44961547851562,9279700
2023-08-07,PTTEP,PTTEP.BK,133.2672119140625,7756800
2023-08-08,PTTEP,PTTEP.BK,131.63201904296875,9516900
2023-08-09,PTTEP,PTTEP.BK,133.2672119140625,6480300
2023-08-10,PTTEP,PTTEP.BK,136.1287841796875,18294400
2023-08-11,PTTEP,PTTEP.BK,135.71998596191406,9587900
2023-08-15,PTTEP,PTTEP.BK,135.51022338867188,9684700
2023-08-16,PTTEP,PTTEP.BK,134.67115783691406,10610200
2023-08-17,PTTEP,PTTEP.BK,132.57345581054688,5704600
2023-08-18,PTTEP,PTTEP.BK,132.99301147460938,6401600
2023-08-21,PTTEP,PTTEP.BK,134.67115783691406,5358100
2023-08-22,PTTEP,PTTEP.BK,133.41253662109375,7181400
2023-08-23,PTTEP,PTTEP.BK,132.57345581054688,7511400
2023-08-24,PTTEP,PTTEP.BK,132.1539306640625,6162400
2023-08-25,PTTEP,PTTEP.BK,133.41253662109375,5360100
2023-08-28,PTTEP,PTTEP.BK,134.25160217285156,4858000
2023-08-29,PTTEP,PTTEP.BK,134.25160217285156,6040400
2023-08-30,PTTEP,PTTEP.BK,136.7688446044922,11102500
2023-08-31,PTTEP,PTTEP.BK,132.99301147460938,18037400
2023-09-01,PTTEP,PTTEP.BK,136.34927368164062,10625000
2023-09-04,PTTEP,PTTEP.BK,135.51022338867188,10559700
2023-09-05,PTTEP,PTTEP.BK,135.09068298339844,4730900
2023-09-06,PTTEP,PTTEP.BK,139.28604125976562,20579500
2023-09-07,PTTEP,PTTEP.BK,140.1251220703125,10247700
2023-09-08,PTTEP,PTTEP.BK,140.54466247558594,6026600
2023-09-11,PTTEP,PTTEP.BK,138.02743530273438,7290100
2023-09-12,PTTEP,PTTEP.BK,138.8665008544922,5005600
2023-09-13,PTTEP,PTTEP.BK,140.1251220703125,8154300
2023-09-14,PTTEP,PTTEP.BK,140.1251220703125,9777300
2023-09-15,PTTEP,PTTEP.BK,140.54466247558594,11486100
2023-09-18,PTTEP,PTTEP.BK,140.9641876220703,8586200
2023-09-19,PTTEP,PTTEP.BK,141.8032684326172,8355900
2023-09-20,PTTEP,PTTEP.BK,138.8665008544922,12598100
2023-09-21,PTTEP,PTTEP.BK,138.8665008544922,6008700
2023-09-22,PTTEP,PTTEP.BK,139.70558166503906,9191100
2023-09-25,PTTEP,PTTEP.BK,139.70558166503906,8023700
2023-09-26,PTTEP,PTTEP.BK,141.38372802734375,16838600
2023-09-27,PTTEP,PTTEP.BK,143.48141479492188,10746200
2023-09-28,PTTEP,PTTEP.BK,143.06187438964844,19461800
2023-09-29,PTTEP,PTTEP.BK,143.48141479492188,10454000
2023-10-02,PTTEP,PTTEP.BK,141.38372802734375,8470600
2023-10-03,PTTEP,PTTEP.BK,136.7688446044922,16008500
2023-10-04,PTTEP,PTTEP.BK,138.8665008544922,8325300
2023-10-05,PTTEP,PTTEP.BK,135.51022338867188,11311300
2023-10-06,PTTEP,PTTEP.BK,135.92974853515625,3063900
2023-10-09,PTTEP,PTTEP.BK,141.38372802734375,23330000
2023-10-10,PTTEP,PTTEP.BK,141.38372802734375,8195900
2023-10-11,PTTEP,PTTEP.BK,141.8032684326172,7604400
2023-10-12,PTTEP,PTTEP.BK,141.8032684326172,5466200
2023-10-16,PTTEP,PTTEP.BK,144.3204803466797,13505500
2023-10-17,PTTEP,PTTEP.BK,142.642333984375,10795900
2023-10-18,PTTEP,PTTEP.BK,146.8376922607422,11117600
2023-10-19,PTTEP,PTTEP.BK,143.9009552001953,10232700
2023-10-20,PTTEP,PTTEP.BK,145.57908630371094,12313500
2023-10-24,PTTEP,PTTEP.BK,142.22279357910156,9177000
2023-10-25,PTTEP,PTTEP.BK,142.642333984375,7433200
2023-10-26,PTTEP,PTTEP.BK,141.8032684326172,7531100
2023-10-27,PTTEP,PTTEP.BK,141.8032684326172,7313100
2023-10-30,PTTEP,PTTEP.BK,141.8032684326172,5327900
2023-10-31,PTTEP,PTTEP.BK,137.60791015625,12056000
2023-11-01,PTTEP,PTTEP.BK,136.7688446044922,10915600
2023-11-02,PTTEP,PTTEP.BK,135.51022338867188,10312600
2023-11-03,PTTEP,PTTEP.BK,138.4469757080078,13123200
2023-11-06,PTTEP,PTTEP.BK,137.18836975097656,11106300
2023-11-07,PTTEP,PTTEP.BK,136.7688446044922,12759300
2023-11-08,PTTEP,PTTEP.BK,134.67115783691406,14334400
2023-11-09,PTTEP,PTTEP.BK,135.92974853515625,12747700
2023-11-10,PTTEP,PTTEP.BK,135.51022338867188,4857600
2023-11-13,PTTEP,PTTEP.BK,134.25160217285156,5653900
2023-11-14,PTTEP,PTTEP.BK,135.92974853515625,7573400
2023-11-15,PTTEP,PTTEP.BK,135.92974853515625,5703800
2023-11-16,PTTEP,PTTEP.BK,135.51022338867188,4425072
2023-11-17,PTTEP,PTTEP.BK,132.99301147460938,10523500
2023-11-20,PTTEP,PTTEP.BK,134.25160217285156,7116200
2023-11-21,PTTEP,PTTEP.BK,135.09068298339844,5715700
2023-11-22,PTTEP,PTTEP.BK,134.67115783691406,4059700
2023-11-23,PTTEP,PTTEP.BK,133.83209228515625,2558000
2023-11-24,PTTEP,PTTEP.BK,133.41253662109375,7749300
2023-11-27,PTTEP,PTTEP.BK,130.4757843017578,9046900
2023-11-28,PTTEP,PTTEP.BK,128.79763793945312,13803100
2023-11-29,PTTEP,PTTEP.BK,128.3780975341797,13187900
2023-11-30,PTTEP,PTTEP.BK,127.11949157714844,16377100
2023-12-01,PTTEP,PTTEP.BK,124.60227966308594,12384100
2023-12-04,PTTEP,PTTEP.BK,122.08506774902344,6361100
2023-12-06,PTTEP,PTTEP.BK,119.98737335205078,16395500
2023-12-07,PTTEP,PTTEP.BK,117.88968658447266,29602800
2023-12-08,PTTEP,PTTEP.BK,119.14830780029297,17123700
2023-12-12,PTTEP,PTTEP.BK,121.24597930908203,12340400
2023-12-13,PTTEP,PTTEP.BK,119.56783294677734,7780000
2023-12-14,PTTEP,PTTEP.BK,120.40690612792969,9176700
2023-12-15,PTTEP,PTTEP.BK,123.34366607666016,15117500
2023-12-18,PTTEP,PTTEP.BK,123.76321411132812,5923100
2023-12-19,PTTEP,PTTEP.BK,123.76321411132812,5377100
2023-12-20,PTTEP,PTTEP.BK,123.76321411132812,8669600
2023-12-21,PTTEP,PTTEP.BK,122.92414093017578,5450100
2023-12-22,PTTEP,PTTEP.BK,123.76321411132812,3763600
2023-12-25,PTTEP,PTTEP.BK,124.1827392578125,2882500
2023-12-26,PTTEP,PTTEP.BK,124.60227966308594,3737500
2023-12-27,PTTEP,PTTEP.BK,124.1827392578125,6406100
2023-12-28,PTTEP,PTTEP.BK,125.44132995605469,5442900
2024-01-03,PTTEP,PTTEP.BK,122.50459289550781,8804400
2024-01-04,PTTEP,PTTEP.BK,125.44132995605469,10276700
2024-01-05,PTTEP,PTTEP.BK,126.69996643066406,9998800
2024-01-08,PTTEP,PTTEP.BK,125.02180480957031,7986900
2024-01-09,PTTEP,PTTEP.BK,125.86090087890625,13481300
2024-01-10,PTTEP,PTTEP.BK,124.1827392578125,7458200
2024-01-11,PTTEP,PTTEP.BK,125.02180480957031,5492600
2024-01-12,PTTEP,PTTEP.BK,126.28041076660156,9248400
2024-01-15,PTTEP,PTTEP.BK,125.86090087890625,1847600
2024-01-16,PTTEP,PTTEP.BK,125.86090087890625,6902700
2024-01-17,PTTEP,PTTEP.BK,124.1827392578125,15865400
2024-01-18,PTTEP,PTTEP.BK,122.92414093017578,7856100
2024-01-19,PTTEP,PTTEP.BK,125.44132995605469,6074200
2024-01-22,PTTEP,PTTEP.BK,124.60227966308594,3458600
2024-01-23,PTTEP,PTTEP.BK,124.1827392578125,7641000
2024-01-24,PTTEP,PTTEP.BK,125.02180480957031,5488400
2024-01-25,PTTEP,PTTEP.BK,125.44132995605469,6336100
2024-01-26,PTTEP,PTTEP.BK,125.02180480957031,14866200
2024-01-29,PTTEP,PTTEP.BK,125.44132995605469,9945200
2024-01-30,PTTEP,PTTEP.BK,122.92414093017578,10849300
2024-01-31,PTTEP,PTTEP.BK,125.86090087890625,18250600
2024-02-01,PTTEP,PTTEP.BK,125.86090087890625,12366200
2024-02-02,PTTEP,PTTEP.BK,127.11949157714844,3774600
2024-02-05,PTTEP,PTTEP.BK,127.53903198242188,6593600
2024-02-06,PTTEP,PTTEP.BK,128.3780975341797,9335900
2024-02-07,PTTEP,PTTEP.BK,128.79763793945312,5008700
2024-02-08,PTTEP,PTTEP.BK,129.63671875,8819700
2024-02-09,PTTEP,PTTEP.BK,129.21717834472656,3241200
2024-02-12,PTTEP,PTTEP.BK,128.3780975341797,3225800
2024-02-13,PTTEP,PTTEP.BK,129.63671875,3735600
2024-02-14,PTTEP,PTTEP.BK,128.79763793945312,8899400
2024-02-15,PTTEP,PTTEP.BK,127.53903198242188,7626200
2024-02-16,PTTEP,PTTEP.BK,130.05624389648438,8607600
2024-02-19,PTTEP,PTTEP.BK,130.70762634277344,8288600
2024-02-20,PTTEP,PTTEP.BK,130.70762634277344,7077300
2024-02-21,PTTEP,PTTEP.BK,133.74732971191406,11148900
2024-02-22,PTTEP,PTTEP.BK,133.74732971191406,6795300
2024-02-23,PTTEP,PTTEP.BK,133.74732971191406,9225900
2024-02-27,PTTEP,PTTEP.BK,132.87884521484375,10424600
2024-02-28,PTTEP,PTTEP.BK,131.5760955810547,7395500
2024-02-29,PTTEP,PTTEP.BK,131.141845703125,11019200
2024-03-01,PTTEP,PTTEP.BK,130.27337646484375,9717100
2024-03-04,PTTEP,PTTEP.BK,132.01034545898438,7529700
2024-03-05,PTTEP,PTTEP.BK,131.141845703125,3999400
2024-03-06,PTTEP,PTTEP.BK,131.5760955810547,4595600
2024-03-07,PTTEP,PTTEP.BK,131.5760955810547,7599400
2024-03-08,PTTEP,PTTEP.BK,132.44461059570312,6853100
2024-03-11,PTTEP,PTTEP.BK,129.40487670898438,8287000
2024-03-12,PTTEP,PTTEP.BK,129.40487670898438,0
2024-03-13,PTTEP,PTTEP.BK,130.27337646484375,4991000
2024-03-14,PTTEP,PTTEP.BK,132.87884521484375,9858900
2024-03-15,PTTEP,PTTEP.BK,132.87884521484375,0
2024-03-18,PTTEP,PTTEP.BK,133.74732971191406,5733600
2024-03-19,PTTEP,PTTEP.BK,134.18157958984375,10592400
2024-03-20,PTTEP,PTTEP.BK,134.18157958984375,0
2024-03-21,PTTEP,PTTEP.BK,134.18157958984375,4344500
2024-03-22,PTTEP,PTTEP.BK,134.18157958984375,0
2024-03-25,PTTEP,PTTEP.BK,131.141845703125,6985100
2024-03-26,PTTEP,PTTEP.BK,131.141845703125,0
2024-03-27,PTTEP,PTTEP.BK,131.141845703125,2879700
2024-03-28,PTTEP,PTTEP.BK,131.141845703125,0
2024-03-29,PTTEP,PTTEP.BK,132.87884521484375,5386300
2024-04-01,PTTEP,PTTEP.BK,131.141845703125,3223400
2024-04-02,PTTEP,PTTEP.BK,134.61581420898438,13293300
2024-04-03,PTTEP,PTTEP.BK,136.7870330810547,32173000
2024-04-04,PTTEP,PTTEP.BK,136.7870330810547,0
2024-04-05,PTTEP,PTTEP.BK,138.52401733398438,12855100
2024-04-09,PTTEP,PTTEP.BK,138.52401733398438,0
2024-04-10,PTTEP,PTTEP.BK,138.52401733398438,0
2024-04-11,PTTEP,PTTEP.BK,137.22128295898438,10415600
2024-04-17,PTTEP,PTTEP.BK,142.43222045898438,27239300
2024-04-18,PTTEP,PTTEP.BK,142.43222045898438,0
2024-04-19,PTTEP,PTTEP.BK,142.43222045898438,0
2024-04-22,PTTEP,PTTEP.BK,136.7870330810547,12863200
2024-04-23,PTTEP,PTTEP.BK,137.655517578125,8810500
2024-04-24,PTTEP,PTTEP.BK,137.655517578125,0
2024-04-25,PTTEP,PTTEP.BK,136.35279846191406,9521200
2024-04-26,PTTEP,PTTEP.BK,135.91854858398438,6950900
2024-04-29,PTTEP,PTTEP.BK,135.91854858398438,7933900
2024-04-30,PTTEP,PTTEP.BK,135.91854858398438,0
2024-05-02,PTTEP,PTTEP.BK,130.70762634277344,23875700
2024-05-03,PTTEP,PTTEP.BK,132.01034545898438,12900800
2024-05-07,PTTEP,PTTEP.BK,132.01034545898438,0
2024-05-08,PTTEP,PTTEP.BK,132.01034545898438,5139700
2024-05-09,PTTEP,PTTEP.BK,132.44461059570312,4626700
2024-05-10,PTTEP,PTTEP.BK,133.31309509277344,3530600
2024-05-13,PTTEP,PTTEP.BK,133.74732971191406,7814900
2024-05-14,PTTEP,PTTEP.BK,134.18157958984375,4230900
2024-05-15,PTTEP,PTTEP.BK,134.18157958984375,5093900
2024-05-16,PTTEP,PTTEP.BK,134.18157958984375,0
2024-05-17,PTTEP,PTTEP.BK,134.61581420898438,5136500
2024-05-20,PTTEP,PTTEP.BK,134.61581420898438,0
2024-05-21,PTTEP,PTTEP.BK,134.61581420898438,6236200
2024-05-23,PTTEP,PTTEP.BK,133.74732971191406,7171800
2024-05-24,PTTEP,PTTEP.BK,133.74732971191406,0
2024-05-27,PTTEP,PTTEP.BK,133.74732971191406,0
2024-05-28,PTTEP,PTTEP.BK,135.48431396484375,3817100
2024-05-29,PTTEP,PTTEP.BK,135.91854858398438,6674600
2024-05-30,PTTEP,PTTEP.BK,135.91854858398438,0
2024-05-31,PTTEP,PTTEP.BK,135.91854858398438,0
2024-06-04,PTTEP,PTTEP.BK,133.31309509277344,12927700
2024-06-05,PTTEP,PTTEP.BK,133.31309509277344,0
2024-06-06,PTTEP,PTTEP.BK,131.5760955810547,5057900
2024-06-07,PTTEP,PTTEP.BK,131.5760955810547,0
2024-06-10,PTTEP,PTTEP.BK,132.01034545898438,4462500
2024-06-11,PTTEP,PTTEP.BK,130.27337646484375,11123100
2024-06-12,PTTEP,PTTEP.BK,133.74732971191406,11797300
2024-06-13,PTTEP,PTTEP.BK,130.70762634277344,6379300
2024-06-14,PTTEP,PTTEP.BK,130.70762634277344,6289400
2024-06-17,PTTEP,PTTEP.BK,128.9706573486328,7260800
2024-06-18,PTTEP,PTTEP.BK,128.9706573486328,0
2024-06-19,PTTEP,PTTEP.BK,128.9706573486328,0
2024-06-20,PTTEP,PTTEP.BK,131.141845703125,3865800
2024-06-21,PTTEP,PTTEP.BK,132.01034545898438,6269000
2024-06-24,PTTEP,PTTEP.BK,132.01034545898438,0
2024-06-25,PTTEP,PTTEP.BK,132.01034545898438,0
2024-06-26,PTTEP,PTTEP.BK,132.01034545898438,0
2024-06-27,PTTEP,PTTEP.BK,133.31309509277344,3904200
2024-06-28,PTTEP,PTTEP.BK,132.01034545898438,15186500
2024-07-01,PTTEP,PTTEP.BK,132.01034545898438,0
2024-07-02,PTTEP,PTTEP.BK,132.87884521484375,5329100
2024-07-03,PTTEP,PTTEP.BK,132.87884521484375,3254300
2024-07-04,PTTEP,PTTEP.BK,132.01034545898438,6209600
2024-07-05,PTTEP,PTTEP.BK,132.44461059570312,5684300
2024-07-08,PTTEP,PTTEP.BK,133.31309509277344,5455200
2024-07-09,PTTEP,PTTEP.BK,133.31309509277344,0
2024-07-10,PTTEP,PTTEP.BK,131.141845703125,7779100
2024-07-11,PTTEP,PTTEP.BK,131.141845703125,0
2024-07-12,PTTEP,PTTEP.BK,131.141845703125,0
2024-07-15,PTTEP,PTTEP.BK,131.141845703125,0
2024-07-16,PTTEP,PTTEP.BK,126.79940795898438,10288000
2024-07-17,PTTEP,PTTEP.BK,126.79940795898438,0
2024-07-18,PTTEP,PTTEP.BK,128.10214233398438,5710500
2024-07-19,PTTEP,PTTEP.BK,125.4966812133789,5790500
2024-07-23,PTTEP,PTTEP.BK,125.93091583251953,6247500
2024-07-24,PTTEP,PTTEP.BK,124.19395446777344,5941700
2024-07-25,PTTEP,PTTEP.BK,125.06244659423828,4484300
2024-07-26,PTTEP,PTTEP.BK,127.66789245605469,5149000
2024-07-30,PTTEP,PTTEP.BK,127.66789245605469,0
2024-07-31,PTTEP,PTTEP.BK,127.66789245605469,12085700
2024-08-01,PTTEP,PTTEP.BK,131.141845703125,10146600
2024-08-02,PTTEP,PTTEP.BK,129.83912658691406,5852600
2024-08-05,PTTEP,PTTEP.BK,127.23365783691406,8985300
2024-08-06,PTTEP,PTTEP.BK,128.10214233398438,6066400
2024-08-07,PTTEP,PTTEP.BK,127.23365783691406,5342500
2024-08-08,PTTEP,PTTEP.BK,127.23365783691406,0
2024-08-09,PTTEP,PTTEP.BK,129.83912658691406,5358300
2024-08-13,PTTEP,PTTEP.BK,132.07772827148438,9081400
2024-08-14,PTTEP,PTTEP.BK,130.73455810546875,6073500
2024-08-15,PTTEP,PTTEP.BK,130.73455810546875,0
2024-08-16,PTTEP,PTTEP.BK,129.39141845703125,3924400
2024-08-19,PTTEP,PTTEP.BK,129.39141845703125,0
2024-08-20,PTTEP,PTTEP.BK,126.25736999511719,11394500
2024-08-21,PTTEP,PTTEP.BK,126.705078125,9704400
2024-08-22,PTTEP,PTTEP.BK,126.705078125,0
2024-08-23,PTTEP,PTTEP.BK,128.04824829101562,8649000
2024-08-26,PTTEP,PTTEP.BK,128.94369506835938,8015000
2024-08-27,PTTEP,PTTEP.BK,129.83912658691406,7013300
2024-08-28,PTTEP,PTTEP.BK,128.04824829101562,6710200
2024-08-29,PTTEP,PTTEP.BK,127.15280151367188,4232600
2024-08-30,PTTEP,PTTEP.BK,126.705078125,13274000
2024-09-02,PTTEP,PTTEP.BK,126.705078125,0
2024-09-03,PTTEP,PTTEP.BK,126.705078125,0
2024-09-04,PTTEP,PTTEP.BK,126.705078125,0
2024-09-05,PTTEP,PTTEP.BK,125.80963134765625,21809700
2024-09-06,PTTEP,PTTEP.BK,126.705078125,15331000
2024-09-09,PTTEP,PTTEP.BK,126.705078125,0
2024-09-10,PTTEP,PTTEP.BK,125.36192321777344,11327600
2024-09-11,PTTEP,PTTEP.BK,124.01874542236328,16950700
2024-09-12,PTTEP,PTTEP.BK,123.57103729248047,8324100
2024-09-13,PTTEP,PTTEP.BK,124.01874542236328,8846400
2024-09-16,PTTEP,PTTEP.BK,124.01874542236328,0
2024-09-17,PTTEP,PTTEP.BK,124.01874542236328,0
2024-09-18,PTTEP,PTTEP.BK,124.01874542236328,0
2024-09-19,PTTEP,PTTEP.BK,124.01874542236328,0
2024-09-20,PTTEP,PTTEP.BK,123.57103729248047,19196800
2024-09-23,PTTEP,PTTEP.BK,122.67558288574219,13551400
2024-09-24,PTTEP,PTTEP.BK,125.80963134765625,16846300
2024-09-25,PTTEP,PTTEP.BK,125.36192321777344,14471400
2024-09-26,PTTEP,PTTEP.BK,123.12332153320312,12196100
2024-09-27,PTTEP,PTTEP.BK,123.12332153320312,0
2024-09-30,PTTEP,PTTEP.BK,117.30293273925781,20716100
2024-10-01,PTTEP,PTTEP.BK,117.30293273925781,0
2024-10-02,PTTEP,PTTEP.BK,119.98926544189453,35423800
2024-10-03,PTTEP,PTTEP.BK,119.54154968261719,16297200
2024-10-04,PTTEP,PTTEP.BK,119.54154968261719,0
2024-10-07,PTTEP,PTTEP.BK,121.7801513671875,17678600
2024-10-08,PTTEP,PTTEP.BK,120.88470458984375,13970500
2024-10-09,PTTEP,PTTEP.BK,119.09381866455078,12711000
2024-10-10,PTTEP,PTTEP.BK,119.98926544189453,6817200
2024-10-11,PTTEP,PTTEP.BK,119.98926544189453,0
2024-10-15,PTTEP,PTTEP.BK,117.30293273925781,16567600
2024-10-16,PTTEP,PTTEP.BK,117.30293273925781,0
2024-10-17,PTTEP,PTTEP.BK,117.30293273925781,0
2024-10-18,PTTEP,PTTEP.BK,115.51204681396484,14241900
2024-10-21,PTTEP,PTTEP.BK,115.0643310546875,13752900
2024-10-22,PTTEP,PTTEP.BK,115.0643310546875,0
2024-10-24,PTTEP,PTTEP.BK,112.37800598144531,15731800
2024-10-25,PTTEP,PTTEP.BK,112.37800598144531,0
2024-10-28,PTTEP,PTTEP.BK,111.93029022216797,14015200
2024-10-29,PTTEP,PTTEP.BK,111.93029022216797,0
2024-10-30,PTTEP,PTTEP.BK,111.03484344482422,10305800
2024-10-31,PTTEP,PTTEP.BK,113.27344512939453,8633700
2024-11-01,PTTEP,PTTEP.BK,113.27344512939453,5650800
2024-11-04,PTTEP,PTTEP.BK,113.7211685180664,7204300
2024-11-05,PTTEP,PTTEP.BK,117.30293273925781,15437800
2024-11-06,PTTEP,PTTEP.BK,114.16889190673828,12194300
2024-11-07,PTTEP,PTTEP.BK,113.7211685180664,10888400
2024-11-08,PTTEP,PTTEP.BK,114.16889190673828,9684100
2024-11-11,PTTEP,PTTEP.BK,112.82572937011719,5623700
2024-11-12,PTTEP,PTTEP.BK,111.48255920410156,7665600
2024-11-13,PTTEP,PTTEP.BK,109.24395751953125,16556500
2024-11-14,PTTEP,PTTEP.BK,107.90079498291016,11751710
2024-11-15,PTTEP,PTTEP.BK,110.58712005615234,8107000
2024-11-18,PTTEP,PTTEP.BK,110.58712005615234,4737400
2024-11-19,PTTEP,PTTEP.BK,114.16889190673828,12604100
2024-11-20,PTTEP,PTTEP.BK,114.16889190673828,5603600
2024-11-21,PTTEP,PTTEP.BK,114.16889190673828,9578400
2024-11-22,PTTEP,PTTEP.BK,117.30293273925781,15603800
2024-11-25,PTTEP,PTTEP.BK,115.95977020263672,10789100
2024-11-26,PTTEP,PTTEP.BK,114.61660766601562,8920000
2024-11-27,PTTEP,PTTEP.BK,113.27344512939453,5111600
2024-11-28,PTTEP,PTTEP.BK,114.16889190673828,5261700
2024-11-29,PTTEP,PTTEP.BK,114.16889190673828,4859900
2024-12-02,PTTEP,PTTEP.BK,112.82572937011719,5934700
2024-12-03,PTTEP,PTTEP.BK,115.0643310546875,4910000
2024-12-04,PTTEP,PTTEP.BK,114.61660766601562,4505000
2024-12-06,PTTEP,PTTEP.BK,114.61660766601562,2427800
2024-12-09,PTTEP,PTTEP.BK,113.27344512939453,5833300
2024-12-11,PTTEP,PTTEP.BK,111.93029022216797,6732800
2024-12-12,PTTEP,PTTEP.BK,110.13939666748047,8721700
2024-12-13,PTTEP,PTTEP.BK,109.24395751953125,6656700
2024-12-16,PTTEP,PTTEP.BK,108.79623413085938,5734900
2024-12-17,PTTEP,PTTEP.BK,106.10990905761719,8767400
2024-12-18,PTTEP,PTTEP.BK,106.10990905761719,6024100
2024-12-19,PTTEP,PTTEP.BK,106.55762481689453,9726800
2024-12-20,PTTEP,PTTEP.BK,105.21446228027344,10592400
2024-12-23,PTTEP,PTTEP.BK,105.66218566894531,6449300
2024-12-24,PTTEP,PTTEP.BK,106.10990905761719,3029400
2024-12-25,PTTEP,PTTEP.BK,107.45307159423828,6181100
2024-12-26,PTTEP,PTTEP.BK,107.0053482055664,1630600
2024-12-27,PTTEP,PTTEP.BK,106.10990905761719,7745300
2024-12-30,PTTEP,PTTEP.BK,106.55762481689453,4720600
2025-01-02,PTTEP,PTTEP.BK,111.48255920410156,12990400
2025-01-03,PTTEP,PTTEP.BK,111.03484344482422,7018200
2025-01-06,PTTEP,PTTEP.BK,112.37800598144531,10959300
2025-01-07,PTTEP,PTTEP.BK,109.69168090820312,10134200
2025-01-08,PTTEP,PTTEP.BK,112.37800598144531,9880300
2025-01-09,PTTEP,PTTEP.BK,109.24395751953125,10778900
2025-01-10,PTTEP,PTTEP.BK,111.48255920410156,7579600
2025-01-13,PTTEP,PTTEP.BK,113.7211685180664,17056900
2025-01-14,PTTEP,PTTEP.BK,113.27344512939453,10787000
2025-01-15,PTTEP,PTTEP.BK,115.51204681396484,12865000
2025-01-16,PTTEP,PTTEP.BK,116.4074935913086,7232300
2025-01-17,PTTEP,PTTEP.BK,115.95977020263672,6678000
2025-01-20,PTTEP,PTTEP.BK,113.27344512939453,10096100
2025-01-21,PTTEP,PTTEP.BK,109.69168090820312,15290800
2025-01-22,PTTEP,PTTEP.BK,111.03484344482422,11356700
2025-01-23,PTTEP,PTTEP.BK,108.3485107421875,7438900
2025-01-24,PTTEP,PTTEP.BK,109.69168090820312,5397000
2025-01-27,PTTEP,PTTEP.BK,108.79623413085938,4563500
2025-01-28,PTTEP,PTTEP.BK,109.69168090820312,3052800
2025-01-29,PTTEP,PTTEP.BK,111.03484344482422,4688100
2025-01-30,PTTEP,PTTEP.BK,111.48255920410156,5706000
2025-01-31,PTTEP,PTTEP.BK,114.16889190673828,14617900
2025-02-03,PTTEP,PTTEP.BK,112.82572937011719,10994000
2025-02-04,PTTEP,PTTEP.BK,110.58712005615234,9178300
2025-02-05,PTTEP,PTTEP.BK,111.93029022216797,8153500
2025-02-06,PTTEP,PTTEP.BK,111.48255920410156,10218200
2025-02-07,PTTEP,PTTEP.BK,112.37800598144531,9794300
2025-02-10,PTTEP,PTTEP.BK,111.48255920410156,8271900
2025-02-11,PTTEP,PTTEP.BK,113.27344512939453,7426500
2025-02-13,PTTEP,PTTEP.BK,113.27344512939453,7821000
2025-02-14,PTTEP,PTTEP.BK,112.82572937011719,8320700
2025-02-17,PTTEP,PTTEP.BK,114.16889190673828,6438000
2025-02-18,PTTEP,PTTEP.BK,114.16889190673828,5730500
2025-02-19,PTTEP,PTTEP.BK,114.61660766601562,7577200
2025-02-20,PTTEP,PTTEP.BK,112.37800598144531,10767900
2025-02-21,PTTEP,PTTEP.BK,113.27344512939453,3923100
2025-02-24,PTTEP,PTTEP.BK,111.93029022216797,4960600
2025-02-25,PTTEP,PTTEP.BK,107.37837982177734,16460700
2025-02-26,PTTEP,PTTEP.BK,106.44465637207031,11241300
2025-02-27,PTTEP,PTTEP.BK,102.70974731445312,12511400
2025-02-28,PTTEP,PTTEP.BK,101.7760238647461,11319400
2025-03-03,PTTEP,PTTEP.BK,102.70974731445312,8510000
2025-03-04,PTTEP,PTTEP.BK,101.7760238647461,6720600
2025-03-05,PTTEP,PTTEP.BK,101.7760238647461,8120000
2025-03-06,PTTEP,PTTEP.BK,98.50798797607422,12836000
2025-03-07,PTTEP,PTTEP.BK,99.90857696533203,7196900
2025-03-10,PTTEP,PTTEP.BK,101.30916595458984,7106500
2025-03-11,PTTEP,PTTEP.BK,102.24288940429688,8874300
2025-03-12,PTTEP,PTTEP.BK,100.37543487548828,6017500
2025-03-13,PTTEP,PTTEP.BK,101.30916595458984,7707000
2025-03-14,PTTEP,PTTEP.BK,102.70974731445312,7384100
2025-03-17,PTTEP,PTTEP.BK,102.24288940429688,8700100
2025-03-18,PTTEP,PTTEP.BK,102.70974731445312,7552200
2025-03-19,PTTEP,PTTEP.BK,101.7760238647461,8758800
2025-03-20,PTTEP,PTTEP.BK,104.11033630371094,14463900
2025-03-21,PTTEP,PTTEP.BK,106.91151428222656,11970800
2025-03-24,PTTEP,PTTEP.BK,108.31210327148438,8437200
2025-03-25,PTTEP,PTTEP.BK,110.64641571044922,9762900
2025-03-26,PTTEP,PTTEP.BK,110.17955017089844,3538800
2025-03-27,PTTEP,PTTEP.BK,111.58013916015625,7881400
2025-03-28,PTTEP,PTTEP.BK,109.2458267211914,4933600
2025-03-31,PTTEP,PTTEP.BK,108.77896118164062,8121600
2025-04-01,PTTEP,PTTEP.BK,112.98072052001953,14928800
2025-04-02,PTTEP,PTTEP.BK,110.17955017089844,8139600
2025-04-03,PTTEP,PTTEP.BK,107.8452377319336,6179600
2025-04-04,PTTEP,PTTEP.BK,98.974853515625,18703500
2025-04-08,PTTEP,PTTEP.BK,89.87103271484375,20017000
2025-04-09,PTTEP,PTTEP.BK,91.0381851196289,13042800
2025-04-10,PTTEP,PTTEP.BK,96.64054107666016,12646400
2025-04-11,PTTEP,PTTEP.BK,94.30622100830078,8450900
2025-04-16,PTTEP,PTTEP.BK,96.17366790771484,9347600
2025-04-17,PTTEP,PTTEP.BK,96.64054107666016,5340000
2025-04-18,PTTEP,PTTEP.BK,96.17366790771484,8988300
2025-04-21,PTTEP,PTTEP.BK,93.83936309814453,6682700
2025-04-22,PTTEP,PTTEP.BK,93.83936309814453,8772600
2025-04-23,PTTEP,PTTEP.BK,95.7068099975586,11968800
2025-04-24,PTTEP,PTTEP.BK,91.97191619873047,16868000
2025-04-25,PTTEP,PTTEP.BK,93.37249755859375,12915700
2025-04-28,PTTEP,PTTEP.BK,93.83936309814453,14499100
2025-04-29,PTTEP,PTTEP.BK,91.50505065917969,14264800
2025-04-30,PTTEP,PTTEP.BK,92.9056396484375,10296900
2025-05-02,PTTEP,PTTEP.BK,91.0381851196289,16490500
2025-05-06,PTTEP,PTTEP.BK,88.47044372558594,25923500
2025-05-07,PTTEP,PTTEP.BK,93.83936309814453,30886900
2025-05-08,PTTEP,PTTEP.BK,92.9056396484375,9345000
2025-05-09,PTTEP,PTTEP.BK,94.77308654785156,11804500
2025-05-13,PTTEP,PTTEP.BK,96.17366790771484,14485100
2025-05-14,PTTEP,PTTEP.BK,96.64054107666016,7034400
2025-05-15,PTTEP,PTTEP.BK,93.37249755859375,11060200
2025-05-16,PTTEP,PTTEP.BK,92.43877410888672,10836600
2025-05-19,PTTEP,PTTEP.BK,93.37249755859375,8228000
2025-05-20,PTTEP,PTTEP.BK,93.37249755859375,5576400
2025-05-21,PTTEP,PTTEP.BK,95.7068099975586,13562900
2025-05-22,PTTEP,PTTEP.BK,93.83936309814453,8184300
2025-05-23,PTTEP,PTTEP.BK,94.30622100830078,3264400
2025-05-26,PTTEP,PTTEP.BK,94.30622100830078,3151900
2025-05-27,PTTEP,PTTEP.BK,93.13906860351562,4171400
2025-05-28,PTTEP,PTTEP.BK,92.9056396484375,6514100
2025-05-29,PTTEP,PTTEP.BK,94.30622100830078,6415500
2025-05-30,PTTEP,PTTEP.BK,91.50505065917969,17148900
2025-06-04,PTTEP,PTTEP.BK,91.27162170410156,13035000
2025-06-05,PTTEP,PTTEP.BK,93.13906860351562,9329600
2025-06-06,PTTEP,PTTEP.BK,92.9056396484375,7163400
2025-06-09,PTTEP,PTTEP.BK,91.97191619873047,5619100
2025-06-10,PTTEP,PTTEP.BK,93.83936309814453,6843800
2025-06-11,PTTEP,PTTEP.BK,93.83936309814453,6626600
2025-06-12,PTTEP,PTTEP.BK,98.04113006591797,21227300
2025-06-13,PTTEP,PTTEP.BK,105.51091766357422,34097300
2025-06-16,PTTEP,PTTEP.BK,104.57719421386719,21544500
2025-06-17,PTTEP,PTTEP.BK,102.70974731445312,22313000
2025-06-18,PTTEP,PTTEP.BK,102.70974731445312,16001800
2025-06-19,PTTEP,PTTEP.BK,102.70974731445312,11992300
2025-06-20,PTTEP,PTTEP.BK,102.70974731445312,16078900
2025-06-23,PTTEP,PTTEP.BK,103.64347076416016,15896300
2025-06-24,PTTEP,PTTEP.BK,103.64347076416016,28619400
2025-06-25,PTTEP,PTTEP.BK,103.1766128540039,9966500
2025-06-26,PTTEP,PTTEP.BK,104.57719421386719,11716900
2025-06-27,PTTEP,PTTEP.BK,100.37543487548828,11122900
2025-06-30,PTTEP,PTTEP.BK,102.24288940429688,7338200
2025-07-01,PTTEP,PTTEP.BK,103.64347076416016,13761100
2025-07-02,PTTEP,PTTEP.BK,104.57719421386719,8459400
2025-07-03,PTTEP,PTTEP.BK,103.64347076416016,10356200
2025-07-04,PTTEP,PTTEP.BK,101.7760238647461,5441900
2025-07-07,PTTEP,PTTEP.BK,100.37543487548828,9556400
2025-07-08,PTTEP,PTTEP.BK,101.7760238647461,6802800
2025-07-09,PTTEP,PTTEP.BK,100.84230041503906,6381300
2025-07-11,PTTEP,PTTEP.BK,101.7760238647461,4013200
2025-07-14,PTTEP,PTTEP.BK,104.57719421386719,11731500
2025-07-15,PTTEP,PTTEP.BK,103.1766128540039,6069400
2025-07-16,PTTEP,PTTEP.BK,103.1766128540039,6492900
2025-07-17,PTTEP,PTTEP.BK,105.51091766357422,11697800
2025-07-18,PTTEP,PTTEP.BK,109.71268463134766,19191300
2025-07-21,PTTEP,PTTEP.BK,110.64641571044922,8228100
2025-07-22,PTTEP,PTTEP.BK,108.31210327148438,10990000
2025-07-23,PTTEP,PTTEP.BK,109.2458267211914,9047200
2025-07-24,PTTEP,PTTEP.BK,108.31210327148438,7774000
2025-07-25,PTTEP,PTTEP.BK,108.31210327148438,4321100
2025-07-29,PTTEP,PTTEP.BK,114.38130950927734,19919100
2025-07-30,PTTEP,PTTEP.BK,117.64935302734375,18453300
2025-07-31,PTTEP,PTTEP.BK,117.64935302734375,10810900
2025-08-01,PTTEP,PTTEP.BK,115.3150405883789,10271400
2025-08-04,PTTEP,PTTEP.BK,114.38130950927734,7263100
2025-08-05,PTTEP,PTTEP.BK,113.91444396972656,7172100
2025-08-06,PTTEP,PTTEP.BK,114.84817504882812,13502200
2025-08-07,PTTEP,PTTEP.BK,114.38130950927734,11365300
2025-08-08,PTTEP,PTTEP.BK,114.96094512939453,8837500
2025-08-13,PTTEP,PTTEP.BK,113.99488830566406,16417400
2025-08-14,PTTEP,PTTEP.BK,111.57974243164062,6361300
2025-08-15,PTTEP,PTTEP.BK,112.06277465820312,6305400
2025-08-18,PTTEP,PTTEP.BK,109.16459655761719,11510300
2025-08-19,PTTEP,PTTEP.BK,106.26641845703125,15959700
2025-08-20,PTTEP,PTTEP.BK,108.68156433105469,10824600
2025-08-21,PTTEP,PTTEP.BK,108.68156433105469,4337400
2025-08-22,PTTEP,PTTEP.BK,108.68156433105469,3497100
2025-08-25,PTTEP,PTTEP.BK,109.64762878417969,3493000
2025-08-26,PTTEP,PTTEP.BK,109.64762878417969,8128100
2025-08-27,PTTEP,PTTEP.BK,107.71550750732422,4313200
2025-08-28,PTTEP,PTTEP.BK,109.64762878417969,7819900
2025-08-29,PTTEP,PTTEP.BK,108.19853973388672,7520600
2025-09-01,PTTEP,PTTEP.BK,109.64762878417969,6710500
2025-09-02,PTTEP,PTTEP.BK,112.06277465820312,8051200
2025-09-03,PTTEP,PTTEP.BK,111.57974243164062,7661500
2025-09-04,PTTEP,PTTEP.BK,109.64762878417969,5594200
2025-09-05,PTTEP,PTTEP.BK,108.19853973388672,8106100
2025-09-08,PTTEP,PTTEP.BK,108.19853973388672,8382300
2025-09-09,PTTEP,PTTEP.BK,107.23248291015625,9560800
2025-09-10,PTTEP,PTTEP.BK,107.71550750732422,5466200
2025-09-11,PTTEP,PTTEP.BK,109.16459655761719,12652400
2025-09-12,PTTEP,PTTEP.BK,109.16459655761719,5474700
2025-09-15,PTTEP,PTTEP.BK,111.09671020507812,7538200
2025-09-16,PTTEP,PTTEP.BK,110.61368560791016,7294500
2025-09-17,PTTEP,PTTEP.BK,112.06277465820312,9310000
2025-09-18,PTTEP,PTTEP.BK,111.09671020507812,9060900
2025-09-19,PTTEP,PTTEP.BK,111.09671020507812,6169300
2025-09-22,PTTEP,PTTEP.BK,110.13065338134766,4541800
2025-09-23,PTTEP,PTTEP.BK,110.13065338134766,6180000
2025-09-24,PTTEP,PTTEP.BK,109.64762878417969,3327000
2025-09-25,PTTEP,PTTEP.BK,113.99488830566406,16831500
2025-09-26,PTTEP,PTTEP.BK,113.99488830566406,5169800
2025-09-29,PTTEP,PTTEP.BK,114.96094512939453,7310700
2025-09-30,PTTEP,PTTEP.BK,111.57974243164062,10112300
2025-10-01,PTTEP,PTTEP.BK,110.61368560791016,3884700
2025-10-02,PTTEP,PTTEP.BK,110.13065338134766,7984400
2025-10-03,PTTEP,PTTEP.BK,110.13065338134766,5578600
2025-10-06,PTTEP,PTTEP.BK,110.13065338134766,3411900
2025-10-07,PTTEP,PTTEP.BK,110.13065338134766,0
2025-10-08,PTTEP,PTTEP.BK,109.64762878417969,6022764
2025-10-09,PTTEP,PTTEP.BK,109.16459655761719,6509700
2025-10-10,PTTEP,PTTEP.BK,107.71550750732422,5277200
2025-10-14,PTTEP,PTTEP.BK,103.85127258300781,16604200
2025-10-15,PTTEP,PTTEP.BK,104.33430480957031,11813400
2025-10-16,PTTEP,PTTEP.BK,103.85127258300781,9149000
2025-10-17,PTTEP,PTTEP.BK,101.43612670898438,9621400
2025-10-20,PTTEP,PTTEP.BK,103.36824798583984,5520800
2025-10-21,PTTEP,PTTEP.BK,102.40219116210938,5159500
2025-10-22,PTTEP,PTTEP.BK,104.33430480957031,9501500
2025-10-24,PTTEP,PTTEP.BK,107.71550750732422,17632300
2025-10-27,PTTEP,PTTEP.BK,107.23248291015625,8862500
2025-10-28,PTTEP,PTTEP.BK,105.78339385986328,7008100
2025-10-29,PTTEP,PTTEP.BK,104.81733703613281,5642900
2025-10-30,PTTEP,PTTEP.BK,104.81733703613281,4689900
2025-10-31,PTTEP,PTTEP.BK,103.36824798583984,5563000
2025-11-03,PTTEP,PTTEP.BK,103.85127258300781,5234500
2025-11-04,PTTEP,PTTEP.BK,102.40219116210938,5116300
2025-11-05,PTTEP,PTTEP.BK,101.43612670898438,7500800
2025-11-06,PTTEP,PTTEP.BK,102.40219116210938,7054500
2025-11-07,PTTEP,PTTEP.BK,102.40219116210938,5492800
2025-11-10,PTTEP,PTTEP.BK,102.88521575927734,7390000
2025-11-11,PTTEP,PTTEP.BK,103.36824798583984,3304600
2025-11-12,PTTEP,PTTEP.BK,102.88521575927734,4357600
2025-11-13,PTTEP,PTTEP.BK,102.40219116210938,5821700
2025-11-14,PTTEP,PTTEP.BK,102.40219116210938,6233200
2025-11-17,PTTEP,PTTEP.BK,103.36824798583984,6267500
2025-11-18,PTTEP,PTTEP.BK,102.40219116210938,4321000
2025-11-19,PTTEP,PTTEP.BK,102.88521575927734,5565900
2025-11-20,PTTEP,PTTEP.BK,102.88521575927734,7634700
2025-11-21,PTTEP,PTTEP.BK,101.91915893554688,4891800
2025-11-24,PTTEP,PTTEP.BK,101.91915893554688,12638000
2025-11-25,PTTEP,PTTEP.BK,101.91915893554688,6196500
2025-11-26,PTTEP,PTTEP.BK,101.43612670898438,7641500
2025-11-27,PTTEP,PTTEP.BK,101.91915893554688,5339300
2025-11-28,PTTEP,PTTEP.BK,102.88521575927734,6540100
2025-12-01,PTTEP,PTTEP.BK,104.33430480957031,7475100
2025-12-02,PTTEP,PTTEP.BK,103.36824798583984,8011900
2025-12-03,PTTEP,PTTEP.BK,104.33430480957031,10265600
2025-12-04,PTTEP,PTTEP.BK,102.40219116210938,12455800
2025-12-08,PTTEP,PTTEP.BK,102.88521575927734,11653900
2025-12-09,PTTEP,PTTEP.BK,102.88521575927734,5876500
2025-12-11,PTTEP,PTTEP.BK,102.88521575927734,4169600
2025-12-12,PTTEP,PTTEP.BK,104.33430480957031,4860700
2025-12-15,PTTEP,PTTEP.BK,104.81733703613281,4276200
2025-12-16,PTTEP,PTTEP.BK,103.85127258300781,3742100
2025-12-17,PTTEP,PTTEP.BK,104.33430480957031,5581700
2025-12-18,PTTEP,PTTEP.BK,105.78339385986328,8762000
2025-12-19,PTTEP,PTTEP.BK,104.33430480957031,9587900
2025-12-22,PTTEP,PTTEP.BK,105.78339385986328,10327600
2025-12-23,PTTEP,PTTEP.BK,107.23248291015625,4225900
2025-12-24,PTTEP,PTTEP.BK,108.19853973388672,4931000
2025-12-25,PTTEP,PTTEP.BK,107.71550750732422,1673100
2025-12-26,PTTEP,PTTEP.BK,107.71550750732422,5307600
2025-12-29,PTTEP,PTTEP.BK,107.71550750732422,9557300
2025-12-30,PTTEP,PTTEP.BK,109.16459655761719,7885200
2026-01-05,PTTEP,PTTEP.BK,108.19853973388672,13457300
2026-01-06,PTTEP,PTTEP.BK,108.19853973388672,6170800
2026-01-07,PTTEP,PTTEP.BK,104.81733703613281,17974100
2026-01-08,PTTEP,PTTEP.BK,104.81733703613281,11103100
2026-01-09,PTTEP,PTTEP.BK,107.71550750732422,9228800
2026-01-12,PTTEP,PTTEP.BK,107.71550750732422,8906800
2026-01-13,PTTEP,PTTEP.BK,108.68156433105469,11901400
2026-01-14,PTTEP,PTTEP.BK,110.13065338134766,18216300
2026-01-15,PTTEP,PTTEP.BK,111.57974243164062,15288100
2026-01-16,PTTEP,PTTEP.BK,112.06277465820312,8481300
2026-01-19,PTTEP,PTTEP.BK,112.5457992553711,12654600
2026-01-20,PTTEP,PTTEP.BK,113.51185607910156,7254300
2026-01-21,PTTEP,PTTEP.BK,114.47792053222656,12503600
2026-01-22,PTTEP,PTTEP.BK,113.0288314819336,18949500
2026-01-23,PTTEP,PTTEP.BK,114.47792053222656,11567500
2026-01-26,PTTEP,PTTEP.BK,115.44397735595703,16369500
2026-01-27,PTTEP,PTTEP.BK,116.89306640625,12502700
2026-01-28,PTTEP,PTTEP.BK,120.2742691040039,22053800
2026-01-29,PTTEP,PTTEP.BK,120.2742691040039,13555300
2026-01-30,PTTEP,PTTEP.BK,118.34214782714844,11408600
2026-02-02,PTTEP,PTTEP.BK,118.82518005371094,20952400
2026-02-03,PTTEP,PTTEP.BK,117.85912322998047,11781600
2026-02-04,PTTEP,PTTEP.BK,120.75729370117188,15533400
2026-02-05,PTTEP,PTTEP.BK,120.75729370117188,9048600
2026-02-06,PTTEP,PTTEP.BK,122.68941497802734,20780500
2026-02-09,PTTEP,PTTEP.BK,124.13850402832031,21380800
2026-02-10,PTTEP,PTTEP.BK,125.10456085205078,19684600
2026-02-11,PTTEP,PTTEP.BK,125.10456085205078,15109500
2026-02-12,PTTEP,PTTEP.BK,131.86697387695312,37956100
2026-02-13,PTTEP,PTTEP.BK,130.90090942382812,13073500
2026-02-16,PTTEP,PTTEP.BK,128.4857635498047,12732200
2026-02-17,PTTEP,PTTEP.BK,130.41787719726562,14583900
2026-02-18,PTTEP,PTTEP.BK,130.41787719726562,11604500
2026-02-19,PTTEP,PTTEP.BK,135.2481689453125,25303800
2026-02-20,PTTEP,PTTEP.BK,132.34999084472656,21694700
2026-02-23,PTTEP,PTTEP.BK,134.0,19304300
2026-02-24,PTTEP,PTTEP.BK,136.5,19993400
2026-02-25,PTTEP,PTTEP.BK,136.0,12013400
2026-02-26,PTTEP,PTTEP.BK,134.0,10723000
2026-02-27,PTTEP,PTTEP.BK,137.0,17750100
2026-03-02,PTTEP,PTTEP.BK,142.0,52505400
2026-03-04,PTTEP,PTTEP.BK,137.5,65750600
2026-03-05,PTTEP,PTTEP.BK,140.0,26559500
2026-03-06,PTTEP,PTTEP.BK,141.5,25938300
2026-03-09,PTTEP,PTTEP.BK,144.0,54633800
2026-03-10,PTTEP,PTTEP.BK,140.0,31964500
2026-03-11,PTTEP,PTTEP.BK,143.5,29157500
2026-03-12,PTTEP,PTTEP.BK,144.5,23441300
2026-03-13,PTTEP,PTTEP.BK,146.5,43967900
2026-03-16,PTTEP,PTTEP.BK,145.5,17355000
2026-03-17,PTTEP,PTTEP.BK,149.0,34078200
2026-03-18,PTTEP,PTTEP.BK,147.0,13973200
2026-03-19,PTTEP,PTTEP.BK,155.0,56549100
2026-03-20,PTTEP,PTTEP.BK,154.0,27263000
2026-03-23,PTTEP,PTTEP.BK,155.0,32040200
2026-03-24,PTTEP,PTTEP.BK,154.5,28468300
2026-03-25,PTTEP,PTTEP.BK,151.5,16731500
2026-03-26,PTTEP,PTTEP.BK,158.0,31040700
2026-03-27,PTTEP,PTTEP.BK,159.5,20956200
2026-03-30,PTTEP,PTTEP.BK,161.0,26663300
2026-03-31,PTTEP,PTTEP.BK,161.5,23894000
2026-04-01,PTTEP,PTTEP.BK,156.5,32833900
2026-04-02,PTTEP,PTTEP.BK,159.5,23705500
2026-04-03,PTTEP,PTTEP.BK,157.0,10374900
2026-04-07,PTTEP,PTTEP.BK,160.0,16854500
2026-04-08,PTTEP,PTTEP.BK,151.0,39218800
2026-04-09,PTTEP,PTTEP.BK,151.5,40441300
2026-04-10,PTTEP,PTTEP.BK,151.5,12366400
2026-04-16,PTTEP,PTTEP.BK,144.0,41209500
2026-04-17,PTTEP,PTTEP.BK,145.0,25268400
2026-04-20,PTTEP,PTTEP.BK,142.0,29160600
2026-04-21,PTTEP,PTTEP.BK,143.0,11691300
2026-04-22,PTTEP,PTTEP.BK,144.0,18362700
2026-04-23,PTTEP,PTTEP.BK,147.5,30486500
2026-04-24,PTTEP,PTTEP.BK,149.5,18110200
2026-04-27,PTTEP,PTTEP.BK,149.0,17557400
2026-04-28,PTTEP,PTTEP.BK,151.0,17250500
2026-04-29,PTTEP,PTTEP.BK,151.5,20077900
2026-04-30,PTTEP,PTTEP.BK,154.0,31342800
2026-05-01,PTTEP,PTTEP.BK,154.0,0
2026-05-04,PTTEP,PTTEP.BK,154.0,0
2026-05-05,PTTEP,PTTEP.BK,157.0,18801200
2026-05-06,PTTEP,PTTEP.BK,150.5,22787000
2026-05-07,PTTEP,PTTEP.BK,147.5,24737700
2026-05-08,PTTEP,PTTEP.BK,148.5,15939900
2026-05-11,PTTEP,PTTEP.BK,150.0,16170900
2026-05-12,PTTEP,PTTEP.BK,150.5,10033600
2026-05-13,PTTEP,PTTEP.BK,151.0,7412400
2026-05-14,PTTEP,PTTEP.BK,151.0,10088500
2026-05-15,PTTEP,PTTEP.BK,150.0,9111300
2026-05-18,PTTEP,PTTEP.BK,154.0,11227900
2026-05-19,PTTEP,PTTEP.BK,152.5,10031400
2026-05-20,PTTEP,PTTEP.BK,153.0,9126800
2026-05-21,PTTEP,PTTEP.BK,150.5,10674900
2026-05-22,PTTEP,PTTEP.BK,151.0,8546100
2026-05-25,PTTEP,PTTEP.BK,148.5,9608600
2026-05-26,PTTEP,PTTEP.BK,146.5,13487400
2026-05-27,PTTEP,PTTEP.BK,144.5,12442900
2026-05-28,PTTEP,PTTEP.BK,144.0,12719000
2026-05-29,PTTEP,PTTEP.BK,141.5,41444000
2026-06-01,PTTEP,PTTEP.BK,141.5,0
2026-06-02,PTTEP,PTTEP.BK,143.0,24586800
2026-06-03,PTTEP,PTTEP.BK,143.0,0
2026-06-04,PTTEP,PTTEP.BK,144.0,18251600
2026-06-05,PTTEP,PTTEP.BK,144.5,7652900
2026-06-08,PTTEP,PTTEP.BK,147.0,21494700
2026-06-09,PTTEP,PTTEP.BK,144.5,10207700
2026-06-10,PTTEP,PTTEP.BK,143.0,9923400
2026-06-11,PTTEP,PTTEP.BK,144.5,13209900
2026-06-12,PTTEP,PTTEP.BK,142.5,16174800
2026-06-15,PTTEP,PTTEP.BK,135.5,25838300
2026-06-16,PTTEP,PTTEP.BK,135.5,23012800
2026-06-17,PTTEP,PTTEP.BK,134.0,16384300
2026-06-18,PTTEP,PTTEP.BK,134.5,11556700
2026-06-19,PTTEP,PTTEP.BK,134.0,20159800
2026-06-22,PTTEP,PTTEP.BK,133.5,10670600
2026-06-23,PTTEP,PTTEP.BK,132.5,14402800
2026-06-24,PTTEP,PTTEP.BK,131.0,12069300
2026-06-25,PTTEP,PTTEP.BK,129.5,13945300
2026-06-26,PTTEP,PTTEP.BK,130.0,9148100
2026-06-29,PTTEP,PTTEP.BK,132.0,12399300
2026-06-30,PTTEP,PTTEP.BK,134.0,20850200
2026-07-01,PTTEP,PTTEP.BK,131.5,13493900
2026-07-02,PTTEP,PTTEP.BK,130.5,15932700
2026-07-03,PTTEP,PTTEP.BK,131.5,14795800
2026-07-06,PTTEP,PTTEP.BK,133.5,12582700
2026-07-07,PTTEP,PTTEP.BK,133.5,15528600
2026-07-08,PTTEP,PTTEP.BK,141.0,68727300
2026-07-09,PTTEP,PTTEP.BK,139.5,32736900
2026-07-10,PTTEP,PTTEP.BK,139.5,18681077
2026-07-13,PTTEP,PTTEP.BK,141.0,20987900
2026-07-14,PTTEP,PTTEP.BK,144.0,38982800
2026-07-15,PTTEP,PTTEP.BK,144.0,21911500
2026-07-16,PTTEP,PTTEP.BK,143.5,19971500
2026-07-17,PTTEP,PTTEP.BK,145.5,23486100
2026-07-20,PTTEP,PTTEP.BK,146.5,27328500
2026-07-21,PTTEP,PTTEP.BK,147.0,13966200
2026-07-22,PTTEP,PTTEP.BK,148.5,39761600
2026-07-23,PTTEP,PTTEP.BK,151.5,24014600
2026-07-24,PTTEP,PTTEP.BK,150.0,22599300
2026-07-27,PTTEP,PTTEP.BK,150.0,21450000
2026-07-28,PTTEP,PTTEP.BK,150.0,0
2026-07-29,PTTEP,PTTEP.BK,150.0,0
2026-07-30,PTTEP,PTTEP.BK,148.5,22956000
2026-07-31,PTTEP,PTTEP.BK,149.0,18797200
2026-08-03,PTTEP,PTTEP.BK,149.0,30974200
2026-08-04,PTTEP,PTTEP.BK,149.0,18814800
2026-08-05,PTTEP,PTTEP.BK,146.5,32503500
2026-08-06,PTTEP,PTTEP.BK,149.0,16376400
2026-08-07,PTTEP,PTTEP.BK,,11345157
2019-01-02,PTT,PTT.BK,31.00513458251953,30481900
2019-01-03,PTT,PTT.BK,30.502351760864258,53438400
2019-01-04,PTT,PTT.BK,31.340330123901367,60708300
2019-01-07,PTT,PTT.BK,32.17830276489258,86356300
2019-01-08,PTT,PTT.BK,32.17830276489258,50671500
2019-01-09,PTT,PTT.BK,32.34589767456055,61760500
2019-01-10,PTT,PTT.BK,32.68108367919922,70224300
2019-01-11,PTT,PTT.BK,33.01628494262695,46822700
2019-01-14,PTT,PTT.BK,32.17830276489258,63594700
2019-01-15,PTT,PTT.BK,32.01070785522461,42908000
2019-01-16,PTT,PTT.BK,31.84311866760254,71303600
2019-01-17,PTT,PTT.BK,31.675518035888672,53656000
2019-01-18,PTT,PTT.BK,32.34589767456055,43114000
2019-01-21,PTT,PTT.BK,32.68108367919922,40896500
2019-01-22,PTT,PTT.BK,33.183876037597656,60630600
2019-01-23,PTT,PTT.BK,33.183876037597656,97284200
2019-01-24,PTT,PTT.BK,32.84868240356445,65759600
2019-01-25,PTT,PTT.BK,32.68108367919922,68842000
2019-01-28,PTT,PTT.BK,32.68108367919922,44516700
2019-01-29,PTT,PTT.BK,32.34589767456055,82281100
2019-01-30,PTT,PTT.BK,32.34589767456055,51236800
2019-01-31,PTT,PTT.BK,32.513492584228516,61479100
2019-02-01,PTT,PTT.BK,33.183876037597656,45486300
2019-02-04,PTT,PTT.BK,33.01628494262695,42524900
2019-02-05,PTT,PTT.BK,33.01628494262695,18570600
2019-02-06,PTT,PTT.BK,32.68108367919922,30913700
2019-02-07,PTT,PTT.BK,32.84868240356445,43047500
2019-02-08,PTT,PTT.BK,32.513492584228516,52078500
2019-02-11,PTT,PTT.BK,32.34589767456055,45073400
2019-02-12,PTT,PTT.BK,32.513492584228516,25236800
2019-02-13,PTT,PTT.BK,32.84868240356445,55507500
2019-02-14,PTT,PTT.BK,32.34589767456055,66581400
2019-02-15,PTT,PTT.BK,32.34589767456055,51281500
2019-02-18,PTT,PTT.BK,32.513492584228516,38098300
2019-02-20,PTT,PTT.BK,32.84868240356445,54250800
2019-02-21,PTT,PTT.BK,32.68108367919922,39701600
2019-02-22,PTT,PTT.BK,33.01628494262695,54555900
2019-02-25,PTT,PTT.BK,33.35147476196289,66032200
2019-02-26,PTT,PTT.BK,32.84868240356445,56262500
2019-02-27,PTT,PTT.BK,33.01628494262695,36652900
2019-02-28,PTT,PTT.BK,32.513492584228516,74772600
2019-03-01,PTT,PTT.BK,32.68108367919922,50324500
2019-03-04,PTT,PTT.BK,32.68108367919922,42714600
2019-03-05,PTT,PTT.BK,32.68108367919922,40786100
2019-03-06,PTT,PTT.BK,32.646728515625,39502400
2019-03-07,PTT,PTT.BK,32.81855010986328,45868600
2019-03-08,PTT,PTT.BK,32.646728515625,42416300
2019-03-11,PTT,PTT.BK,32.47489929199219,34589700
2019-03-12,PTT,PTT.BK,32.47489929199219,34074500
2019-03-13,PTT,PTT.BK,32.81855010986328,50919200
2019-03-14,PTT,PTT.BK,32.99037551879883,47689700
2019-03-15,PTT,PTT.BK,33.16219711303711,67054000
2019-03-18,PTT,PTT.BK,32.81855010986328,50423100
2019-03-19,PTT,PTT.BK,33.334022521972656,40416300
2019-03-20,PTT,PTT.BK,33.16219711303711,37376700
2019-03-21,PTT,PTT.BK,33.16219711303711,47539000
2019-03-22,PTT,PTT.BK,33.50584411621094,46427000
2019-03-25,PTT,PTT.BK,32.81855010986328,75544200
2019-03-26,PTT,PTT.BK,32.99037551879883,48308300
2019-03-27,PTT,PTT.BK,32.646728515625,59392600
2019-03-28,PTT,PTT.BK,32.646728515625,45521900
2019-03-29,PTT,PTT.BK,32.99037551879883,31394100
2019-04-01,PTT,PTT.BK,32.99037551879883,42727400
2019-04-02,PTT,PTT.BK,32.99037551879883,34675200
2019-04-03,PTT,PTT.BK,33.16219711303711,62638000
2019-04-04,PTT,PTT.BK,32.99037551879883,26875900
2019-04-05,PTT,PTT.BK,32.81855010986328,28256400
2019-04-09,PTT,PTT.BK,32.99037551879883,41015400
2019-04-10,PTT,PTT.BK,33.16219711303711,47147000
2019-04-11,PTT,PTT.BK,33.16219711303711,21735500
2019-04-12,PTT,PTT.BK,32.99037551879883,20434800
2019-04-17,PTT,PTT.BK,33.334022521972656,80575800
2019-04-18,PTT,PTT.BK,33.50584411621094,26839600
2019-04-19,PTT,PTT.BK,33.334022521972656,9213100
2019-04-22,PTT,PTT.BK,33.84950256347656,85567700
2019-04-23,PTT,PTT.BK,34.02132034301758,59826300
2019-04-24,PTT,PTT.BK,34.02132034301758,66025200
2019-04-25,PTT,PTT.BK,34.02132034301758,36027300
2019-04-26,PTT,PTT.BK,33.84950256347656,42478000
2019-04-29,PTT,PTT.BK,33.50584411621094,31093700
2019-04-30,PTT,PTT.BK,33.50584411621094,36313700
2019-05-02,PTT,PTT.BK,33.67767333984375,24142900
2019-05-03,PTT,PTT.BK,33.84950256347656,34370400
2019-05-07,PTT,PTT.BK,33.50584411621094,71380400
2019-05-08,PTT,PTT.BK,32.99037551879883,60392200
2019-05-09,PTT,PTT.BK,32.646728515625,65309100
2019-05-10,PTT,PTT.BK,32.81855010986328,39293800
2019-05-13,PTT,PTT.BK,32.646728515625,42830900
2019-05-14,PTT,PTT.BK,32.47489929199219,53515100
2019-05-15,PTT,PTT.BK,32.47489929199219,26120400
2019-05-16,PTT,PTT.BK,32.303077697753906,38097800
2019-05-17,PTT,PTT.BK,31.959430694580078,59669500
2019-05-21,PTT,PTT.BK,31.787599563598633,63587200
2019-05-22,PTT,PTT.BK,31.959430694580078,50385300
2019-05-23,PTT,PTT.BK,31.443954467773438,32282200
2019-05-24,PTT,PTT.BK,31.443954467773438,65756200
2019-05-27,PTT,PTT.BK,31.787599563598633,25633000
2019-05-28,PTT,PTT.BK,32.47489929199219,105796000
2019-05-29,PTT,PTT.BK,31.959430694580078,32579800
2019-05-30,PTT,PTT.BK,31.787599563598633,41340600
2019-05-31,PTT,PTT.BK,31.787599563598633,38579900
2019-06-04,PTT,PTT.BK,31.959430694580078,62919700
2019-06-05,PTT,PTT.BK,32.303077697753906,41894200
2019-06-06,PTT,PTT.BK,32.303077697753906,29504100
2019-06-07,PTT,PTT.BK,32.303077697753906,31203700
2019-06-10,PTT,PTT.BK,32.47489929199219,62287800
2019-06-11,PTT,PTT.BK,32.646728515625,53160200
2019-06-12,PTT,PTT.BK,32.303077697753906,29206300
2019-06-13,PTT,PTT.BK,32.303077697753906,53014500
2019-06-14,PTT,PTT.BK,31.959430694580078,23853800
2019-06-17,PTT,PTT.BK,31.959430694580078,29257600
2019-06-18,PTT,PTT.BK,32.646728515625,43570800
2019-06-19,PTT,PTT.BK,32.99037551879883,96102900
2019-06-20,PTT,PTT.BK,33.50584411621094,96692400
2019-06-21,PTT,PTT.BK,33.67767333984375,101717200
2019-06-24,PTT,PTT.BK,33.67767333984375,41335300
2019-06-25,PTT,PTT.BK,33.50584411621094,63759000
2019-06-26,PTT,PTT.BK,33.334022521972656,61454600
2019-06-27,PTT,PTT.BK,33.50584411621094,41623900
2019-06-28,PTT,PTT.BK,33.50584411621094,26162200
2019-07-01,PTT,PTT.BK,34.02132034301758,52067800
2019-07-02,PTT,PTT.BK,33.334022521972656,51490800
2019-07-03,PTT,PTT.BK,33.16219711303711,44524800
2019-07-04,PTT,PTT.BK,33.16219711303711,49509400
2019-07-05,PTT,PTT.BK,33.16219711303711,20907100
2019-07-08,PTT,PTT.BK,33.16219711303711,12375900
2019-07-09,PTT,PTT.BK,32.81855010986328,39812400
2019-07-10,PTT,PTT.BK,33.16219711303711,56289300
2019-07-11,PTT,PTT.BK,33.16219711303711,47516200
2019-07-12,PTT,PTT.BK,32.81855010986328,52101300
2019-07-15,PTT,PTT.BK,32.81855010986328,52288400
2019-07-17,PTT,PTT.BK,32.99037551879883,40867000
2019-07-18,PTT,PTT.BK,32.81855010986328,42921300
2019-07-19,PTT,PTT.BK,32.81855010986328,32629400
2019-07-22,PTT,PTT.BK,32.81855010986328,34406000
2019-07-23,PTT,PTT.BK,32.81855010986328,21060200
2019-07-24,PTT,PTT.BK,32.81855010986328,34429900
2019-07-25,PTT,PTT.BK,32.81855010986328,20087500
2019-07-26,PTT,PTT.BK,32.47489929199219,41728200
2019-07-30,PTT,PTT.BK,32.47489929199219,23789900
2019-07-31,PTT,PTT.BK,32.47489929199219,34634400
2019-08-01,PTT,PTT.BK,32.47489929199219,25010600
2019-08-02,PTT,PTT.BK,31.615774154663086,109691800
2019-08-05,PTT,PTT.BK,31.443954467773438,54457300
2019-08-06,PTT,PTT.BK,31.272127151489258,63979300
2019-08-07,PTT,PTT.BK,30.928476333618164,61688200
2019-08-08,PTT,PTT.BK,30.413002014160156,89147100
2019-08-09,PTT,PTT.BK,30.413002014160156,40806300
2019-08-13,PTT,PTT.BK,29.553882598876953,101437800
2019-08-14,PTT,PTT.BK,29.7257022857666,84574000
2019-08-15,PTT,PTT.BK,29.038402557373047,99627300
2019-08-16,PTT,PTT.BK,29.382047653198242,43127600
2019-08-19,PTT,PTT.BK,29.7257022857666,47577500
2019-08-20,PTT,PTT.BK,29.382047653198242,33490200
2019-08-21,PTT,PTT.BK,29.553882598876953,29780800
2019-08-22,PTT,PTT.BK,29.038402557373047,83616100
2019-08-23,PTT,PTT.BK,29.210227966308594,20612900
2019-08-26,PTT,PTT.BK,28.179275512695312,88299000
2019-08-27,PTT,PTT.BK,28.0074520111084,80169300
2019-08-28,PTT,PTT.BK,28.179275512695312,28287600
2019-08-29,PTT,PTT.BK,29.7257022857666,109703100
2019-08-30,PTT,PTT.BK,30.413002014160156,94049500
2019-09-02,PTT,PTT.BK,29.897531509399414,48614200
2019-09-03,PTT,PTT.BK,29.382047653198242,46176100
2019-09-04,PTT,PTT.BK,29.897531509399414,45669600
2019-09-05,PTT,PTT.BK,30.413002014160156,51698600
2019-09-06,PTT,PTT.BK,30.58482551574707,29316600
2019-09-09,PTT,PTT.BK,30.928476333618164,33094400
2019-09-10,PTT,PTT.BK,31.272127151489258,44756700
2019-09-11,PTT,PTT.BK,31.443954467773438,43756200
2019-09-12,PTT,PTT.BK,31.272127151489258,37933400
2019-09-13,PTT,PTT.BK,31.272127151489258,37103000
2019-09-16,PTT,PTT.BK,32.303077697753906,109572700
2019-09-17,PTT,PTT.BK,32.47489929199219,83573700
2019-09-18,PTT,PTT.BK,31.443954467773438,91383800
2019-09-19,PTT,PTT.BK,31.100299835205078,46595800
2019-09-20,PTT,PTT.BK,31.272127151489258,72291500
2019-09-23,PTT,PTT.BK,31.443954467773438,43060500
2019-09-24,PTT,PTT.BK,31.787599563598633,39281300
2019-09-25,PTT,PTT.BK,31.615774154663086,38430600
2019-09-26,PTT,PTT.BK,31.615774154663086,41834400
2019-09-27,PTT,PTT.BK,31.615774154663086,42434900
2019-09-30,PTT,PTT.BK,31.787599563598633,48000500
2019-10-01,PTT,PTT.BK,31.443954467773438,35882000
2019-10-02,PTT,PTT.BK,31.443954467773438,41306600
2019-10-03,PTT,PTT.BK,31.272127151489258,51159300
2019-10-04,PTT,PTT.BK,31.443954467773438,18036800
2019-10-07,PTT,PTT.BK,31.615774154663086,24833700
2019-10-08,PTT,PTT.BK,31.443954467773438,25986400
2019-10-09,PTT,PTT.BK,31.443954467773438,28119300
2019-10-10,PTT,PTT.BK,31.19856834411621,44578000
2019-10-11,PTT,PTT.BK,31.724390029907227,49071300
2019-10-15,PTT,PTT.BK,31.549116134643555,31686200
2019-10-16,PTT,PTT.BK,31.549116134643555,33940300
2019-10-17,PTT,PTT.BK,31.023298263549805,41839500
2019-10-18,PTT,PTT.BK,31.19856834411621,25782300
2019-10-21,PTT,PTT.BK,31.023298263549805,21384300
2019-10-22,PTT,PTT.BK,31.373844146728516,15780100
2019-10-24,PTT,PTT.BK,31.373844146728516,41726700
2019-10-25,PTT,PTT.BK,31.19856834411621,27856900
2019-10-28,PTT,PTT.BK,31.19856834411621,23898200
2019-10-29,PTT,PTT.BK,31.19856834411621,28255100
2019-10-30,PTT,PTT.BK,31.899662017822266,59666100
2019-10-31,PTT,PTT.BK,31.724390029907227,61242200
2019-11-01,PTT,PTT.BK,31.724390029907227,30744800
2019-11-04,PTT,PTT.BK,31.899662017822266,58485500
2019-11-05,PTT,PTT.BK,32.07493209838867,54410800
2019-11-06,PTT,PTT.BK,31.899662017822266,51214200
2019-11-07,PTT,PTT.BK,32.25020980834961,80378200
2019-11-08,PTT,PTT.BK,31.899662017822266,66256800
2019-11-11,PTT,PTT.BK,31.724390029907227,45495600
2019-11-12,PTT,PTT.BK,31.724390029907227,36738100
2019-11-13,PTT,PTT.BK,31.724390029907227,19448300
2019-11-14,PTT,PTT.BK,31.373844146728516,48616100
2019-11-15,PTT,PTT.BK,31.373844146728516,28837900
2019-11-18,PTT,PTT.BK,31.19856834411621,43191600
2019-11-19,PTT,PTT.BK,30.672748565673828,96012900
2019-11-20,PTT,PTT.BK,30.146934509277344,63434600
2019-11-21,PTT,PTT.BK,30.322206497192383,39145000
2019-11-22,PTT,PTT.BK,30.322206497192383,14441700
2019-11-25,PTT,PTT.BK,30.497480392456055,38908500
2019-11-26,PTT,PTT.BK,30.322206497192383,80037300
2019-11-27,PTT,PTT.BK,30.497480392456055,47384800
2019-11-28,PTT,PTT.BK,30.497480392456055,12772600
2019-11-29,PTT,PTT.BK,30.322206497192383,43033900
2019-12-02,PTT,PTT.BK,29.79638671875,51835600
2019-12-03,PTT,PTT.BK,29.270570755004883,50405700
2019-12-04,PTT,PTT.BK,29.621112823486328,44312600
2019-12-06,PTT,PTT.BK,29.445842742919922,34376400
2019-12-09,PTT,PTT.BK,29.621112823486328,26918700
2019-12-11,PTT,PTT.BK,29.445842742919922,61259700
2019-12-12,PTT,PTT.BK,29.97165870666504,48892000
2019-12-13,PTT,PTT.BK,30.848026275634766,61368700
2019-12-16,PTT,PTT.BK,30.497480392456055,47295200
2019-12-17,PTT,PTT.BK,30.672748565673828,41898500
2019-12-18,PTT,PTT.BK,31.373844146728516,42178000
2019-12-19,PTT,PTT.BK,31.023298263549805,64486600
2019-12-20,PTT,PTT.BK,31.19856834411621,59579700
2019-12-23,PTT,PTT.BK,31.373844146728516,23862100
2019-12-24,PTT,PTT.BK,31.023298263549805,32913200
2019-12-25,PTT,PTT.BK,31.023298263549805,11687500
2019-12-26,PTT,PTT.BK,31.19856834411621,11117700
2019-12-27,PTT,PTT.BK,31.023298263549805,55385800
2019-12-30,PTT,PTT.BK,30.848026275634766,33688500
2020-01-02,PTT,PTT.BK,31.899662017822266,59084700
2020-01-03,PTT,PTT.BK,32.60075378417969,147370600
2020-01-06,PTT,PTT.BK,32.951297760009766,91026800
2020-01-07,PTT,PTT.BK,33.12657165527344,60059600
2020-01-08,PTT,PTT.BK,32.776031494140625,57759900
2020-01-09,PTT,PTT.BK,32.951297760009766,52687500
2020-01-10,PTT,PTT.BK,32.60075378417969,46958400
2020-01-13,PTT,PTT.BK,32.60075378417969,34881800
2020-01-14,PTT,PTT.BK,32.25020980834961,33151000
2020-01-15,PTT,PTT.BK,31.899662017822266,54902500
2020-01-16,PTT,PTT.BK,32.25020980834961,22148600
2020-01-17,PTT,PTT.BK,32.25020980834961,35360400
2020-01-20,PTT,PTT.BK,32.425479888916016,18111800
2020-01-21,PTT,PTT.BK,32.60075378417969,41680400
2020-01-22,PTT,PTT.BK,32.425479888916016,27232000
2020-01-23,PTT,PTT.BK,32.07493209838867,42931800
2020-01-24,PTT,PTT.BK,31.724390029907227,48022500
2020-01-27,PTT,PTT.BK,30.497480392456055,81866700
2020-01-28,PTT,PTT.BK,30.672748565673828,52014600
2020-01-29,PTT,PTT.BK,30.497480392456055,58874300
2020-01-30,PTT,PTT.BK,30.497480392456055,15786000
2020-01-31,PTT,PTT.BK,30.322206497192383,33971300
2020-02-03,PTT,PTT.BK,29.97165870666504,41357700
2020-02-04,PTT,PTT.BK,30.146934509277344,48374600
2020-02-05,PTT,PTT.BK,30.322206497192383,53322800
2020-02-06,PTT,PTT.BK,30.672748565673828,57822000
2020-02-07,PTT,PTT.BK,30.497480392456055,38887000
2020-02-11,PTT,PTT.BK,30.146934509277344,47458700
2020-02-12,PTT,PTT.BK,30.322206497192383,40596700
2020-02-13,PTT,PTT.BK,30.146934509277344,30805100
2020-02-14,PTT,PTT.BK,30.146934509277344,24283500
2020-02-17,PTT,PTT.BK,30.146934509277344,29068200
2020-02-18,PTT,PTT.BK,29.97165870666504,19227100
2020-02-19,PTT,PTT.BK,30.848026275634766,79842400
2020-02-20,PTT,PTT.BK,31.373844146728516,59181300
2020-02-21,PTT,PTT.BK,31.19856834411621,45151700
2020-02-24,PTT,PTT.BK,29.97165870666504,79722500
2020-02-25,PTT,PTT.BK,29.79638671875,68580100
2020-02-26,PTT,PTT.BK,29.095298767089844,91569300
2020-02-27,PTT,PTT.BK,29.270570755004883,78430600
2020-02-28,PTT,PTT.BK,27.342571258544922,135415600
2020-03-02,PTT,PTT.BK,27.517837524414062,131743600
2020-03-03,PTT,PTT.BK,28.569477081298828,82152500
2020-03-04,PTT,PTT.BK,28.461393356323242,62206800
2020-03-05,PTT,PTT.BK,28.10112953186035,52775600
2020-03-06,PTT,PTT.BK,27.02031707763672,71759400
2020-03-09,PTT,PTT.BK,20.17516326904297,643782000
2020-03-10,PTT,PTT.BK,20.535436630249023,325595400
2020-03-11,PTT,PTT.BK,21.075841903686523,273511400
2020-03-12,PTT,PTT.BK,19.094350814819336,252899600
2020-03-13,PTT,PTT.BK,20.17516326904297,390830800
2020-03-16,PTT,PTT.BK,18.914222717285156,168223100
2020-03-17,PTT,PTT.BK,18.73408317565918,193054600
2020-03-18,PTT,PTT.BK,19.094350814819336,121063700
2020-03-19,PTT,PTT.BK,18.55394744873047,156500700
2020-03-20,PTT,PTT.BK,21.2559814453125,199378000
2020-03-23,PTT,PTT.BK,19.634761810302734,166909300
2020-03-24,PTT,PTT.BK,20.895708084106445,185795900
2020-03-25,PTT,PTT.BK,22.516929626464844,225148500
2020-03-26,PTT,PTT.BK,22.516929626464844,142242900
2020-03-27,PTT,PTT.BK,21.61625099182129,148090400
2020-03-30,PTT,PTT.BK,20.895708084106445,7500500
2020-03-31,PTT,PTT.BK,22.156658172607422,113739000
2020-04-01,PTT,PTT.BK,21.796384811401367,112603400
2020-04-02,PTT,PTT.BK,24.318283081054688,235135400
2020-04-03,PTT,PTT.BK,25.579227447509766,267035700
2020-04-07,PTT,PTT.BK,27.560720443725586,214399300
2020-04-08,PTT,PTT.BK,25.939502716064453,171353300
2020-04-09,PTT,PTT.BK,25.759366989135742,155937800
2020-04-10,PTT,PTT.BK,25.939502716064453,79974300
2020-04-13,PTT,PTT.BK,25.759366989135742,65183100
2020-04-14,PTT,PTT.BK,25.939502716064453,79894600
2020-04-15,PTT,PTT.BK,25.579227447509766,89542500
2020-04-16,PTT,PTT.BK,23.958009719848633,129900200
2020-04-17,PTT,PTT.BK,24.678552627563477,122747300
2020-04-20,PTT,PTT.BK,25.399093627929688,87463700
2020-04-21,PTT,PTT.BK,24.4984188079834,109237800
2020-04-22,PTT,PTT.BK,23.958009719848633,145407200
2020-04-23,PTT,PTT.BK,24.318283081054688,102677100
2020-04-24,PTT,PTT.BK,24.4984188079834,122083100
2020-04-27,PTT,PTT.BK,24.4984188079834,52826400
2020-04-28,PTT,PTT.BK,24.138145446777344,87950300
2020-04-29,PTT,PTT.BK,24.4984188079834,70051700
2020-04-30,PTT,PTT.BK,25.579227447509766,182032900
2020-05-05,PTT,PTT.BK,25.218957901000977,93125700
2020-05-07,PTT,PTT.BK,24.678552627563477,64787000
2020-05-08,PTT,PTT.BK,25.399093627929688,68596200
2020-05-11,PTT,PTT.BK,25.579227447509766,88413800
2020-05-12,PTT,PTT.BK,26.1196346282959,71991100
2020-05-13,PTT,PTT.BK,25.939502716064453,49095100
2020-05-14,PTT,PTT.BK,25.579227447509766,45709300
2020-05-15,PTT,PTT.BK,25.579227447509766,78668000
2020-05-18,PTT,PTT.BK,25.939502716064453,77226800
2020-05-19,PTT,PTT.BK,26.299772262573242,106752100
2020-05-20,PTT,PTT.BK,26.479902267456055,46700700
2020-05-21,PTT,PTT.BK,26.6600399017334,47689600
2020-05-22,PTT,PTT.BK,25.759366989135742,69384300
2020-05-25,PTT,PTT.BK,26.1196346282959,25186200
2020-05-26,PTT,PTT.BK,26.479902267456055,47875500
2020-05-27,PTT,PTT.BK,26.299772262573242,39041200
2020-05-28,PTT,PTT.BK,25.579227447509766,74678900
2020-05-29,PTT,PTT.BK,25.579227447509766,92200800
2020-06-01,PTT,PTT.BK,25.939502716064453,57097800
2020-06-02,PTT,PTT.BK,26.6600399017334,53305400
2020-06-04,PTT,PTT.BK,27.380582809448242,112629200
2020-06-05,PTT,PTT.BK,28.461393356323242,172777600
2020-06-08,PTT,PTT.BK,29.362071990966797,120902300
2020-06-09,PTT,PTT.BK,28.10112953186035,116567300
2020-06-10,PTT,PTT.BK,28.281259536743164,66057000
2020-06-11,PTT,PTT.BK,27.740861892700195,55341900
2020-06-12,PTT,PTT.BK,26.840179443359375,93979600
2020-06-15,PTT,PTT.BK,26.299772262573242,74051700
2020-06-16,PTT,PTT.BK,27.380582809448242,78565000
2020-06-17,PTT,PTT.BK,27.380582809448242,77566900
2020-06-18,PTT,PTT.BK,27.200448989868164,34172200
2020-06-19,PTT,PTT.BK,27.560720443725586,48335300
2020-06-22,PTT,PTT.BK,27.740861892700195,43698000
2020-06-23,PTT,PTT.BK,27.92098617553711,27061200
2020-06-24,PTT,PTT.BK,27.02031707763672,45653000
2020-06-25,PTT,PTT.BK,26.840179443359375,50161000
2020-06-26,PTT,PTT.BK,26.6600399017334,32050100
2020-06-29,PTT,PTT.BK,26.840179443359375,35798700
2020-06-30,PTT,PTT.BK,27.200448989868164,48960900
2020-07-01,PTT,PTT.BK,27.740861892700195,51477700
2020-07-02,PTT,PTT.BK,28.10112953186035,85892400
2020-07-03,PTT,PTT.BK,28.281259536743164,45900700
2020-07-07,PTT,PTT.BK,29.001802444458008,98297800
2020-07-08,PTT,PTT.BK,28.461393356323242,75150800
2020-07-09,PTT,PTT.BK,28.281259536743164,52227100
2020-07-10,PTT,PTT.BK,27.560720443725586,51049000
2020-07-13,PTT,PTT.BK,27.02031707763672,51480300
2020-07-14,PTT,PTT.BK,27.380582809448242,33133600
2020-07-15,PTT,PTT.BK,27.92098617553711,44600300
2020-07-16,PTT,PTT.BK,27.560720443725586,37275700
2020-07-17,PTT,PTT.BK,27.92098617553711,27833900
2020-07-20,PTT,PTT.BK,27.740861892700195,25566500
2020-07-21,PTT,PTT.BK,29.001802444458008,65615400
2020-07-22,PTT,PTT.BK,28.461393356323242,65462200
2020-07-23,PTT,PTT.BK,28.64153480529785,36524100
2020-07-24,PTT,PTT.BK,27.740861892700195,42731400
2020-07-29,PTT,PTT.BK,27.740861892700195,29212400
2020-07-30,PTT,PTT.BK,27.380582809448242,37445600
2020-07-31,PTT,PTT.BK,28.10112953186035,75399200
2020-08-03,PTT,PTT.BK,27.740861892700195,35058600
2020-08-04,PTT,PTT.BK,27.380582809448242,60854500
2020-08-05,PTT,PTT.BK,28.10112953186035,61561600
2020-08-06,PTT,PTT.BK,27.92098617553711,34953700
2020-08-07,PTT,PTT.BK,27.560720443725586,59234200
2020-08-10,PTT,PTT.BK,27.200448989868164,23190400
2020-08-11,PTT,PTT.BK,27.02031707763672,61644200
2020-08-13,PTT,PTT.BK,27.560720443725586,61045300
2020-08-14,PTT,PTT.BK,27.200448989868164,38129200
2020-08-17,PTT,PTT.BK,27.380582809448242,20152300
2020-08-18,PTT,PTT.BK,27.380582809448242,31995400
2020-08-19,PTT,PTT.BK,26.840179443359375,55437600
2020-08-20,PTT,PTT.BK,26.1196346282959,49667200
2020-08-21,PTT,PTT.BK,26.299772262573242,35237700
2020-08-24,PTT,PTT.BK,26.479902267456055,40119000
2020-08-25,PTT,PTT.BK,26.840179443359375,40673600
2020-08-26,PTT,PTT.BK,26.6600399017334,32468600
2020-08-27,PTT,PTT.BK,26.840179443359375,66120700
2020-08-28,PTT,PTT.BK,26.479902267456055,60845600
2020-08-31,PTT,PTT.BK,25.939502716064453,58945200
2020-09-01,PTT,PTT.BK,26.1196346282959,32744800
2020-09-02,PTT,PTT.BK,26.299772262573242,31752700
2020-09-03,PTT,PTT.BK,25.939502716064453,33798000
2020-09-08,PTT,PTT.BK,25.218957901000977,38232100
2020-09-09,PTT,PTT.BK,25.399093627929688,52814100
2020-09-10,PTT,PTT.BK,25.399093627929688,33592600
2020-09-11,PTT,PTT.BK,25.218957901000977,22348300
2020-09-14,PTT,PTT.BK,25.218957901000977,30045200
2020-09-15,PTT,PTT.BK,25.399093627929688,45036600
2020-09-16,PTT,PTT.BK,25.399093627929688,37845700
2020-09-17,PTT,PTT.BK,25.759366989135742,32618600
2020-09-18,PTT,PTT.BK,25.399093627929688,56531100
2020-09-21,PTT,PTT.BK,25.218957901000977,30099100
2020-09-22,PTT,PTT.BK,24.678552627563477,53563000
2020-09-23,PTT,PTT.BK,24.138145446777344,53308400
2020-09-24,PTT,PTT.BK,23.417606353759766,65105400
2020-09-25,PTT,PTT.BK,23.417606353759766,43553600
2020-09-28,PTT,PTT.BK,24.138145446777344,43085800
2020-09-29,PTT,PTT.BK,23.958009719848633,34346000
2020-09-30,PTT,PTT.BK,23.18283462524414,55633600
2020-10-01,PTT,PTT.BK,23.90730094909668,35311400
2020-10-02,PTT,PTT.BK,23.363950729370117,46626700
2020-10-05,PTT,PTT.BK,23.363950729370117,33832700
2020-10-06,PTT,PTT.BK,23.90730094909668,67785500
2020-10-07,PTT,PTT.BK,23.90730094909668,43231700
2020-10-08,PTT,PTT.BK,23.90730094909668,55614500
2020-10-09,PTT,PTT.BK,24.088415145874023,38909600
2020-10-12,PTT,PTT.BK,24.812875747680664,78586500
2020-10-14,PTT,PTT.BK,24.088415145874023,60663600
2020-10-15,PTT,PTT.BK,23.90730094909668,61294100
2020-10-16,PTT,PTT.BK,23.72618293762207,49334500
2020-10-19,PTT,PTT.BK,23.545068740844727,37145300
2020-10-20,PTT,PTT.BK,23.363950729370117,54014500
2020-10-21,PTT,PTT.BK,23.363950729370117,49705800
2020-10-22,PTT,PTT.BK,23.363950729370117,38068700
2020-10-26,PTT,PTT.BK,23.363950729370117,32681300
2020-10-27,PTT,PTT.BK,23.18283462524414,47632800
2020-10-28,PTT,PTT.BK,22.820602416992188,51605900
2020-10-29,PTT,PTT.BK,22.458370208740234,52314400
2020-10-30,PTT,PTT.BK,22.458370208740234,56732200
2020-11-02,PTT,PTT.BK,22.458370208740234,30857500
2020-11-03,PTT,PTT.BK,23.72618293762207,65590200
2020-11-04,PTT,PTT.BK,23.545068740844727,45413600
2020-11-05,PTT,PTT.BK,24.63176155090332,82258200
2020-11-06,PTT,PTT.BK,24.63176155090332,60023200
2020-11-09,PTT,PTT.BK,25.17510986328125,93598600
2020-11-10,PTT,PTT.BK,27.710731506347656,176251200
2020-11-11,PTT,PTT.BK,27.710731506347656,110716000
2020-11-12,PTT,PTT.BK,26.986270904541016,100172800
2020-11-13,PTT,PTT.BK,27.167387008666992,71186700
2020-11-16,PTT,PTT.BK,27.167387008666992,48351600
2020-11-17,PTT,PTT.BK,27.167387008666992,66524600
2020-11-18,PTT,PTT.BK,27.52961540222168,56396500
2020-11-19,PTT,PTT.BK,27.34849739074707,51648000
2020-11-20,PTT,PTT.BK,27.710731506347656,67251700
2020-11-23,PTT,PTT.BK,29.340776443481445,138790200
2020-11-24,PTT,PTT.BK,28.978540420532227,162888600
2020-11-25,PTT,PTT.BK,30.06523895263672,195748500
2020-11-26,PTT,PTT.BK,30.427473068237305,83353600
2020-11-27,PTT,PTT.BK,30.246355056762695,54491000
2020-11-30,PTT,PTT.BK,28.978540420532227,108599500
2020-12-01,PTT,PTT.BK,29.7030086517334,55254600
2020-12-02,PTT,PTT.BK,29.7030086517334,73399900
2020-12-03,PTT,PTT.BK,30.608585357666016,96101000
2020-12-04,PTT,PTT.BK,31.151931762695312,92410000
2020-12-08,PTT,PTT.BK,31.333045959472656,117678700
2020-12-09,PTT,PTT.BK,31.151931762695312,71762300
2020-12-14,PTT,PTT.BK,30.608585357666016,77686300
2020-12-15,PTT,PTT.BK,30.97081756591797,64379400
2020-12-16,PTT,PTT.BK,30.789703369140625,52564400
2020-12-17,PTT,PTT.BK,30.608585357666016,35362500
2020-12-18,PTT,PTT.BK,30.97081756591797,134028200
2020-12-21,PTT,PTT.BK,29.340776443481445,106732300
2020-12-22,PTT,PTT.BK,29.884124755859375,97200700
2020-12-23,PTT,PTT.BK,29.15966033935547,122121200
2020-12-24,PTT,PTT.BK,29.884124755859375,45405500
2020-12-25,PTT,PTT.BK,30.427473068237305,32414000
2020-12-28,PTT,PTT.BK,29.7030086517334,60698100
2020-12-29,PTT,PTT.BK,30.789703369140625,41046600
2020-12-30,PTT,PTT.BK,30.789703369140625,67293300
2021-01-04,PTT,PTT.BK,30.789703369140625,74638600
2021-01-05,PTT,PTT.BK,30.427473068237305,75867500
2021-01-06,PTT,PTT.BK,30.97081756591797,88565400
2021-01-07,PTT,PTT.BK,30.789703369140625,63128900
2021-01-08,PTT,PTT.BK,30.97081756591797,83698400
2021-01-11,PTT,PTT.BK,31.151931762695312,45553200
2021-01-12,PTT,PTT.BK,31.695287704467773,101081900
2021-01-13,PTT,PTT.BK,32.2386360168457,129830400
2021-01-14,PTT,PTT.BK,31.87639808654785,66527800
2021-01-15,PTT,PTT.BK,31.333045959472656,124773600
2021-01-18,PTT,PTT.BK,30.789703369140625,82965000
2021-01-19,PTT,PTT.BK,29.7030086517334,154588600
2021-01-20,PTT,PTT.BK,29.7030086517334,93360500
2021-01-21,PTT,PTT.BK,29.521892547607422,73920700
2021-01-22,PTT,PTT.BK,28.61631202697754,105024200
2021-01-25,PTT,PTT.BK,28.978540420532227,78808700
2021-01-26,PTT,PTT.BK,28.797433853149414,66223400
2021-01-27,PTT,PTT.BK,28.435197830200195,53759100
2021-01-28,PTT,PTT.BK,27.8918514251709,78536000
2021-01-29,PTT,PTT.BK,27.34849739074707,99172400
2021-02-01,PTT,PTT.BK,28.435197830200195,161452500
2021-02-02,PTT,PTT.BK,28.072961807250977,123434300
2021-02-03,PTT,PTT.BK,27.710731506347656,103367800
2021-02-04,PTT,PTT.BK,27.710731506347656,92014700
2021-02-05,PTT,PTT.BK,28.25408172607422,103580800
2021-02-08,PTT,PTT.BK,29.15966033935547,128518800
2021-02-09,PTT,PTT.BK,29.7030086517334,135090700
2021-02-10,PTT,PTT.BK,29.521892547607422,73597200
2021-02-11,PTT,PTT.BK,29.15966033935547,63452700
2021-02-15,PTT,PTT.BK,29.884124755859375,84832900
2021-02-16,PTT,PTT.BK,29.884124755859375,69476400
2021-02-17,PTT,PTT.BK,29.521892547607422,46059200
2021-02-18,PTT,PTT.BK,29.340776443481445,78147700
2021-02-19,PTT,PTT.BK,28.978540420532227,60699900
2021-02-22,PTT,PTT.BK,28.978540420532227,51572700
2021-02-23,PTT,PTT.BK,29.340776443481445,98305000
2021-02-24,PTT,PTT.BK,28.61631202697754,88002400
2021-02-25,PTT,PTT.BK,28.978540420532227,106429500
2021-03-01,PTT,PTT.BK,28.978540420532227,55518400
2021-03-02,PTT,PTT.BK,28.797433853149414,54742000
2021-03-03,PTT,PTT.BK,29.7030086517334,76191500
2021-03-04,PTT,PTT.BK,29.56993865966797,85198500
2021-03-05,PTT,PTT.BK,29.93956756591797,90370700
2021-03-08,PTT,PTT.BK,31.04844093322754,126615700
2021-03-09,PTT,PTT.BK,30.494003295898438,95147400
2021-03-10,PTT,PTT.BK,30.678813934326172,79871400
2021-03-11,PTT,PTT.BK,30.678813934326172,61501400
2021-03-12,PTT,PTT.BK,30.86362648010254,63249100
2021-03-15,PTT,PTT.BK,30.494003295898438,80602500
2021-03-16,PTT,PTT.BK,30.124380111694336,63962400
2021-03-17,PTT,PTT.BK,29.93956756591797,94213200
2021-03-18,PTT,PTT.BK,29.93956756591797,48932200
2021-03-19,PTT,PTT.BK,29.93956756591797,80270400
2021-03-22,PTT,PTT.BK,29.93956756591797,34058900
2021-03-23,PTT,PTT.BK,29.7547550201416,35990800
2021-03-24,PTT,PTT.BK,29.7547550201416,45431600
2021-03-25,PTT,PTT.BK,29.7547550201416,41435200
2021-03-26,PTT,PTT.BK,29.7547550201416,23495900
2021-03-29,PTT,PTT.BK,30.124380111694336,49691200
2021-03-30,PTT,PTT.BK,30.124380111694336,45195300
2021-03-31,PTT,PTT.BK,30.309192657470703,57139700
2021-04-01,PTT,PTT.BK,30.124380111694336,52230600
2021-04-02,PTT,PTT.BK,29.93956756591797,40479900
2021-04-05,PTT,PTT.BK,29.56993865966797,28921000
2021-04-07,PTT,PTT.BK,29.2003173828125,83189600
2021-04-08,PTT,PTT.BK,28.8306941986084,37568700
2021-04-09,PTT,PTT.BK,29.015506744384766,51489000
2021-04-12,PTT,PTT.BK,28.8306941986084,37609500
2021-04-16,PTT,PTT.BK,29.385135650634766,60260500
2021-04-19,PTT,PTT.BK,29.385135650634766,30128300
2021-04-20,PTT,PTT.BK,29.385135650634766,34410000
2021-04-21,PTT,PTT.BK,29.015506744384766,40084200
2021-04-22,PTT,PTT.BK,28.8306941986084,36460500
2021-04-23,PTT,PTT.BK,28.6458797454834,33893600
2021-04-26,PTT,PTT.BK,28.6458797454834,34829000
2021-04-27,PTT,PTT.BK,28.8306941986084,26567400
2021-04-28,PTT,PTT.BK,29.015506744384766,35232600
2021-04-29,PTT,PTT.BK,29.93956756591797,77856600
2021-04-30,PTT,PTT.BK,29.56993865966797,53259900
2021-05-05,PTT,PTT.BK,29.2003173828125,97820000
2021-05-06,PTT,PTT.BK,29.385135650634766,51747300
2021-05-07,PTT,PTT.BK,29.93956756591797,43201900
2021-05-10,PTT,PTT.BK,29.93956756591797,39373600
2021-05-11,PTT,PTT.BK,29.7547550201416,45648500
2021-05-12,PTT,PTT.BK,29.385135650634766,57783300
2021-05-13,PTT,PTT.BK,29.56993865966797,76074000
2021-05-14,PTT,PTT.BK,29.7547550201416,75052100
2021-05-17,PTT,PTT.BK,29.385135650634766,57341500
2021-05-18,PTT,PTT.BK,29.56993865966797,61374500
2021-05-19,PTT,PTT.BK,29.385135650634766,53432200
2021-05-20,PTT,PTT.BK,28.8306941986084,76811700
2021-05-21,PTT,PTT.BK,28.46107292175293,108867200
2021-05-24,PTT,PTT.BK,28.276256561279297,53404300
2021-05-25,PTT,PTT.BK,28.6458797454834,47606200
2021-05-27,PTT,PTT.BK,28.6458797454834,201215000
2021-05-28,PTT,PTT.BK,29.015506744384766,47154300
2021-05-31,PTT,PTT.BK,29.2003173828125,32629600
2021-06-01,PTT,PTT.BK,30.678813934326172,139641800
2021-06-02,PTT,PTT.BK,30.678813934326172,90445900
2021-06-04,PTT,PTT.BK,30.494003295898438,76905100
2021-06-07,PTT,PTT.BK,30.494003295898438,65914800
2021-06-08,PTT,PTT.BK,29.93956756591797,49609300
2021-06-09,PTT,PTT.BK,30.124380111694336,36053500
2021-06-10,PTT,PTT.BK,30.124380111694336,28605300
2021-06-11,PTT,PTT.BK,30.678813934326172,38833600
2021-06-14,PTT,PTT.BK,30.678813934326172,26194000
2021-06-15,PTT,PTT.BK,30.124380111694336,55556800
2021-06-16,PTT,PTT.BK,30.494003295898438,117516500
2021-06-17,PTT,PTT.BK,30.309192657470703,36768900
2021-06-18,PTT,PTT.BK,29.56993865966797,122846500
2021-06-21,PTT,PTT.BK,29.385135650634766,71785600
2021-06-22,PTT,PTT.BK,29.56993865966797,50246400
2021-06-23,PTT,PTT.BK,29.56993865966797,31244600
2021-06-24,PTT,PTT.BK,29.56993865966797,43225600
2021-06-25,PTT,PTT.BK,29.385135650634766,41171000
2021-06-28,PTT,PTT.BK,29.385135650634766,30819800
2021-06-29,PTT,PTT.BK,29.2003173828125,38739300
2021-06-30,PTT,PTT.BK,29.015506744384766,41053800
2021-07-01,PTT,PTT.BK,28.8306941986084,57676100
2021-07-02,PTT,PTT.BK,28.6458797454834,102326100
2021-07-05,PTT,PTT.BK,28.8306941986084,37405700
2021-07-06,PTT,PTT.BK,28.8306941986084,20708400
2021-07-07,PTT,PTT.BK,28.6458797454834,32207000
2021-07-08,PTT,PTT.BK,27.537010192871094,127566500
2021-07-09,PTT,PTT.BK,27.537010192871094,57764800
2021-07-12,PTT,PTT.BK,27.352197647094727,52279800
2021-07-13,PTT,PTT.BK,27.90662956237793,44033500
2021-07-14,PTT,PTT.BK,27.72182273864746,43594900
2021-07-15,PTT,PTT.BK,27.537010192871094,80596200
2021-07-16,PTT,PTT.BK,27.72182273864746,25437600
2021-07-19,PTT,PTT.BK,26.982568740844727,67501000
2021-07-20,PTT,PTT.BK,26.42813491821289,139101700
2021-07-21,PTT,PTT.BK,26.61294937133789,71498400
2021-07-22,PTT,PTT.BK,26.797758102416992,25587300
2021-07-23,PTT,PTT.BK,26.42813491821289,41631800
2021-07-27,PTT,PTT.BK,26.243324279785156,38861800
2021-07-29,PTT,PTT.BK,26.243324279785156,58569300
2021-07-30,PTT,PTT.BK,25.688886642456055,80028700
2021-08-02,PTT,PTT.BK,25.873701095581055,67631700
2021-08-03,PTT,PTT.BK,26.058509826660156,42044900
2021-08-04,PTT,PTT.BK,25.873701095581055,51778500
2021-08-05,PTT,PTT.BK,25.50407600402832,63568300
2021-08-06,PTT,PTT.BK,25.50407600402832,69864700
2021-08-09,PTT,PTT.BK,25.50407600402832,51686900
2021-08-10,PTT,PTT.BK,25.688886642456055,79799300
2021-08-11,PTT,PTT.BK,25.50407600402832,81840800
2021-08-13,PTT,PTT.BK,25.873701095581055,74494100
2021-08-16,PTT,PTT.BK,26.058509826660156,45881900
2021-08-17,PTT,PTT.BK,26.61294937133789,112879000
2021-08-18,PTT,PTT.BK,26.42813491821289,83022700
2021-08-19,PTT,PTT.BK,26.058509826660156,47716600
2021-08-20,PTT,PTT.BK,25.873701095581055,56414400
2021-08-23,PTT,PTT.BK,26.61294937133789,87545600
2021-08-24,PTT,PTT.BK,27.352197647094727,142064800
2021-08-25,PTT,PTT.BK,27.537010192871094,88846900
2021-08-26,PTT,PTT.BK,27.352197647094727,45226100
2021-08-27,PTT,PTT.BK,27.90662956237793,66171000
2021-08-30,PTT,PTT.BK,28.6458797454834,97994200
2021-08-31,PTT,PTT.BK,28.276256561279297,98277700
2021-09-01,PTT,PTT.BK,27.72182273864746,83087800
2021-09-02,PTT,PTT.BK,28.09144401550293,53803000
2021-09-03,PTT,PTT.BK,28.276256561279297,49420400
2021-09-06,PTT,PTT.BK,28.09144401550293,28381900
2021-09-07,PTT,PTT.BK,27.72182273864746,75256800
2021-09-08,PTT,PTT.BK,27.537010192871094,41794200
2021-09-09,PTT,PTT.BK,27.537010192871094,52432500
2021-09-10,PTT,PTT.BK,28.09144401550293,41561200
2021-09-13,PTT,PTT.BK,28.276256561279297,62065800
2021-09-14,PTT,PTT.BK,28.8306941986084,75280400
2021-09-15,PTT,PTT.BK,28.8306941986084,59325300
2021-09-16,PTT,PTT.BK,29.385135650634766,81297200
2021-09-17,PTT,PTT.BK,28.8306941986084,141093900
2021-09-20,PTT,PTT.BK,28.8306941986084,75862900
2021-09-21,PTT,PTT.BK,29.2003173828125,57929900
2021-09-22,PTT,PTT.BK,29.2003173828125,44421800
2021-09-23,PTT,PTT.BK,29.56993865966797,63355900
2021-09-27,PTT,PTT.BK,29.93956756591797,114666600
2021-09-28,PTT,PTT.BK,29.93956756591797,104953600
2021-09-29,PTT,PTT.BK,29.901477813720703,90070800
2021-09-30,PTT,PTT.BK,29.711023330688477,63650300
2021-10-01,PTT,PTT.BK,29.520565032958984,38212800
2021-10-04,PTT,PTT.BK,29.711023330688477,53749600
2021-10-05,PTT,PTT.BK,30.282390594482422,42021700
2021-10-06,PTT,PTT.BK,30.472837448120117,67639600
2021-10-07,PTT,PTT.BK,30.09193229675293,77452800
2021-10-08,PTT,PTT.BK,30.282390594482422,25810400
2021-10-11,PTT,PTT.BK,30.472837448120117,58294200
2021-10-12,PTT,PTT.BK,30.472837448120117,40520000
2021-10-14,PTT,PTT.BK,30.09193229675293,51400700
2021-10-15,PTT,PTT.BK,29.901477813720703,51076700
2021-10-18,PTT,PTT.BK,30.472837448120117,39184000
2021-10-19,PTT,PTT.BK,30.09193229675293,54502400
2021-10-20,PTT,PTT.BK,30.09193229675293,43860200
2021-10-21,PTT,PTT.BK,30.472837448120117,45160800
2021-10-25,PTT,PTT.BK,30.09193229675293,23571500
2021-10-26,PTT,PTT.BK,29.901477813720703,54563900
2021-10-27,PTT,PTT.BK,29.520565032958984,35816700
2021-10-28,PTT,PTT.BK,29.1396541595459,57779100
2021-10-29,PTT,PTT.BK,28.94919776916504,49185600
2021-11-01,PTT,PTT.BK,28.94919776916504,54152100
2021-11-02,PTT,PTT.BK,28.94919776916504,38169900
2021-11-03,PTT,PTT.BK,28.75874137878418,26751000
2021-11-04,PTT,PTT.BK,28.56829071044922,57080200
2021-11-05,PTT,PTT.BK,28.37783432006836,34196500
2021-11-08,PTT,PTT.BK,29.1396541595459,52474600
2021-11-09,PTT,PTT.BK,29.1396541595459,68309500
2021-11-10,PTT,PTT.BK,29.33011245727539,40667200
2021-11-11,PTT,PTT.BK,28.94919776916504,27612600
2021-11-12,PTT,PTT.BK,28.56829071044922,34319600
2021-11-15,PTT,PTT.BK,28.94919776916504,27749200
2021-11-16,PTT,PTT.BK,28.75874137878418,57516600
2021-11-17,PTT,PTT.BK,28.94919776916504,45437900
2021-11-18,PTT,PTT.BK,28.75874137878418,37107700
2021-11-19,PTT,PTT.BK,28.75874137878418,40590100
2021-11-22,PTT,PTT.BK,28.37783432006836,93525700
2021-11-23,PTT,PTT.BK,28.187379837036133,55594000
2021-11-24,PTT,PTT.BK,28.75874137878418,40737600
2021-11-25,PTT,PTT.BK,28.75874137878418,30842500
2021-11-26,PTT,PTT.BK,28.187379837036133,68866700
2021-11-29,PTT,PTT.BK,27.42555809020996,76252300
2021-11-30,PTT,PTT.BK,27.044647216796875,121299400
2021-12-01,PTT,PTT.BK,27.996919631958008,64936900
2021-12-02,PTT,PTT.BK,28.37783432006836,61302400
2021-12-03,PTT,PTT.BK,27.996919631958008,36459300
2021-12-07,PTT,PTT.BK,28.56829071044922,61053200
2021-12-08,PTT,PTT.BK,28.56829071044922,34299900
2021-12-09,PTT,PTT.BK,28.56829071044922,52624400
2021-12-13,PTT,PTT.BK,28.56829071044922,84879300
2021-12-14,PTT,PTT.BK,28.75874137878418,36242300
2021-12-15,PTT,PTT.BK,28.56829071044922,38990500
2021-12-16,PTT,PTT.BK,28.56829071044922,35239100
2021-12-17,PTT,PTT.BK,28.94919776916504,67784100
2021-12-20,PTT,PTT.BK,28.37783432006836,39688100
2021-12-21,PTT,PTT.BK,28.187379837036133,21118200
2021-12-22,PTT,PTT.BK,28.56829071044922,9297200
2021-12-23,PTT,PTT.BK,28.94919776916504,41667500
2021-12-24,PTT,PTT.BK,28.94919776916504,19817700
2021-12-27,PTT,PTT.BK,28.75874137878418,29699300
2021-12-28,PTT,PTT.BK,28.94919776916504,18096900
2021-12-29,PTT,PTT.BK,29.1396541595459,42015700
2021-12-30,PTT,PTT.BK,28.94919776916504,45388600
2022-01-04,PTT,PTT.BK,28.94919776916504,59500200
2022-01-05,PTT,PTT.BK,29.711023330688477,76590500
2022-01-06,PTT,PTT.BK,28.94919776916504,71677600
2022-01-07,PTT,PTT.BK,29.520565032958984,59556500
2022-01-10,PTT,PTT.BK,29.33011245727539,34789500
2022-01-11,PTT,PTT.BK,29.711023330688477,35007100
2022-01-12,PTT,PTT.BK,29.901477813720703,36693300
2022-01-13,PTT,PTT.BK,29.901477813720703,41109600
2022-01-14,PTT,PTT.BK,29.520565032958984,34315800
2022-01-17,PTT,PTT.BK,29.520565032958984,32721000
2022-01-18,PTT,PTT.BK,28.94919776916504,45708100
2022-01-19,PTT,PTT.BK,29.711023330688477,94167200
2022-01-20,PTT,PTT.BK,30.09193229675293,45122000
2022-01-21,PTT,PTT.BK,29.520565032958984,69342700
2022-01-24,PTT,PTT.BK,29.33011245727539,63689200
2022-01-25,PTT,PTT.BK,29.1396541595459,39626500
2022-01-26,PTT,PTT.BK,29.711023330688477,51285800
2022-01-27,PTT,PTT.BK,29.520565032958984,53237100
2022-01-28,PTT,PTT.BK,29.520565032958984,33797400
2022-01-31,PTT,PTT.BK,29.711023330688477,69888200
2022-02-01,PTT,PTT.BK,29.520565032958984,29896300
2022-02-02,PTT,PTT.BK,29.520565032958984,35655800
2022-02-03,PTT,PTT.BK,29.520565032958984,50852600
2022-02-04,PTT,PTT.BK,30.282390594482422,107894100
2022-02-07,PTT,PTT.BK,30.472837448120117,88542300
2022-02-08,PTT,PTT.BK,30.66329574584961,103839300
2022-02-09,PTT,PTT.BK,30.8537540435791,132279000
2022-02-10,PTT,PTT.BK,30.8537540435791,68752900
2022-02-11,PTT,PTT.BK,30.66329574584961,52130700
2022-02-14,PTT,PTT.BK,30.8537540435791,75857700
2022-02-15,PTT,PTT.BK,30.66329574584961,57052600
2022-02-17,PTT,PTT.BK,30.472837448120117,35510200
2022-02-18,PTT,PTT.BK,30.09193229675293,63088500
2022-02-21,PTT,PTT.BK,29.520565032958984,81379000
2022-02-22,PTT,PTT.BK,29.711023330688477,79687700
2022-02-23,PTT,PTT.BK,29.33011245727539,91735100
2022-02-24,PTT,PTT.BK,29.520565032958984,76774900
2022-02-25,PTT,PTT.BK,29.711023330688477,39802200
2022-02-28,PTT,PTT.BK,30.09193229675293,75534700
2022-03-01,PTT,PTT.BK,29.711023330688477,59172500
2022-03-02,PTT,PTT.BK,30.282390594482422,100744400
2022-03-03,PTT,PTT.BK,31.098724365234375,142534500
2022-03-04,PTT,PTT.BK,29.93252944946289,103829500
2022-03-07,PTT,PTT.BK,29.93252944946289,117744600
2022-03-08,PTT,PTT.BK,29.7381591796875,112177000
2022-03-09,PTT,PTT.BK,30.12689208984375,81740400
2022-03-10,PTT,PTT.BK,30.12689208984375,64666100
2022-03-11,PTT,PTT.BK,30.70999526977539,89337900
2022-03-14,PTT,PTT.BK,30.70999526977539,24802800
2022-03-15,PTT,PTT.BK,30.12689208984375,60174700
2022-03-16,PTT,PTT.BK,30.32126235961914,41795600
2022-03-17,PTT,PTT.BK,30.515628814697266,54709700
2022-03-18,PTT,PTT.BK,30.32126235961914,61983100
2022-03-21,PTT,PTT.BK,30.32126235961914,34846800
2022-03-22,PTT,PTT.BK,30.515628814697266,89193800
2022-03-23,PTT,PTT.BK,30.515628814697266,40523000
2022-03-24,PTT,PTT.BK,30.70999526977539,76967400
2022-03-25,PTT,PTT.BK,30.32126235961914,33546900
2022-03-28,PTT,PTT.BK,30.32126235961914,23921800
2022-03-29,PTT,PTT.BK,30.12689208984375,36520900
2022-03-30,PTT,PTT.BK,30.12689208984375,42685600
2022-03-31,PTT,PTT.BK,29.93252944946289,38098600
2022-04-01,PTT,PTT.BK,30.12689208984375,40102700
2022-04-04,PTT,PTT.BK,30.12689208984375,35910600
2022-04-05,PTT,PTT.BK,29.93252944946289,45728000
2022-04-07,PTT,PTT.BK,29.7381591796875,68030700
2022-04-08,PTT,PTT.BK,29.349422454833984,53592600
2022-04-11,PTT,PTT.BK,29.349422454833984,26445000
2022-04-12,PTT,PTT.BK,28.766324996948242,52893300
2022-04-18,PTT,PTT.BK,28.960691452026367,61554400
2022-04-19,PTT,PTT.BK,29.349422454833984,55317000
2022-04-20,PTT,PTT.BK,29.155059814453125,27315600
2022-04-21,PTT,PTT.BK,29.349422454833984,19730200
2022-04-22,PTT,PTT.BK,28.960691452026367,39360500
2022-04-25,PTT,PTT.BK,28.766324996948242,41645800
2022-04-26,PTT,PTT.BK,28.57195281982422,36076200
2022-04-27,PTT,PTT.BK,28.377586364746094,44241500
2022-04-28,PTT,PTT.BK,28.960691452026367,52595000
2022-04-29,PTT,PTT.BK,29.155059814453125,40607100
2022-05-03,PTT,PTT.BK,28.960691452026367,32133300
2022-05-05,PTT,PTT.BK,29.155059814453125,40723300
2022-05-06,PTT,PTT.BK,28.960691452026367,30300400
2022-05-09,PTT,PTT.BK,28.766324996948242,41035800
2022-05-10,PTT,PTT.BK,28.766324996948242,84699200
2022-05-11,PTT,PTT.BK,28.57195281982422,50440000
2022-05-12,PTT,PTT.BK,28.377586364746094,68386000
2022-05-13,PTT,PTT.BK,28.1832218170166,39847200
2022-05-17,PTT,PTT.BK,28.766324996948242,78725500
2022-05-18,PTT,PTT.BK,28.57195281982422,53076800
2022-05-19,PTT,PTT.BK,28.1832218170166,33653100
2022-05-20,PTT,PTT.BK,28.57195281982422,31182100
2022-05-23,PTT,PTT.BK,29.155059814453125,62122800
2022-05-24,PTT,PTT.BK,28.766324996948242,60315400
2022-05-25,PTT,PTT.BK,28.57195281982422,33843300
2022-05-26,PTT,PTT.BK,28.766324996948242,32512900
2022-05-27,PTT,PTT.BK,29.155059814453125,36074200
2022-05-30,PTT,PTT.BK,29.543790817260742,61181000
2022-05-31,PTT,PTT.BK,29.7381591796875,82813300
2022-06-01,PTT,PTT.BK,29.7381591796875,52395000
2022-06-02,PTT,PTT.BK,29.543790817260742,30230400
2022-06-06,PTT,PTT.BK,29.7381591796875,38003100
2022-06-07,PTT,PTT.BK,29.543790817260742,34007000
2022-06-08,PTT,PTT.BK,29.543790817260742,32084300
2022-06-09,PTT,PTT.BK,29.349422454833984,36018700
2022-06-10,PTT,PTT.BK,29.155059814453125,39593300
2022-06-13,PTT,PTT.BK,28.377586364746094,69982900
2022-06-14,PTT,PTT.BK,28.377586364746094,29172400
2022-06-15,PTT,PTT.BK,27.98885726928711,64502900
2022-06-16,PTT,PTT.BK,27.017019271850586,181631200
2022-06-17,PTT,PTT.BK,26.045183181762695,252882700
2022-06-20,PTT,PTT.BK,25.850818634033203,44082000
2022-06-21,PTT,PTT.BK,26.239553451538086,66612500
2022-06-22,PTT,PTT.BK,26.239553451538086,60696200
2022-06-23,PTT,PTT.BK,25.850818634033203,95160600
2022-06-24,PTT,PTT.BK,25.850818634033203,101170400
2022-06-27,PTT,PTT.BK,26.433917999267578,60386500
2022-06-28,PTT,PTT.BK,27.211387634277344,103017000
2022-06-29,PTT,PTT.BK,27.211387634277344,87925800
2022-06-30,PTT,PTT.BK,26.433917999267578,73497500
2022-07-01,PTT,PTT.BK,26.82265281677246,26783100
2022-07-04,PTT,PTT.BK,26.62828254699707,69448200
2022-07-05,PTT,PTT.BK,26.62828254699707,57879800
2022-07-06,PTT,PTT.BK,26.433917999267578,60256300
2022-07-07,PTT,PTT.BK,27.017019271850586,73502900
2022-07-08,PTT,PTT.BK,26.82265281677246,54322900
2022-07-11,PTT,PTT.BK,26.433917999267578,49444500
2022-07-12,PTT,PTT.BK,26.239553451538086,44995200
2022-07-14,PTT,PTT.BK,26.239553451538086,68303400
2022-07-15,PTT,PTT.BK,26.045183181762695,46734000
2022-07-18,PTT,PTT.BK,26.82265281677246,61647600
2022-07-19,PTT,PTT.BK,26.62828254699707,58599300
2022-07-20,PTT,PTT.BK,26.62828254699707,62716500
2022-07-21,PTT,PTT.BK,26.62828254699707,19639400
2022-07-22,PTT,PTT.BK,26.82265281677246,31604300
2022-07-25,PTT,PTT.BK,26.62828254699707,19818200
2022-07-26,PTT,PTT.BK,26.82265281677246,30315100
2022-07-27,PTT,PTT.BK,27.017019271850586,29089000
2022-08-01,PTT,PTT.BK,27.4057559967041,88917000
2022-08-02,PTT,PTT.BK,27.4057559967041,53686100
2022-08-03,PTT,PTT.BK,27.4057559967041,27271900
2022-08-04,PTT,PTT.BK,27.211387634277344,32575400
2022-08-05,PTT,PTT.BK,27.600122451782227,53854700
2022-08-08,PTT,PTT.BK,28.377586364746094,80742100
2022-08-09,PTT,PTT.BK,28.1832218170166,46983100
2022-08-10,PTT,PTT.BK,28.57195281982422,45477700
2022-08-11,PTT,PTT.BK,28.766324996948242,51073400
2022-08-15,PTT,PTT.BK,28.766324996948242,34452500
2022-08-16,PTT,PTT.BK,29.155059814453125,75762700
2022-08-17,PTT,PTT.BK,29.349422454833984,89352700
2022-08-18,PTT,PTT.BK,28.960691452026367,45521500
2022-08-19,PTT,PTT.BK,28.766324996948242,38474800
2022-08-22,PTT,PTT.BK,28.57195281982422,52110800
2022-08-23,PTT,PTT.BK,29.155059814453125,47634400
2022-08-24,PTT,PTT.BK,29.349422454833984,96869700
2022-08-25,PTT,PTT.BK,29.349422454833984,42514900
2022-08-26,PTT,PTT.BK,29.543790817260742,35083300
2022-08-29,PTT,PTT.BK,29.155059814453125,64898600
2022-08-30,PTT,PTT.BK,29.543790817260742,49033400
2022-08-31,PTT,PTT.BK,29.155059814453125,76636200
2022-09-01,PTT,PTT.BK,28.57195281982422,68865000
2022-09-02,PTT,PTT.BK,28.57195281982422,35303200
2022-09-05,PTT,PTT.BK,28.766324996948242,37083900
2022-09-06,PTT,PTT.BK,28.960691452026367,20756500
2022-09-07,PTT,PTT.BK,28.766324996948242,36279400
2022-09-08,PTT,PTT.BK,28.1832218170166,67305800
2022-09-09,PTT,PTT.BK,28.57195281982422,36255000
2022-09-12,PTT,PTT.BK,28.960691452026367,56435400
2022-09-13,PTT,PTT.BK,28.766324996948242,44958500
2022-09-14,PTT,PTT.BK,28.57195281982422,41145900
2022-09-15,PTT,PTT.BK,28.57195281982422,42997100
2022-09-16,PTT,PTT.BK,28.57195281982422,96082500
2022-09-19,PTT,PTT.BK,28.57195281982422,31788500
2022-09-20,PTT,PTT.BK,28.766324996948242,53669000
2022-09-21,PTT,PTT.BK,28.766324996948242,46103900
2022-09-22,PTT,PTT.BK,28.960691452026367,60802000
2022-09-23,PTT,PTT.BK,28.766324996948242,38769800
2022-09-26,PTT,PTT.BK,28.766324996948242,55859200
2022-09-27,PTT,PTT.BK,28.57195281982422,55111300
2022-09-28,PTT,PTT.BK,28.209266662597656,49151800
2022-09-29,PTT,PTT.BK,27.604782104492188,96070900
2022-09-30,PTT,PTT.BK,27.403287887573242,75492000
2022-10-03,PTT,PTT.BK,27.403287887573242,55553600
2022-10-04,PTT,PTT.BK,27.806276321411133,51217300
2022-10-05,PTT,PTT.BK,27.806276321411133,69696700
2022-10-06,PTT,PTT.BK,27.806276321411133,71940600
2022-10-07,PTT,PTT.BK,27.806276321411133,58567500
2022-10-10,PTT,PTT.BK,27.806276321411133,87348000
2022-10-11,PTT,PTT.BK,27.806276321411133,20949500
2022-10-12,PTT,PTT.BK,27.806276321411133,38256500
2022-10-17,PTT,PTT.BK,27.604782104492188,91968100
2022-10-18,PTT,PTT.BK,27.604782104492188,69784400
2022-10-19,PTT,PTT.BK,27.604782104492188,10486300
2022-10-20,PTT,PTT.BK,28.00777244567871,33038700
2022-10-21,PTT,PTT.BK,28.00777244567871,24070000
2022-10-25,PTT,PTT.BK,28.209266662597656,67017600
2022-10-26,PTT,PTT.BK,28.209266662597656,41593100
2022-10-27,PTT,PTT.BK,28.61225700378418,32737400
2022-10-28,PTT,PTT.BK,29.015249252319336,53733200
2022-10-31,PTT,PTT.BK,29.015249252319336,52149800
2022-11-01,PTT,PTT.BK,29.015249252319336,60355400
2022-11-02,PTT,PTT.BK,29.015249252319336,59855100
2022-11-03,PTT,PTT.BK,28.81375503540039,43601200
2022-11-04,PTT,PTT.BK,29.015249252319336,60730300
2022-11-07,PTT,PTT.BK,28.81375503540039,78978600
2022-11-08,PTT,PTT.BK,28.61225700378418,28564500
2022-11-09,PTT,PTT.BK,28.209266662597656,51277300
2022-11-10,PTT,PTT.BK,27.604782104492188,64884000
2022-11-11,PTT,PTT.BK,28.00777244567871,54886600
2022-11-14,PTT,PTT.BK,27.403287887573242,102696100
2022-11-15,PTT,PTT.BK,27.000295639038086,85702900
2022-11-16,PTT,PTT.BK,27.000295639038086,56698100
2022-11-17,PTT,PTT.BK,26.597307205200195,71697700
2022-11-18,PTT,PTT.BK,27.000295639038086,71033500
2022-11-21,PTT,PTT.BK,26.798803329467773,39724000
2022-11-22,PTT,PTT.BK,26.798803329467773,44381500
2022-11-23,PTT,PTT.BK,27.20179557800293,68409800
2022-11-24,PTT,PTT.BK,27.20179557800293,53964000
2022-11-25,PTT,PTT.BK,27.20179557800293,36071400
2022-11-28,PTT,PTT.BK,26.798803329467773,62644300
2022-11-29,PTT,PTT.BK,26.798803329467773,55324600
2022-11-30,PTT,PTT.BK,26.798803329467773,88354200
2022-12-01,PTT,PTT.BK,26.798803329467773,56433700
2022-12-02,PTT,PTT.BK,26.597307205200195,28119000
2022-12-06,PTT,PTT.BK,26.395814895629883,60085700
2022-12-07,PTT,PTT.BK,25.99282455444336,112248500
2022-12-08,PTT,PTT.BK,25.589834213256836,77577900
2022-12-09,PTT,PTT.BK,25.79132843017578,72581800
2022-12-13,PTT,PTT.BK,25.79132843017578,65611400
2022-12-14,PTT,PTT.BK,25.589834213256836,50389300
2022-12-15,PTT,PTT.BK,25.38833999633789,96837000
2022-12-16,PTT,PTT.BK,25.186843872070312,74996800
2022-12-19,PTT,PTT.BK,25.186843872070312,47133700
2022-12-20,PTT,PTT.BK,25.186843872070312,48572100
2022-12-21,PTT,PTT.BK,24.985349655151367,76194000
2022-12-22,PTT,PTT.BK,25.38833999633789,30432600
2022-12-23,PTT,PTT.BK,25.38833999633789,37979900
2022-12-26,PTT,PTT.BK,25.99282455444336,39661000
2022-12-27,PTT,PTT.BK,26.194318771362305,80790200
2022-12-28,PTT,PTT.BK,26.395814895629883,49817800
2022-12-29,PTT,PTT.BK,26.395814895629883,61347100
2022-12-30,PTT,PTT.BK,26.798803329467773,94398400
2023-01-03,PTT,PTT.BK,26.395814895629883,46133500
2023-01-04,PTT,PTT.BK,25.79132843017578,54885800
2023-01-05,PTT,PTT.BK,25.99282455444336,32895800
2023-01-06,PTT,PTT.BK,26.194318771362305,53655400
2023-01-09,PTT,PTT.BK,26.597307205200195,48532500
2023-01-10,PTT,PTT.BK,26.798803329467773,39536000
2023-01-11,PTT,PTT.BK,27.000295639038086,45429000
2023-01-12,PTT,PTT.BK,27.20179557800293,41011700
2023-01-13,PTT,PTT.BK,27.20179557800293,70859700
2023-01-16,PTT,PTT.BK,27.20179557800293,67881400
2023-01-17,PTT,PTT.BK,27.000295639038086,81911800
2023-01-18,PTT,PTT.BK,27.000295639038086,33231900
2023-01-19,PTT,PTT.BK,27.000295639038086,24592400
2023-01-20,PTT,PTT.BK,26.798803329467773,64287500
2023-01-23,PTT,PTT.BK,27.20179557800293,15055100
2023-01-24,PTT,PTT.BK,27.000295639038086,15614500
2023-01-25,PTT,PTT.BK,27.000295639038086,13118000
2023-01-26,PTT,PTT.BK,26.798803329467773,50612800
2023-01-27,PTT,PTT.BK,26.798803329467773,27506500
2023-01-30,PTT,PTT.BK,26.798803329467773,18635300
2023-01-31,PTT,PTT.BK,26.798803329467773,35789700
2023-02-01,PTT,PTT.BK,26.798803329467773,30502600
2023-02-02,PTT,PTT.BK,26.597307205200195,18714300
2023-02-03,PTT,PTT.BK,26.597307205200195,51993500
2023-02-06,PTT,PTT.BK,26.395814895629883,34777800
2023-02-07,PTT,PTT.BK,26.194318771362305,33722000
2023-02-08,PTT,PTT.BK,26.395814895629883,42268500
2023-02-09,PTT,PTT.BK,26.194318771362305,41334100
2023-02-10,PTT,PTT.BK,26.194318771362305,29947400
2023-02-13,PTT,PTT.BK,25.99282455444336,18038400
2023-02-14,PTT,PTT.BK,26.395814895629883,59581000
2023-02-15,PTT,PTT.BK,26.395814895629883,15754100
2023-02-16,PTT,PTT.BK,26.395814895629883,24067400
2023-02-17,PTT,PTT.BK,27.000295639038086,58417200
2023-02-20,PTT,PTT.BK,26.597307205200195,43001100
2023-02-21,PTT,PTT.BK,26.798803329467773,38438700
2023-02-22,PTT,PTT.BK,26.395814895629883,35863900
2023-02-23,PTT,PTT.BK,25.99282455444336,48150200
2023-02-24,PTT,PTT.BK,26.194318771362305,22536100
2023-02-27,PTT,PTT.BK,25.79132843017578,44190500
2023-02-28,PTT,PTT.BK,25.589834213256836,75359100
2023-03-01,PTT,PTT.BK,25.79132843017578,36462800
2023-03-02,PTT,PTT.BK,25.956130981445312,60011300
2023-03-03,PTT,PTT.BK,25.956130981445312,19908100
2023-03-07,PTT,PTT.BK,26.162132263183594,42108700
2023-03-08,PTT,PTT.BK,25.956130981445312,24125500
2023-03-09,PTT,PTT.BK,25.54412841796875,58118800
2023-03-10,PTT,PTT.BK,25.33812713623047,26879800
2023-03-13,PTT,PTT.BK,24.926124572753906,51544100
2023-03-14,PTT,PTT.BK,24.308124542236328,110899000
2023-03-15,PTT,PTT.BK,24.926124572753906,63129600
2023-03-16,PTT,PTT.BK,24.514123916625977,51758200
2023-03-17,PTT,PTT.BK,24.72012710571289,95312200
2023-03-20,PTT,PTT.BK,24.72012710571289,50034500
2023-03-21,PTT,PTT.BK,25.33812713623047,34149100
2023-03-22,PTT,PTT.BK,25.956130981445312,47338800
2023-03-23,PTT,PTT.BK,25.7501277923584,37963400
2023-03-24,PTT,PTT.BK,25.54412841796875,24768200
2023-03-27,PTT,PTT.BK,25.7501277923584,21350800
2023-03-28,PTT,PTT.BK,25.956130981445312,22263200
2023-03-29,PTT,PTT.BK,26.162132263183594,26832100
2023-03-30,PTT,PTT.BK,25.7501277923584,38196200
2023-03-31,PTT,PTT.BK,25.956130981445312,20385200
2023-04-03,PTT,PTT.BK,26.162132263183594,88734400
2023-04-04,PTT,PTT.BK,25.956130981445312,34517100
2023-04-05,PTT,PTT.BK,25.7501277923584,39472700
2023-04-07,PTT,PTT.BK,25.7501277923584,15385800
2023-04-10,PTT,PTT.BK,25.956130981445312,22580200
2023-04-11,PTT,PTT.BK,25.956130981445312,33670600
2023-04-12,PTT,PTT.BK,25.956130981445312,39285600
2023-04-17,PTT,PTT.BK,25.956130981445312,27799200
2023-04-18,PTT,PTT.BK,25.956130981445312,8998200
2023-04-19,PTT,PTT.BK,25.54412841796875,37178600
2023-04-20,PTT,PTT.BK,25.13212776184082,31693300
2023-04-21,PTT,PTT.BK,25.33812713623047,36070500
2023-04-24,PTT,PTT.BK,25.54412841796875,17726300
2023-04-25,PTT,PTT.BK,25.54412841796875,11618700
2023-04-26,PTT,PTT.BK,25.13212776184082,30213700
2023-04-27,PTT,PTT.BK,25.33812713623047,24268400
2023-04-28,PTT,PTT.BK,25.54412841796875,30317000
2023-05-02,PTT,PTT.BK,25.54412841796875,34330700
2023-05-03,PTT,PTT.BK,25.13212776184082,76260200
2023-05-08,PTT,PTT.BK,25.54412841796875,51404200
2023-05-09,PTT,PTT.BK,25.956130981445312,58405400
2023-05-10,PTT,PTT.BK,26.368131637573242,46012300
2023-05-11,PTT,PTT.BK,26.574134826660156,37154600
2023-05-12,PTT,PTT.BK,26.574134826660156,35997800
2023-05-15,PTT,PTT.BK,26.574134826660156,46728900
2023-05-16,PTT,PTT.BK,26.574134826660156,38638800
2023-05-17,PTT,PTT.BK,26.162132263183594,38755000
2023-05-18,PTT,PTT.BK,25.956130981445312,26434300
2023-05-19,PTT,PTT.BK,25.7501277923584,21238600
2023-05-22,PTT,PTT.BK,25.7501277923584,51009500
2023-05-23,PTT,PTT.BK,25.956130981445312,33718300
2023-05-24,PTT,PTT.BK,25.956130981445312,11832000
2023-05-25,PTT,PTT.BK,25.7501277923584,26468100
2023-05-26,PTT,PTT.BK,25.54412841796875,8197000
2023-05-29,PTT,PTT.BK,25.54412841796875,43824300
2023-05-30,PTT,PTT.BK,25.33812713623047,24932500
2023-05-31,PTT,PTT.BK,24.72012710571289,59120500
2023-06-01,PTT,PTT.BK,24.72012710571289,17753900
2023-06-02,PTT,PTT.BK,24.926124572753906,17069900
2023-06-06,PTT,PTT.BK,25.33812713623047,21804800
2023-06-07,PTT,PTT.BK,25.33812713623047,23931000
2023-06-08,PTT,PTT.BK,26.162132263183594,70895500
2023-06-09,PTT,PTT.BK,26.162132263183594,21710400
2023-06-12,PTT,PTT.BK,25.956130981445312,5939500
2023-06-13,PTT,PTT.BK,25.956130981445312,22574700
2023-06-14,PTT,PTT.BK,25.956130981445312,4761700
2023-06-15,PTT,PTT.BK,25.7501277923584,13090800
2023-06-16,PTT,PTT.BK,26.162132263183594,44010400
2023-06-19,PTT,PTT.BK,25.956130981445312,15303600
2023-06-20,PTT,PTT.BK,25.956130981445312,31338400
2023-06-21,PTT,PTT.BK,26.162132263183594,28363300
2023-06-22,PTT,PTT.BK,25.956130981445312,33735200
2023-06-23,PTT,PTT.BK,26.162132263183594,21021500
2023-06-26,PTT,PTT.BK,25.956130981445312,7318600
2023-06-27,PTT,PTT.BK,25.956130981445312,30779800
2023-06-28,PTT,PTT.BK,25.7501277923584,50943100
2023-06-29,PTT,PTT.BK,26.98613739013672,84534700
2023-06-30,PTT,PTT.BK,27.604137420654297,168226000
2023-07-03,PTT,PTT.BK,27.604137420654297,48102400
2023-07-04,PTT,PTT.BK,27.810142517089844,37024800
2023-07-05,PTT,PTT.BK,28.016141891479492,17656100
2023-07-06,PTT,PTT.BK,27.810142517089844,54063100
2023-07-07,PTT,PTT.BK,27.810142517089844,33761200
2023-07-10,PTT,PTT.BK,28.016141891479492,22586700
2023-07-11,PTT,PTT.BK,28.016141891479492,33770600
2023-07-12,PTT,PTT.BK,28.22214126586914,40729100
2023-07-13,PTT,PTT.BK,28.22214126586914,53489000
2023-07-14,PTT,PTT.BK,28.840145111083984,67013900
2023-07-17,PTT,PTT.BK,28.428142547607422,90240700
2023-07-18,PTT,PTT.BK,28.634145736694336,56844000
2023-07-19,PTT,PTT.BK,28.428142547607422,46472400
2023-07-20,PTT,PTT.BK,28.016141891479492,37481400
2023-07-21,PTT,PTT.BK,28.634145736694336,45646900
2023-07-24,PTT,PTT.BK,28.428142547607422,41856200
2023-07-25,PTT,PTT.BK,28.840145111083984,24748700
2023-07-26,PTT,PTT.BK,28.840145111083984,25716000
2023-07-27,PTT,PTT.BK,28.634145736694336,81782000
2023-07-31,PTT,PTT.BK,28.840145111083984,4704300
2023-08-02,PTT,PTT.BK,29.0461483001709,24657000
2023-08-03,PTT,PTT.BK,28.634145736694336,43519900
2023-08-04,PTT,PTT.BK,28.634145736694336,40792500
2023-08-07,PTT,PTT.BK,28.634145736694336,42066100
2023-08-08,PTT,PTT.BK,28.634145736694336,31401000
2023-08-09,PTT,PTT.BK,28.840145111083984,44663500
2023-08-10,PTT,PTT.BK,29.458152770996094,67528400
2023-08-11,PTT,PTT.BK,29.458152770996094,50153400
2023-08-15,PTT,PTT.BK,29.664154052734375,28887500
2023-08-16,PTT,PTT.BK,29.458152770996094,41009300
2023-08-17,PTT,PTT.BK,29.664154052734375,21896800
2023-08-18,PTT,PTT.BK,29.664154052734375,48856700
2023-08-21,PTT,PTT.BK,29.664154052734375,45399900
2023-08-22,PTT,PTT.BK,29.870147705078125,73642000
2023-08-23,PTT,PTT.BK,29.458152770996094,102724900
2023-08-24,PTT,PTT.BK,29.252147674560547,28170000
2023-08-25,PTT,PTT.BK,29.252147674560547,40568400
2023-08-28,PTT,PTT.BK,29.458152770996094,37590800
2023-08-29,PTT,PTT.BK,29.664154052734375,49805300
2023-08-30,PTT,PTT.BK,29.252147674560547,56155200
2023-08-31,PTT,PTT.BK,28.634145736694336,96686000
2023-09-01,PTT,PTT.BK,28.840145111083984,52576100
2023-09-04,PTT,PTT.BK,28.634145736694336,46316700
2023-09-05,PTT,PTT.BK,28.634145736694336,19970100
2023-09-06,PTT,PTT.BK,29.0461483001709,69316900
2023-09-07,PTT,PTT.BK,28.840145111083984,38540300
2023-09-08,PTT,PTT.BK,28.840145111083984,22924100
2023-09-11,PTT,PTT.BK,28.428142547607422,21912900
2023-09-12,PTT,PTT.BK,28.428142547607422,43144300
2023-09-13,PTT,PTT.BK,28.634145736694336,78765400
2023-09-14,PTT,PTT.BK,28.634145736694336,17508900
2023-09-15,PTT,PTT.BK,28.840145111083984,21441700
2023-09-18,PTT,PTT.BK,28.016141891479492,100544600
2023-09-19,PTT,PTT.BK,28.016141891479492,47534400
2023-09-20,PTT,PTT.BK,27.39813804626465,79813700
2023-09-21,PTT,PTT.BK,27.39813804626465,37673300
2023-09-22,PTT,PTT.BK,27.604137420654297,84432400
2023-09-25,PTT,PTT.BK,27.604137420654297,42607200
2023-09-26,PTT,PTT.BK,27.810142517089844,42290100
2023-09-27,PTT,PTT.BK,28.016141891479492,35652100
2023-09-28,PTT,PTT.BK,27.604137420654297,70700700
2023-09-29,PTT,PTT.BK,27.604137420654297,38018000
2023-10-02,PTT,PTT.BK,27.39813804626465,90928100
2023-10-03,PTT,PTT.BK,26.780134201049805,116721500
2023-10-04,PTT,PTT.BK,27.244775772094727,48695800
2023-10-05,PTT,PTT.BK,27.0335750579834,8903200
2023-10-06,PTT,PTT.BK,26.822376251220703,25355300
2023-10-09,PTT,PTT.BK,27.244775772094727,22990300
2023-10-10,PTT,PTT.BK,27.455974578857422,14840300
2023-10-11,PTT,PTT.BK,28.300771713256836,53942000
2023-10-12,PTT,PTT.BK,28.300771713256836,39114000
2023-10-16,PTT,PTT.BK,28.089576721191406,53092000
2023-10-17,PTT,PTT.BK,27.878376007080078,23630600
2023-10-18,PTT,PTT.BK,28.723173141479492,48688700
2023-10-19,PTT,PTT.BK,28.300771713256836,35703400
2023-10-20,PTT,PTT.BK,28.089576721191406,36614900
2023-10-24,PTT,PTT.BK,27.66717529296875,38262000
2023-10-25,PTT,PTT.BK,27.66717529296875,31823600
2023-10-26,PTT,PTT.BK,27.66717529296875,61162200
2023-10-27,PTT,PTT.BK,28.300771713256836,54078799
2023-10-30,PTT,PTT.BK,28.089576721191406,23839900
2023-10-31,PTT,PTT.BK,28.089576721191406,28287500
2023-11-01,PTT,PTT.BK,27.878376007080078,15017000
2023-11-02,PTT,PTT.BK,28.300771713256836,53122200
2023-11-03,PTT,PTT.BK,28.51197624206543,32488700
2023-11-06,PTT,PTT.BK,28.089576721191406,33418800
2023-11-07,PTT,PTT.BK,28.089576721191406,27651300
2023-11-08,PTT,PTT.BK,27.878376007080078,43540700
2023-11-09,PTT,PTT.BK,28.089576721191406,48471900
2023-11-10,PTT,PTT.BK,27.878376007080078,36165300
2023-11-13,PTT,PTT.BK,28.089576721191406,27920800
2023-11-14,PTT,PTT.BK,28.51197624206543,80936100
2023-11-15,PTT,PTT.BK,28.934371948242188,39113400
2023-11-16,PTT,PTT.BK,29.14557456970215,54842200
2023-11-17,PTT,PTT.BK,28.934371948242188,58530500
2023-11-20,PTT,PTT.BK,29.14557456970215,50396700
2023-11-21,PTT,PTT.BK,29.356773376464844,51895800
2023-11-22,PTT,PTT.BK,29.356773376464844,27252800
2023-11-23,PTT,PTT.BK,28.934371948242188,29494000
2023-11-24,PTT,PTT.BK,29.14557456970215,13088300
2023-11-27,PTT,PTT.BK,29.356773376464844,28951500
2023-11-28,PTT,PTT.BK,29.356773376464844,59310700
2023-11-29,PTT,PTT.BK,29.56797218322754,35925700
2023-11-30,PTT,PTT.BK,29.356773376464844,84135200
2023-12-01,PTT,PTT.BK,29.779172897338867,62257800
2023-12-04,PTT,PTT.BK,30.201574325561523,77737900
2023-12-06,PTT,PTT.BK,30.201574325561523,55977900
2023-12-07,PTT,PTT.BK,29.990371704101562,66960800
2023-12-08,PTT,PTT.BK,30.201574325561523,27906100
2023-12-12,PTT,PTT.BK,30.201574325561523,23832200
2023-12-13,PTT,PTT.BK,30.201574325561523,47823600
2023-12-14,PTT,PTT.BK,30.201574325561523,65749400
2023-12-15,PTT,PTT.BK,30.201574325561523,63439100
2023-12-18,PTT,PTT.BK,30.201574325561523,18612400
2023-12-19,PTT,PTT.BK,30.201574325561523,33109200
2023-12-20,PTT,PTT.BK,29.779172897338867,56196100
2023-12-21,PTT,PTT.BK,29.56797218322754,73762000
2023-12-22,PTT,PTT.BK,29.779172897338867,24537400
2023-12-25,PTT,PTT.BK,29.990371704101562,19204200
2023-12-26,PTT,PTT.BK,30.201574325561523,34982300
2023-12-27,PTT,PTT.BK,30.201574325561523,52394400
2023-12-28,PTT,PTT.BK,30.201574325561523,57344100
2024-01-03,PTT,PTT.BK,29.779172897338867,32190700
2024-01-04,PTT,PTT.BK,29.990371704101562,80609500
2024-01-05,PTT,PTT.BK,29.779172897338867,21692900
2024-01-08,PTT,PTT.BK,29.990371704101562,29953100
2024-01-09,PTT,PTT.BK,29.779172897338867,51337400
2024-01-10,PTT,PTT.BK,29.779172897338867,27180000
2024-01-11,PTT,PTT.BK,29.56797218322754,8032800
2024-01-12,PTT,PTT.BK,28.934371948242188,77705300
2024-01-15,PTT,PTT.BK,28.300771713256836,60579100
2024-01-16,PTT,PTT.BK,28.51197624206543,44606100
2024-01-17,PTT,PTT.BK,28.300771713256836,83651300
2024-01-18,PTT,PTT.BK,28.51197624206543,56301400
2024-01-19,PTT,PTT.BK,28.934371948242188,55437000
2024-01-22,PTT,PTT.BK,28.723173141479492,20909000
2024-01-23,PTT,PTT.BK,28.723173141479492,38875800
2024-01-24,PTT,PTT.BK,28.934371948242188,28836900
2024-01-25,PTT,PTT.BK,28.934371948242188,21760400
2024-01-26,PTT,PTT.BK,28.723173141479492,16987200
2024-01-29,PTT,PTT.BK,29.14557456970215,28776500
2024-01-30,PTT,PTT.BK,28.723173141479492,35241900
2024-01-31,PTT,PTT.BK,28.51197624206543,47266600
2024-02-01,PTT,PTT.BK,28.934371948242188,36959700
2024-02-02,PTT,PTT.BK,28.723173141479492,19403200
2024-02-05,PTT,PTT.BK,28.723173141479492,27945300
2024-02-06,PTT,PTT.BK,28.934371948242188,20578900
2024-02-07,PTT,PTT.BK,29.56797218322754,43166300
2024-02-08,PTT,PTT.BK,29.356773376464844,39944600
2024-02-09,PTT,PTT.BK,29.56797218322754,15907400
2024-02-12,PTT,PTT.BK,29.356773376464844,6057800
2024-02-13,PTT,PTT.BK,29.56797218322754,27500600
2024-02-14,PTT,PTT.BK,29.356773376464844,23687100
2024-02-15,PTT,PTT.BK,29.356773376464844,25626000
2024-02-16,PTT,PTT.BK,30.201574325561523,86147000
2024-02-19,PTT,PTT.BK,30.201574325561523,37320000
2024-02-20,PTT,PTT.BK,30.201574325561523,23171400
2024-02-21,PTT,PTT.BK,30.41277313232422,41840800
2024-02-22,PTT,PTT.BK,30.41277313232422,41100400
2024-02-23,PTT,PTT.BK,30.41277313232422,48602500
2024-02-27,PTT,PTT.BK,30.201574325561523,47957600
2024-02-28,PTT,PTT.BK,29.990371704101562,41754200
2024-02-29,PTT,PTT.BK,29.946653366088867,72863600
2024-03-01,PTT,PTT.BK,29.728065490722656,32854700
2024-03-04,PTT,PTT.BK,29.946653366088867,42686500
2024-03-05,PTT,PTT.BK,29.946653366088867,27978000
2024-03-06,PTT,PTT.BK,29.946653366088867,28711800
2024-03-07,PTT,PTT.BK,30.16524314880371,56735600
2024-03-08,PTT,PTT.BK,29.728065490722656,46329600
2024-03-11,PTT,PTT.BK,29.509479522705078,36316500
2024-03-12,PTT,PTT.BK,29.509479522705078,0
2024-03-13,PTT,PTT.BK,29.946653366088867,24096500
2024-03-14,PTT,PTT.BK,30.383832931518555,65262600
2024-03-15,PTT,PTT.BK,30.383832931518555,0
2024-03-18,PTT,PTT.BK,29.946653366088867,42992200
2024-03-19,PTT,PTT.BK,30.16524314880371,9841600
2024-03-20,PTT,PTT.BK,30.16524314880371,0
2024-03-21,PTT,PTT.BK,29.946653366088867,20317100
2024-03-22,PTT,PTT.BK,29.946653366088867,0
2024-03-25,PTT,PTT.BK,29.509479522705078,69549100
2024-03-26,PTT,PTT.BK,29.509479522705078,0
2024-03-27,PTT,PTT.BK,29.509479522705078,6680800
2024-03-28,PTT,PTT.BK,29.509479522705078,0
2024-03-29,PTT,PTT.BK,29.728065490722656,12813100
2024-04-01,PTT,PTT.BK,29.509479522705078,39930400
2024-04-02,PTT,PTT.BK,29.728065490722656,35655800
2024-04-03,PTT,PTT.BK,30.16524314880371,40357800
2024-04-04,PTT,PTT.BK,30.16524314880371,0
2024-04-05,PTT,PTT.BK,30.383832931518555,25086500
2024-04-09,PTT,PTT.BK,30.383832931518555,0
2024-04-10,PTT,PTT.BK,30.383832931518555,0
2024-04-11,PTT,PTT.BK,30.383832931518555,33644800
2024-04-17,PTT,PTT.BK,30.383832931518555,0
2024-04-18,PTT,PTT.BK,30.383832931518555,0
2024-04-19,PTT,PTT.BK,30.383832931518555,0
2024-04-22,PTT,PTT.BK,29.509479522705078,15080400
2024-04-23,PTT,PTT.BK,29.728065490722656,24988300
2024-04-24,PTT,PTT.BK,29.728065490722656,0
2024-04-25,PTT,PTT.BK,29.509479522705078,6503500
2024-04-26,PTT,PTT.BK,29.509479522705078,32118100
2024-04-29,PTT,PTT.BK,29.509479522705078,56874300
2024-04-30,PTT,PTT.BK,29.509479522705078,17428200
2024-05-02,PTT,PTT.BK,29.072301864624023,39656500
2024-05-03,PTT,PTT.BK,29.509479522705078,32885000
2024-05-07,PTT,PTT.BK,29.509479522705078,0
2024-05-08,PTT,PTT.BK,29.509479522705078,63054700
2024-05-09,PTT,PTT.BK,29.509479522705078,20770900
2024-05-10,PTT,PTT.BK,29.509479522705078,11790800
2024-05-13,PTT,PTT.BK,29.509479522705078,4738100
2024-05-14,PTT,PTT.BK,29.728065490722656,16463600
2024-05-15,PTT,PTT.BK,29.728065490722656,0
2024-05-16,PTT,PTT.BK,29.728065490722656,0
2024-05-17,PTT,PTT.BK,29.509479522705078,10665700
2024-05-20,PTT,PTT.BK,29.509479522705078,0
2024-05-21,PTT,PTT.BK,29.509479522705078,0
2024-05-23,PTT,PTT.BK,29.2908878326416,35105600
2024-05-24,PTT,PTT.BK,29.2908878326416,0
2024-05-27,PTT,PTT.BK,29.2908878326416,55968100
2024-05-28,PTT,PTT.BK,28.853710174560547,66022900
2024-05-29,PTT,PTT.BK,28.635122299194336,83231800
2024-05-30,PTT,PTT.BK,28.635122299194336,0
2024-05-31,PTT,PTT.BK,28.635122299194336,0
2024-06-04,PTT,PTT.BK,28.416532516479492,35393400
2024-06-05,PTT,PTT.BK,28.635122299194336,19277800
2024-06-06,PTT,PTT.BK,27.97935676574707,63670200
2024-06-07,PTT,PTT.BK,27.97935676574707,0
2024-06-10,PTT,PTT.BK,28.197946548461914,23058700
2024-06-11,PTT,PTT.BK,27.97935676574707,24149300
2024-06-12,PTT,PTT.BK,27.97935676574707,29755300
2024-06-13,PTT,PTT.BK,27.760766983032227,32166200
2024-06-14,PTT,PTT.BK,27.760766983032227,23980700
2024-06-17,PTT,PTT.BK,27.760766983032227,0
2024-06-18,PTT,PTT.BK,27.760766983032227,0
2024-06-19,PTT,PTT.BK,27.760766983032227,0
2024-06-20,PTT,PTT.BK,28.197946548461914,25575700
2024-06-21,PTT,PTT.BK,27.97935676574707,35584700
2024-06-24,PTT,PTT.BK,27.97935676574707,0
2024-06-25,PTT,PTT.BK,27.97935676574707,0
2024-06-26,PTT,PTT.BK,27.97935676574707,0
2024-06-27,PTT,PTT.BK,28.416532516479492,13045100
2024-06-28,PTT,PTT.BK,28.416532516479492,21755800
2024-07-01,PTT,PTT.BK,28.416532516479492,0
2024-07-02,PTT,PTT.BK,28.416532516479492,0
2024-07-03,PTT,PTT.BK,28.635122299194336,10114800
2024-07-04,PTT,PTT.BK,28.635122299194336,13980500
2024-07-05,PTT,PTT.BK,28.853710174560547,4758600
2024-07-08,PTT,PTT.BK,28.853710174560547,13042600
2024-07-09,PTT,PTT.BK,28.853710174560547,0
2024-07-10,PTT,PTT.BK,29.072301864624023,17480800
2024-07-11,PTT,PTT.BK,29.072301864624023,0
2024-07-12,PTT,PTT.BK,29.072301864624023,0
2024-07-15,PTT,PTT.BK,29.072301864624023,0
2024-07-16,PTT,PTT.BK,27.97935676574707,40206600
2024-07-17,PTT,PTT.BK,27.97935676574707,0
2024-07-18,PTT,PTT.BK,28.416532516479492,14775000
2024-07-19,PTT,PTT.BK,28.197946548461914,21537500
2024-07-23,PTT,PTT.BK,27.97935676574707,22822100
2024-07-24,PTT,PTT.BK,27.760766983032227,23816000
2024-07-25,PTT,PTT.BK,27.760766983032227,25980600
2024-07-26,PTT,PTT.BK,27.760766983032227,18522800
2024-07-30,PTT,PTT.BK,27.760766983032227,0
2024-07-31,PTT,PTT.BK,27.97935676574707,33634100
2024-08-01,PTT,PTT.BK,27.760766983032227,24674200
2024-08-02,PTT,PTT.BK,27.760766983032227,0
2024-08-05,PTT,PTT.BK,27.323591232299805,37553100
2024-08-06,PTT,PTT.BK,27.760766983032227,15129500
2024-08-07,PTT,PTT.BK,27.97935676574707,12872100
2024-08-08,PTT,PTT.BK,27.97935676574707,0
2024-08-09,PTT,PTT.BK,29.072301864624023,82898900
2024-08-13,PTT,PTT.BK,29.946653366088867,84608600
2024-08-14,PTT,PTT.BK,29.509479522705078,71902700
2024-08-15,PTT,PTT.BK,29.509479522705078,0
2024-08-16,PTT,PTT.BK,29.946653366088867,33174800
2024-08-19,PTT,PTT.BK,29.946653366088867,0
2024-08-20,PTT,PTT.BK,29.946653366088867,30248300
2024-08-21,PTT,PTT.BK,29.946653366088867,22283900
2024-08-22,PTT,PTT.BK,29.946653366088867,0
2024-08-23,PTT,PTT.BK,30.16524314880371,45905800
2024-08-26,PTT,PTT.BK,30.383832931518555,15942500
2024-08-27,PTT,PTT.BK,30.16524314880371,45996900
2024-08-28,PTT,PTT.BK,29.76244354248047,53671900
2024-08-29,PTT,PTT.BK,29.986223220825195,6356600
2024-08-30,PTT,PTT.BK,29.986223220825195,63780300
2024-09-02,PTT,PTT.BK,29.986223220825195,0
2024-09-03,PTT,PTT.BK,29.986223220825195,0
2024-09-04,PTT,PTT.BK,29.986223220825195,0
2024-09-05,PTT,PTT.BK,30.21000099182129,104377100
2024-09-06,PTT,PTT.BK,31.105112075805664,75294800
2024-09-09,PTT,PTT.BK,31.105112075805664,0
2024-09-10,PTT,PTT.BK,30.21000099182129,56443000
2024-09-11,PTT,PTT.BK,29.538665771484375,111564700
2024-09-12,PTT,PTT.BK,29.538665771484375,33553800
2024-09-13,PTT,PTT.BK,29.538665771484375,47273100
2024-09-16,PTT,PTT.BK,29.538665771484375,0
2024-09-17,PTT,PTT.BK,29.538665771484375,0
2024-09-18,PTT,PTT.BK,29.538665771484375,0
2024-09-19,PTT,PTT.BK,29.538665771484375,0
2024-09-20,PTT,PTT.BK,29.538665771484375,0
2024-09-23,PTT,PTT.BK,29.76244354248047,30278900
2024-09-24,PTT,PTT.BK,30.21000099182129,38595900
2024-09-25,PTT,PTT.BK,29.986223220825195,28629800
2024-09-26,PTT,PTT.BK,29.986223220825195,32310700
2024-09-27,PTT,PTT.BK,29.986223220825195,0
2024-09-30,PTT,PTT.BK,30.43377685546875,27238000
2024-10-01,PTT,PTT.BK,30.43377685546875,0
2024-10-02,PTT,PTT.BK,29.986223220825195,17749300
2024-10-03,PTT,PTT.BK,29.986223220825195,9085400
2024-10-04,PTT,PTT.BK,29.986223220825195,0
2024-10-07,PTT,PTT.BK,30.43377685546875,15970700
2024-10-08,PTT,PTT.BK,30.21000099182129,14942600
2024-10-09,PTT,PTT.BK,29.986223220825195,15564000
2024-10-10,PTT,PTT.BK,29.986223220825195,7270600
2024-10-11,PTT,PTT.BK,30.657556533813477,118991700
2024-10-15,PTT,PTT.BK,29.986223220825195,37933300
2024-10-16,PTT,PTT.BK,29.986223220825195,0
2024-10-17,PTT,PTT.BK,30.21000099182129,26255800
2024-10-18,PTT,PTT.BK,30.21000099182129,14803700
2024-10-21,PTT,PTT.BK,30.43377685546875,19053500
2024-10-22,PTT,PTT.BK,30.43377685546875,0
2024-10-24,PTT,PTT.BK,29.986223220825195,10521700
2024-10-25,PTT,PTT.BK,29.986223220825195,0
2024-10-28,PTT,PTT.BK,30.657556533813477,75145700
2024-10-29,PTT,PTT.BK,30.657556533813477,0
2024-10-30,PTT,PTT.BK,29.986223220825195,34992500
2024-10-31,PTT,PTT.BK,29.986223220825195,17976900
2024-11-01,PTT,PTT.BK,30.21000099182129,18419000
2024-11-04,PTT,PTT.BK,29.986223220825195,9630000
2024-11-05,PTT,PTT.BK,30.21000099182129,30125100
2024-11-06,PTT,PTT.BK,29.986223220825195,16566200
2024-11-07,PTT,PTT.BK,29.986223220825195,7865000
2024-11-08,PTT,PTT.BK,29.76244354248047,17067700
2024-11-11,PTT,PTT.BK,29.538665771484375,15618100
2024-11-12,PTT,PTT.BK,29.538665771484375,10463600
2024-11-13,PTT,PTT.BK,29.31488800048828,18111000
2024-11-14,PTT,PTT.BK,29.091110229492188,35789000
2024-11-15,PTT,PTT.BK,29.091110229492188,10765100
2024-11-18,PTT,PTT.BK,28.867332458496094,23568700
2024-11-19,PTT,PTT.BK,29.091110229492188,28461900
2024-11-20,PTT,PTT.BK,28.867332458496094,14781400
2024-11-21,PTT,PTT.BK,29.538665771484375,37966000
2024-11-22,PTT,PTT.BK,30.21000099182129,21975600
2024-11-25,PTT,PTT.BK,29.76244354248047,38123400
2024-11-26,PTT,PTT.BK,29.538665771484375,21457400
2024-11-27,PTT,PTT.BK,29.091110229492188,11700600
2024-11-28,PTT,PTT.BK,28.867332458496094,20784500
2024-11-29,PTT,PTT.BK,28.867332458496094,18006700
2024-12-02,PTT,PTT.BK,28.867332458496094,24802600
2024-12-03,PTT,PTT.BK,28.867332458496094,17691100
2024-12-04,PTT,PTT.BK,28.867332458496094,30338600
2024-12-06,PTT,PTT.BK,28.867332458496094,24310500
2024-12-09,PTT,PTT.BK,28.6435546875,12600200
2024-12-11,PTT,PTT.BK,28.867332458496094,33668400
2024-12-12,PTT,PTT.BK,28.41977882385254,21679200
2024-12-13,PTT,PTT.BK,28.41977882385254,5701800
2024-12-16,PTT,PTT.BK,28.6435546875,23994800
2024-12-17,PTT,PTT.BK,28.867332458496094,18774500
2024-12-18,PTT,PTT.BK,29.091110229492188,29184800
2024-12-19,PTT,PTT.BK,28.41977882385254,35334500
2024-12-20,PTT,PTT.BK,27.748443603515625,78567400
2024-12-23,PTT,PTT.BK,27.97222137451172,18484200
2024-12-24,PTT,PTT.BK,28.195999145507812,16269300
2024-12-25,PTT,PTT.BK,28.195999145507812,14585100
2024-12-26,PTT,PTT.BK,27.97222137451172,16854100
2024-12-27,PTT,PTT.BK,28.41977882385254,21344300
2024-12-30,PTT,PTT.BK,28.41977882385254,12242200
2025-01-02,PTT,PTT.BK,28.41977882385254,15869400
2025-01-03,PTT,PTT.BK,28.6435546875,11683300
2025-01-06,PTT,PTT.BK,28.6435546875,21436600
2025-01-07,PTT,PTT.BK,28.6435546875,27710300
2025-01-08,PTT,PTT.BK,28.195999145507812,23137600
2025-01-09,PTT,PTT.BK,28.195999145507812,19876400
2025-01-10,PTT,PTT.BK,27.97222137451172,32576800
2025-01-13,PTT,PTT.BK,27.97222137451172,23360500
2025-01-14,PTT,PTT.BK,27.077110290527344,74724200
2025-01-15,PTT,PTT.BK,27.97222137451172,27152600
2025-01-16,PTT,PTT.BK,27.748443603515625,47515200
2025-01-17,PTT,PTT.BK,27.52466583251953,32420200
2025-01-20,PTT,PTT.BK,27.52466583251953,18689100
2025-01-21,PTT,PTT.BK,27.97222137451172,40292900
2025-01-22,PTT,PTT.BK,27.97222137451172,20600800
2025-01-23,PTT,PTT.BK,27.300888061523438,44482600
2025-01-24,PTT,PTT.BK,27.52466583251953,26775900
2025-01-27,PTT,PTT.BK,27.52466583251953,19802900
2025-01-28,PTT,PTT.BK,27.748443603515625,15403000
2025-01-29,PTT,PTT.BK,27.748443603515625,4736300
2025-01-30,PTT,PTT.BK,27.748443603515625,4855300
2025-01-31,PTT,PTT.BK,28.195999145507812,40135000
2025-02-03,PTT,PTT.BK,27.748443603515625,50620400
2025-02-04,PTT,PTT.BK,27.52466583251953,39102300
2025-02-05,PTT,PTT.BK,26.85333251953125,35088900
2025-02-06,PTT,PTT.BK,27.077110290527344,38887600
2025-02-07,PTT,PTT.BK,27.52466583251953,41157300
2025-02-10,PTT,PTT.BK,27.077110290527344,48121500
2025-02-11,PTT,PTT.BK,27.300888061523438,14977900
2025-02-13,PTT,PTT.BK,27.077110290527344,30759000
2025-02-14,PTT,PTT.BK,27.748443603515625,58961600
2025-02-17,PTT,PTT.BK,27.97222137451172,41727400
2025-02-18,PTT,PTT.BK,28.195999145507812,39307100
2025-02-19,PTT,PTT.BK,28.195999145507812,40329100
2025-02-20,PTT,PTT.BK,28.195999145507812,43379300
2025-02-21,PTT,PTT.BK,28.867332458496094,53283400
2025-02-24,PTT,PTT.BK,28.867332458496094,35309900
2025-02-25,PTT,PTT.BK,28.867332458496094,56817200
2025-02-26,PTT,PTT.BK,28.6435546875,42289400
2025-02-27,PTT,PTT.BK,28.41977882385254,27707600
2025-02-28,PTT,PTT.BK,28.195999145507812,78835600
2025-03-03,PTT,PTT.BK,27.748443603515625,43412100
2025-03-04,PTT,PTT.BK,27.52466583251953,40053400
2025-03-05,PTT,PTT.BK,27.748443603515625,43113200
2025-03-06,PTT,PTT.BK,27.79515838623047,52970100
2025-03-07,PTT,PTT.BK,27.79515838623047,37345200
2025-03-10,PTT,PTT.BK,26.393722534179688,92884400
2025-03-11,PTT,PTT.BK,26.1601505279541,126369200
2025-03-12,PTT,PTT.BK,25.459430694580078,88194200
2025-03-13,PTT,PTT.BK,25.459430694580078,40928000
2025-03-14,PTT,PTT.BK,27.094440460205078,92957300
2025-03-17,PTT,PTT.BK,27.561586380004883,78375800
2025-03-18,PTT,PTT.BK,27.561586380004883,58312500
2025-03-19,PTT,PTT.BK,27.79515838623047,57656100
2025-03-20,PTT,PTT.BK,28.729450225830078,97709700
2025-03-21,PTT,PTT.BK,29.663742065429688,82292500
2025-03-24,PTT,PTT.BK,30.13088607788086,60701300
2025-03-25,PTT,PTT.BK,30.364458084106445,55017000
2025-03-26,PTT,PTT.BK,30.364458084106445,30966300
2025-03-27,PTT,PTT.BK,30.364458084106445,29589700
2025-03-28,PTT,PTT.BK,29.897314071655273,27547300
2025-03-31,PTT,PTT.BK,29.897314071655273,40124600
2025-04-01,PTT,PTT.BK,29.897314071655273,24892400
2025-04-02,PTT,PTT.BK,30.13088607788086,32787700
2025-04-03,PTT,PTT.BK,30.13088607788086,36044100
2025-04-04,PTT,PTT.BK,29.4301700592041,61283900
2025-04-08,PTT,PTT.BK,28.262304306030273,73333600
2025-04-09,PTT,PTT.BK,28.495878219604492,51082000
2025-04-10,PTT,PTT.BK,28.729450225830078,85360700
2025-04-11,PTT,PTT.BK,29.4301700592041,53493900
2025-04-16,PTT,PTT.BK,28.963022232055664,42868900
2025-04-17,PTT,PTT.BK,28.729450225830078,17112300
2025-04-18,PTT,PTT.BK,28.963022232055664,36229600
2025-04-21,PTT,PTT.BK,28.729450225830078,39254200
2025-04-22,PTT,PTT.BK,28.495878219604492,22245800
2025-04-23,PTT,PTT.BK,28.495878219604492,36211500
2025-04-24,PTT,PTT.BK,28.262304306030273,13586800
2025-04-25,PTT,PTT.BK,28.495878219604492,9162000
2025-04-28,PTT,PTT.BK,28.729450225830078,15194900
2025-04-29,PTT,PTT.BK,28.729450225830078,11992100
2025-04-30,PTT,PTT.BK,28.963022232055664,27889300
2025-05-02,PTT,PTT.BK,29.19659423828125,31531400
2025-05-06,PTT,PTT.BK,28.729450225830078,19733400
2025-05-07,PTT,PTT.BK,29.4301700592041,52060700
2025-05-08,PTT,PTT.BK,28.963022232055664,36019200
2025-05-09,PTT,PTT.BK,29.19659423828125,29798300
2025-05-13,PTT,PTT.BK,28.963022232055664,81889800
2025-05-14,PTT,PTT.BK,29.19659423828125,36743400
2025-05-15,PTT,PTT.BK,28.963022232055664,49774200
2025-05-16,PTT,PTT.BK,29.19659423828125,30926700
2025-05-19,PTT,PTT.BK,28.963022232055664,32321500
2025-05-20,PTT,PTT.BK,28.729450225830078,10621300
2025-05-21,PTT,PTT.BK,28.729450225830078,57019900
2025-05-22,PTT,PTT.BK,28.495878219604492,32095000
2025-05-23,PTT,PTT.BK,28.495878219604492,26930600
2025-05-26,PTT,PTT.BK,28.262304306030273,29419300
2025-05-27,PTT,PTT.BK,28.262304306030273,48403000
2025-05-28,PTT,PTT.BK,28.262304306030273,16106200
2025-05-29,PTT,PTT.BK,28.262304306030273,12466700
2025-05-30,PTT,PTT.BK,27.79515838623047,84654300
2025-06-04,PTT,PTT.BK,27.561586380004883,53393000
2025-06-05,PTT,PTT.BK,28.028730392456055,31125700
2025-06-06,PTT,PTT.BK,28.495878219604492,109998800
2025-06-09,PTT,PTT.BK,28.028730392456055,23439800
2025-06-10,PTT,PTT.BK,28.028730392456055,62648800
2025-06-11,PTT,PTT.BK,28.262304306030273,26031700
2025-06-12,PTT,PTT.BK,28.262304306030273,69315000
2025-06-13,PTT,PTT.BK,28.729450225830078,91553700
2025-06-16,PTT,PTT.BK,28.729450225830078,54946200
2025-06-17,PTT,PTT.BK,28.262304306030273,20897500
2025-06-18,PTT,PTT.BK,28.028730392456055,31631400
2025-06-19,PTT,PTT.BK,28.028730392456055,34525100
2025-06-20,PTT,PTT.BK,28.028730392456055,105807800
2025-06-23,PTT,PTT.BK,28.028730392456055,16160500
2025-06-24,PTT,PTT.BK,28.495878219604492,81410000
2025-06-25,PTT,PTT.BK,28.495878219604492,21519400
2025-06-26,PTT,PTT.BK,28.729450225830078,35866200
2025-06-27,PTT,PTT.BK,28.028730392456055,27015300
2025-06-30,PTT,PTT.BK,28.028730392456055,19536400
2025-07-01,PTT,PTT.BK,28.495878219604492,85842300
2025-07-02,PTT,PTT.BK,28.729450225830078,15618800
2025-07-03,PTT,PTT.BK,28.495878219604492,23938100
2025-07-04,PTT,PTT.BK,28.262304306030273,16534800
2025-07-07,PTT,PTT.BK,28.262304306030273,10335000
2025-07-08,PTT,PTT.BK,28.262304306030273,9767300
2025-07-09,PTT,PTT.BK,28.262304306030273,13980100
2025-07-11,PTT,PTT.BK,28.495878219604492,38004800
2025-07-14,PTT,PTT.BK,28.963022232055664,38697900
2025-07-15,PTT,PTT.BK,29.19659423828125,33444200
2025-07-16,PTT,PTT.BK,28.963022232055664,75011600
2025-07-17,PTT,PTT.BK,29.4301700592041,60805400
2025-07-18,PTT,PTT.BK,29.897314071655273,131364300
2025-07-21,PTT,PTT.BK,30.364458084106445,56566400
2025-07-22,PTT,PTT.BK,30.13088607788086,37221300
2025-07-23,PTT,PTT.BK,30.13088607788086,46323200
2025-07-24,PTT,PTT.BK,29.897314071655273,93447700
2025-07-25,PTT,PTT.BK,30.13088607788086,83289500
2025-07-29,PTT,PTT.BK,30.83160400390625,106501800
2025-07-30,PTT,PTT.BK,30.83160400390625,71995000
2025-07-31,PTT,PTT.BK,31.065176010131836,170333700
2025-08-01,PTT,PTT.BK,30.13088607788086,93477500
2025-08-04,PTT,PTT.BK,29.897314071655273,90640700
2025-08-05,PTT,PTT.BK,30.364458084106445,56547600
2025-08-06,PTT,PTT.BK,30.13088607788086,44590200
2025-08-07,PTT,PTT.BK,30.13088607788086,45232400
2025-08-08,PTT,PTT.BK,29.897314071655273,64167700
2025-08-13,PTT,PTT.BK,30.364458084106445,67020500
2025-08-14,PTT,PTT.BK,30.13088607788086,59095900
2025-08-15,PTT,PTT.BK,30.13088607788086,76094500
2025-08-18,PTT,PTT.BK,30.13088607788086,101388000
2025-08-19,PTT,PTT.BK,29.663742065429688,38967500
2025-08-20,PTT,PTT.BK,29.897314071655273,26657100
2025-08-21,PTT,PTT.BK,29.897314071655273,74002800
2025-08-22,PTT,PTT.BK,29.897314071655273,53468200
2025-08-25,PTT,PTT.BK,30.13088607788086,6995600
2025-08-26,PTT,PTT.BK,29.897314071655273,68980700
2025-08-27,PTT,PTT.BK,29.663742065429688,28235100
2025-08-28,PTT,PTT.BK,29.4301700592041,37526400
2025-08-29,PTT,PTT.BK,28.963022232055664,100632000
2025-09-01,PTT,PTT.BK,29.4301700592041,45954700
2025-09-02,PTT,PTT.BK,29.4301700592041,47210200
2025-09-03,PTT,PTT.BK,29.897314071655273,96104500
2025-09-04,PTT,PTT.BK,29.663742065429688,46524100
2025-09-05,PTT,PTT.BK,29.4301700592041,56132900
2025-09-08,PTT,PTT.BK,29.663742065429688,67635300
2025-09-09,PTT,PTT.BK,30.364458084106445,106537000
2025-09-10,PTT,PTT.BK,30.13088607788086,78624600
2025-09-11,PTT,PTT.BK,31.065176010131836,130476900
2025-09-12,PTT,PTT.BK,31.298751831054688,57207100
2025-09-15,PTT,PTT.BK,30.598033905029297,72735800
2025-09-16,PTT,PTT.BK,31.065176010131836,21801000
2025-09-17,PTT,PTT.BK,31.065176010131836,97618600
2025-09-18,PTT,PTT.BK,30.83160400390625,46476200
2025-09-19,PTT,PTT.BK,31.065176010131836,151127900
2025-09-22,PTT,PTT.BK,30.83160400390625,51660200
2025-09-23,PTT,PTT.BK,30.83160400390625,36170400
2025-09-24,PTT,PTT.BK,30.83160400390625,49613000
2025-09-25,PTT,PTT.BK,31.065176010131836,47110700
2025-09-26,PTT,PTT.BK,31.065176010131836,59128800
2025-09-29,PTT,PTT.BK,31.532323837280273,78835700
2025-09-30,PTT,PTT.BK,31.065176010131836,62626100
2025-10-01,PTT,PTT.BK,30.969148635864258,88210000
2025-10-02,PTT,PTT.BK,30.969148635864258,13054200
2025-10-03,PTT,PTT.BK,30.969148635864258,21828500
2025-10-06,PTT,PTT.BK,30.72907829284668,14738100
2025-10-07,PTT,PTT.BK,30.72907829284668,0
2025-10-08,PTT,PTT.BK,30.72907829284668,36496569
2025-10-09,PTT,PTT.BK,30.72907829284668,19719000
2025-10-10,PTT,PTT.BK,30.24893569946289,37741800
2025-10-14,PTT,PTT.BK,29.768795013427734,69357200
2025-10-15,PTT,PTT.BK,30.008865356445312,24356300
2025-10-16,PTT,PTT.BK,29.528722763061523,92827800
2025-10-17,PTT,PTT.BK,29.048582077026367,54561900
2025-10-20,PTT,PTT.BK,29.528722763061523,44238400
2025-10-21,PTT,PTT.BK,29.528722763061523,18926500
2025-10-22,PTT,PTT.BK,29.768795013427734,88071500
2025-10-24,PTT,PTT.BK,30.4890079498291,53332000
2025-10-27,PTT,PTT.BK,30.008865356445312,80234100
2025-10-28,PTT,PTT.BK,29.528722763061523,77078400
2025-10-29,PTT,PTT.BK,29.528722763061523,41876700
2025-10-30,PTT,PTT.BK,29.768795013427734,39938800
2025-10-31,PTT,PTT.BK,29.528722763061523,30444300
2025-11-03,PTT,PTT.BK,29.528722763061523,40377400
2025-11-04,PTT,PTT.BK,29.288652420043945,51524200
2025-11-05,PTT,PTT.BK,29.288652420043945,12385200
2025-11-06,PTT,PTT.BK,29.528722763061523,22791100
2025-11-07,PTT,PTT.BK,29.288652420043945,23501800
2025-11-10,PTT,PTT.BK,29.288652420043945,35430900
2025-11-11,PTT,PTT.BK,29.288652420043945,33292400
2025-11-12,PTT,PTT.BK,29.048582077026367,33163600
2025-11-13,PTT,PTT.BK,29.288652420043945,44361000
2025-11-14,PTT,PTT.BK,29.288652420043945,21214700
2025-11-17,PTT,PTT.BK,29.288652420043945,35780100
2025-11-18,PTT,PTT.BK,29.288652420043945,21842100
2025-11-19,PTT,PTT.BK,29.048582077026367,21285200
2025-11-20,PTT,PTT.BK,29.288652420043945,33285600
2025-11-21,PTT,PTT.BK,29.048582077026367,20166700
2025-11-24,PTT,PTT.BK,29.048582077026367,76160900
2025-11-25,PTT,PTT.BK,29.288652420043945,42111500
2025-11-26,PTT,PTT.BK,29.288652420043945,12332400
2025-11-27,PTT,PTT.BK,29.288652420043945,5509100
2025-11-28,PTT,PTT.BK,29.528722763061523,44955000
2025-12-01,PTT,PTT.BK,30.008865356445312,96383400
2025-12-02,PTT,PTT.BK,30.008865356445312,50239500
2025-12-03,PTT,PTT.BK,30.008865356445312,49689700
2025-12-04,PTT,PTT.BK,30.4890079498291,74762700
2025-12-08,PTT,PTT.BK,30.24893569946289,31791300
2025-12-09,PTT,PTT.BK,30.24893569946289,21956900
2025-12-11,PTT,PTT.BK,30.008865356445312,20884100
2025-12-12,PTT,PTT.BK,30.008865356445312,21249800
2025-12-15,PTT,PTT.BK,30.4890079498291,31807600
2025-12-16,PTT,PTT.BK,30.008865356445312,26557400
2025-12-17,PTT,PTT.BK,29.768795013427734,71077700
2025-12-18,PTT,PTT.BK,30.008865356445312,93525900
2025-12-19,PTT,PTT.BK,30.24893569946289,68503800
2025-12-22,PTT,PTT.BK,30.4890079498291,43769800
2025-12-23,PTT,PTT.BK,30.4890079498291,29352700
2025-12-24,PTT,PTT.BK,30.4890079498291,30922100
2025-12-25,PTT,PTT.BK,30.24893569946289,20533400
2025-12-26,PTT,PTT.BK,30.24893569946289,34079000
2025-12-29,PTT,PTT.BK,30.24893569946289,38885700
2025-12-30,PTT,PTT.BK,30.72907829284668,41206800
2026-01-05,PTT,PTT.BK,30.4890079498291,35811000
2026-01-06,PTT,PTT.BK,30.4890079498291,41853000
2026-01-07,PTT,PTT.BK,30.24893569946289,21251600
2026-01-08,PTT,PTT.BK,30.24893569946289,26855300
2026-01-09,PTT,PTT.BK,30.4890079498291,24892700
2026-01-12,PTT,PTT.BK,30.72907829284668,17387000
2026-01-13,PTT,PTT.BK,30.4890079498291,35987900
2026-01-14,PTT,PTT.BK,31.449291229248047,102111200
2026-01-15,PTT,PTT.BK,31.449291229248047,79427000
2026-01-16,PTT,PTT.BK,31.689361572265625,76749200
2026-01-19,PTT,PTT.BK,31.929433822631836,36328000
2026-01-20,PTT,PTT.BK,32.409576416015625,118251800
2026-01-21,PTT,PTT.BK,32.16950225830078,105371100
2026-01-22,PTT,PTT.BK,32.409576416015625,80603200
2026-01-23,PTT,PTT.BK,32.409576416015625,39055100
2026-01-26,PTT,PTT.BK,32.16950225830078,27504500
2026-01-27,PTT,PTT.BK,32.6496467590332,122223700
2026-01-28,PTT,PTT.BK,33.36985778808594,117807500
2026-01-29,PTT,PTT.BK,33.36985778808594,122581100
2026-01-30,PTT,PTT.BK,32.6496467590332,70280500
2026-02-02,PTT,PTT.BK,32.88971710205078,55076600
2026-02-03,PTT,PTT.BK,33.12978744506836,81627200
2026-02-04,PTT,PTT.BK,33.36985778808594,53453300
2026-02-05,PTT,PTT.BK,33.849998474121094,178616200
2026-02-06,PTT,PTT.BK,33.849998474121094,58615000
2026-02-09,PTT,PTT.BK,33.849998474121094,133345600
2026-02-10,PTT,PTT.BK,34.09007263183594,53662800
2026-02-11,PTT,PTT.BK,34.09007263183594,58508200
2026-02-12,PTT,PTT.BK,34.570213317871094,157673500
2026-02-13,PTT,PTT.BK,34.330142974853516,89522800
2026-02-16,PTT,PTT.BK,34.330142974853516,53635500
2026-02-17,PTT,PTT.BK,34.330142974853516,69550200
2026-02-18,PTT,PTT.BK,34.81028366088867,77636600
2026-02-19,PTT,PTT.BK,36.01063919067383,274514900
2026-02-20,PTT,PTT.BK,35.53049850463867,181387200
2026-02-23,PTT,PTT.BK,35.05035400390625,130378700
2026-02-24,PTT,PTT.BK,35.29042434692383,143067300
2026-02-25,PTT,PTT.BK,35.77056884765625,148811400
2026-02-26,PTT,PTT.BK,35.77056884765625,153032600
2026-02-27,PTT,PTT.BK,35.53049850463867,212290300
2026-03-02,PTT,PTT.BK,35.29042434692383,157966000
2026-03-04,PTT,PTT.BK,33.849998474121094,292385800
2026-03-05,PTT,PTT.BK,34.0,181049600
2026-03-06,PTT,PTT.BK,34.0,79931600
2026-03-09,PTT,PTT.BK,33.25,125226700
2026-03-10,PTT,PTT.BK,33.5,89844500
2026-03-11,PTT,PTT.BK,33.5,94472700
2026-03-12,PTT,PTT.BK,35.0,175474000
2026-03-13,PTT,PTT.BK,34.25,121083200
2026-03-16,PTT,PTT.BK,33.5,93478100
2026-03-17,PTT,PTT.BK,34.0,107960500
2026-03-18,PTT,PTT.BK,33.5,45953800
2026-03-19,PTT,PTT.BK,34.25,126676600
2026-03-20,PTT,PTT.BK,34.0,107660500
2026-03-23,PTT,PTT.BK,33.5,70474100
2026-03-24,PTT,PTT.BK,33.75,49974500
2026-03-25,PTT,PTT.BK,34.25,104453400
2026-03-26,PTT,PTT.BK,34.5,134503000
2026-03-27,PTT,PTT.BK,34.5,91962400
2026-03-30,PTT,PTT.BK,35.25,77207900
2026-03-31,PTT,PTT.BK,35.0,107133700
2026-04-01,PTT,PTT.BK,34.75,124696800
2026-04-02,PTT,PTT.BK,35.5,87618300
2026-04-03,PTT,PTT.BK,34.25,96794300
2026-04-07,PTT,PTT.BK,34.75,90396600
2026-04-08,PTT,PTT.BK,35.0,73033000
2026-04-09,PTT,PTT.BK,35.5,77941200
2026-04-10,PTT,PTT.BK,34.75,48751300
2026-04-16,PTT,PTT.BK,34.75,67617600
2026-04-17,PTT,PTT.BK,34.75,44345500
2026-04-20,PTT,PTT.BK,34.5,64051900
2026-04-21,PTT,PTT.BK,34.25,43177200
2026-04-22,PTT,PTT.BK,34.75,84206100
2026-04-23,PTT,PTT.BK,35.0,70320800
2026-04-24,PTT,PTT.BK,34.75,30141200
2026-04-27,PTT,PTT.BK,35.25,59943100
2026-04-28,PTT,PTT.BK,35.25,86701500
2026-04-29,PTT,PTT.BK,35.25,96914100
2026-04-30,PTT,PTT.BK,35.25,114540300
2026-05-01,PTT,PTT.BK,35.25,0
2026-05-04,PTT,PTT.BK,35.25,0
2026-05-05,PTT,PTT.BK,36.5,140653200
2026-05-06,PTT,PTT.BK,35.5,129532800
2026-05-07,PTT,PTT.BK,35.75,72655800
2026-05-08,PTT,PTT.BK,36.5,115038100
2026-05-11,PTT,PTT.BK,36.5,102482500
2026-05-12,PTT,PTT.BK,37.0,142065900
2026-05-13,PTT,PTT.BK,37.0,71669900
2026-05-14,PTT,PTT.BK,37.25,71422300
2026-05-15,PTT,PTT.BK,36.25,74311500
2026-05-18,PTT,PTT.BK,36.5,70683200
2026-05-19,PTT,PTT.BK,36.5,36263500
2026-05-20,PTT,PTT.BK,37.0,89864100
2026-05-21,PTT,PTT.BK,37.25,72306300
2026-05-22,PTT,PTT.BK,36.75,37502800
2026-05-25,PTT,PTT.BK,36.75,63959700
2026-05-26,PTT,PTT.BK,36.5,29126300
2026-05-27,PTT,PTT.BK,36.5,37899300
2026-05-28,PTT,PTT.BK,36.25,67074000
2026-05-29,PTT,PTT.BK,36.25,69574000
2026-06-01,PTT,PTT.BK,36.25,0
2026-06-02,PTT,PTT.BK,36.5,85131500
2026-06-03,PTT,PTT.BK,36.5,0
2026-06-04,PTT,PTT.BK,36.75,81797100
2026-06-05,PTT,PTT.BK,36.75,32086400
2026-06-08,PTT,PTT.BK,36.5,49219100
2026-06-09,PTT,PTT.BK,36.25,49289300
2026-06-10,PTT,PTT.BK,36.25,24678700
2026-06-11,PTT,PTT.BK,36.5,26907200
2026-06-12,PTT,PTT.BK,36.0,58422400
2026-06-15,PTT,PTT.BK,35.0,105097700
2026-06-16,PTT,PTT.BK,35.25,69549200
2026-06-17,PTT,PTT.BK,35.25,34418500
2026-06-18,PTT,PTT.BK,35.5,38170100
2026-06-19,PTT,PTT.BK,35.25,46878300
2026-06-22,PTT,PTT.BK,35.75,57087000
2026-06-23,PTT,PTT.BK,35.0,101075100
2026-06-24,PTT,PTT.BK,35.0,53747100
2026-06-25,PTT,PTT.BK,34.5,68981000
2026-06-26,PTT,PTT.BK,35.0,84827300
2026-06-29,PTT,PTT.BK,35.25,94776400
2026-06-30,PTT,PTT.BK,35.5,90941100
2026-07-01,PTT,PTT.BK,35.75,26484500
2026-07-02,PTT,PTT.BK,35.75,84261400
2026-07-03,PTT,PTT.BK,37.0,97194200
2026-07-06,PTT,PTT.BK,37.25,76486400
2026-07-07,PTT,PTT.BK,36.5,199133100
2026-07-08,PTT,PTT.BK,36.75,111287800
2026-07-09,PTT,PTT.BK,37.0,134795700
2026-07-10,PTT,PTT.BK,37.5,78549600
2026-07-13,PTT,PTT.BK,37.75,127191400
2026-07-14,PTT,PTT.BK,38.25,135436500
2026-07-15,PTT,PTT.BK,38.5,203198100
2026-07-16,PTT,PTT.BK,38.75,54338300
2026-07-17,PTT,PTT.BK,38.75,74720600
2026-07-20,PTT,PTT.BK,39.25,160250000
2026-07-21,PTT,PTT.BK,39.75,169781400
2026-07-22,PTT,PTT.BK,39.25,157309500
2026-07-23,PTT,PTT.BK,39.5,96694800
2026-07-24,PTT,PTT.BK,39.5,61698300
2026-07-27,PTT,PTT.BK,39.0,114161500
2026-07-28,PTT,PTT.BK,39.0,0
2026-07-29,PTT,PTT.BK,39.0,0
2026-07-30,PTT,PTT.BK,38.5,106623800
2026-07-31,PTT,PTT.BK,38.5,69605700
2026-08-03,PTT,PTT.BK,38.5,75420500
2026-08-04,PTT,PTT.BK,38.0,160596500
2026-08-05,PTT,PTT.BK,38.25,187994200
2026-08-06,PTT,PTT.BK,38.75,161240900
2026-08-07,PTT,PTT.BK,,129535652
2019-01-02,TOP,TOP.BK,45.798187255859375,9675028
2019-01-03,TOP,TOP.BK,45.798187255859375,6082853
2019-01-04,TOP,TOP.BK,48.31259536743164,15402271
2019-01-07,TOP,TOP.BK,50.108612060546875,15670762
2019-01-08,TOP,TOP.BK,50.108612060546875,6666560
2019-01-09,TOP,TOP.BK,50.108612060546875,10619671
2019-01-10,TOP,TOP.BK,50.108612060546875,10486531
2019-01-11,TOP,TOP.BK,50.64741897583008,9169597
2019-01-14,TOP,TOP.BK,48.492210388183594,8209279
2019-01-15,TOP,TOP.BK,48.31259536743164,8611915
2019-01-16,TOP,TOP.BK,49.210601806640625,8107088
2019-01-17,TOP,TOP.BK,49.210601806640625,4998337
2019-01-18,TOP,TOP.BK,49.92900466918945,5417051
2019-01-21,TOP,TOP.BK,51.54541015625,8947529
2019-01-22,TOP,TOP.BK,52.443424224853516,14154973
2019-01-23,TOP,TOP.BK,52.0842170715332,17188260
2019-01-24,TOP,TOP.BK,51.365806579589844,10305560
2019-01-25,TOP,TOP.BK,51.0066032409668,7703949
2019-01-28,TOP,TOP.BK,51.18621063232422,7906121
2019-01-29,TOP,TOP.BK,49.569793701171875,25941254
2019-01-30,TOP,TOP.BK,51.72501754760742,18761828
2019-01-31,TOP,TOP.BK,51.72501754760742,16419764
2019-02-01,TOP,TOP.BK,52.98222351074219,20961004
2019-02-04,TOP,TOP.BK,53.70062255859375,9607805
2019-02-05,TOP,TOP.BK,53.521018981933594,5912031
2019-02-06,TOP,TOP.BK,53.521018981933594,6521362
2019-02-07,TOP,TOP.BK,53.521018981933594,7344018
2019-02-08,TOP,TOP.BK,53.16182327270508,10041591
2019-02-11,TOP,TOP.BK,52.80262756347656,6258899
2019-02-12,TOP,TOP.BK,52.62301254272461,4860273
2019-02-13,TOP,TOP.BK,54.598636627197266,23616575
2019-02-14,TOP,TOP.BK,54.05982208251953,10812498
2019-02-15,TOP,TOP.BK,53.34142303466797,12439724
2019-02-18,TOP,TOP.BK,52.98222351074219,13266500
2019-02-20,TOP,TOP.BK,53.34142303466797,14890108
2019-02-21,TOP,TOP.BK,51.72501754760742,30014543
2019-02-22,TOP,TOP.BK,52.98222351074219,15381672
2019-02-25,TOP,TOP.BK,53.16182327270508,10613843
2019-02-26,TOP,TOP.BK,52.80262756347656,11330891
2019-02-27,TOP,TOP.BK,52.80262756347656,9471449
2019-02-28,TOP,TOP.BK,52.72963333129883,11280549
2019-03-01,TOP,TOP.BK,50.54017639160156,39084060
2019-03-04,TOP,TOP.BK,50.90509033203125,18545387
2019-03-05,TOP,TOP.BK,52.91209411621094,32352788
2019-03-06,TOP,TOP.BK,52.72963333129883,16527281
2019-03-07,TOP,TOP.BK,52.36471939086914,7615624
2019-03-08,TOP,TOP.BK,51.817352294921875,7898886
2019-03-11,TOP,TOP.BK,50.722625732421875,11563309
2019-03-12,TOP,TOP.BK,51.26999282836914,14776763
2019-03-13,TOP,TOP.BK,51.452457427978516,9888655
2019-03-14,TOP,TOP.BK,50.722625732421875,12580903
2019-03-15,TOP,TOP.BK,50.35771179199219,11969060
2019-03-18,TOP,TOP.BK,49.992801666259766,9046505
2019-03-19,TOP,TOP.BK,51.0875358581543,12065826
2019-03-20,TOP,TOP.BK,50.90509033203125,8636735
2019-03-21,TOP,TOP.BK,52.36471939086914,15489591
2019-03-22,TOP,TOP.BK,52.547183990478516,10969353
2019-03-25,TOP,TOP.BK,51.452457427978516,14698085
2019-03-26,TOP,TOP.BK,51.452457427978516,9772296
2019-03-27,TOP,TOP.BK,51.0875358581543,11566826
2019-03-28,TOP,TOP.BK,51.0875358581543,10052443
2019-03-29,TOP,TOP.BK,50.722625732421875,8916078
2019-04-01,TOP,TOP.BK,51.26999282836914,9056956
2019-04-02,TOP,TOP.BK,51.817352294921875,14176275
2019-04-03,TOP,TOP.BK,52.36471939086914,16177097
2019-04-04,TOP,TOP.BK,51.999813079833984,7256798
2019-04-05,TOP,TOP.BK,51.634910583496094,6398169
2019-04-09,TOP,TOP.BK,52.18227005004883,18235898
2019-04-10,TOP,TOP.BK,52.18227005004883,12114861
2019-04-11,TOP,TOP.BK,52.547183990478516,15090572
2019-04-12,TOP,TOP.BK,52.547183990478516,11065616
2019-04-17,TOP,TOP.BK,52.547183990478516,14616693
2019-04-18,TOP,TOP.BK,52.547183990478516,12349389
2019-04-19,TOP,TOP.BK,53.27701187133789,15268226
2019-04-22,TOP,TOP.BK,53.27701187133789,13635575
2019-04-23,TOP,TOP.BK,52.91209411621094,10634442
2019-04-24,TOP,TOP.BK,52.91209411621094,8732093
2019-04-25,TOP,TOP.BK,52.36471939086914,7385316
2019-04-26,TOP,TOP.BK,51.0875358581543,24786602
2019-04-29,TOP,TOP.BK,50.35771179199219,17219912
2019-04-30,TOP,TOP.BK,50.54017639160156,13411598
2019-05-02,TOP,TOP.BK,50.54017639160156,8493848
2019-05-03,TOP,TOP.BK,50.35771179199219,8314485
2019-05-07,TOP,TOP.BK,49.4454345703125,16004568
2019-05-08,TOP,TOP.BK,48.53315734863281,14769428
2019-05-09,TOP,TOP.BK,48.53315734863281,8098145
2019-05-10,TOP,TOP.BK,48.715614318847656,15154278
2019-05-13,TOP,TOP.BK,47.43842697143555,14592175
2019-05-14,TOP,TOP.BK,47.25596618652344,12103909
2019-05-15,TOP,TOP.BK,46.89105987548828,11217747
2019-05-16,TOP,TOP.BK,46.89105987548828,12818948
2019-05-17,TOP,TOP.BK,45.97877502441406,12208009
2019-05-21,TOP,TOP.BK,45.61386489868164,15384887
2019-05-22,TOP,TOP.BK,44.154232025146484,46417126
2019-05-23,TOP,TOP.BK,43.05950164794922,16144440
2019-05-24,TOP,TOP.BK,43.78932189941406,23088234
2019-05-27,TOP,TOP.BK,43.241943359375,19405724
2019-05-28,TOP,TOP.BK,43.78932189941406,28608381
2019-05-29,TOP,TOP.BK,43.241943359375,9366645
2019-05-30,TOP,TOP.BK,43.424400329589844,9177937
2019-05-31,TOP,TOP.BK,43.241943359375,5900375
2019-06-04,TOP,TOP.BK,43.424400329589844,12535082
2019-06-05,TOP,TOP.BK,43.78932189941406,8635227
2019-06-06,TOP,TOP.BK,43.424400329589844,8824437
2019-06-07,TOP,TOP.BK,43.78932189941406,6582556
2019-06-10,TOP,TOP.BK,44.519142150878906,18323721
2019-06-11,TOP,TOP.BK,44.154232025146484,9117647
2019-06-12,TOP,TOP.BK,43.971771240234375,6690274
2019-06-13,TOP,TOP.BK,43.971771240234375,10934183
2019-06-14,TOP,TOP.BK,43.971771240234375,5716993
2019-06-17,TOP,TOP.BK,43.78932189941406,4734770
2019-06-18,TOP,TOP.BK,44.154232025146484,11663089
2019-06-19,TOP,TOP.BK,45.248958587646484,29292973
2019-06-20,TOP,TOP.BK,46.89105987548828,23527848
2019-06-21,TOP,TOP.BK,46.89105987548828,26419253
2019-06-24,TOP,TOP.BK,48.53315734863281,30038057
2019-06-25,TOP,TOP.BK,48.53315734863281,18007701
2019-06-26,TOP,TOP.BK,48.53315734863281,19312275
2019-06-27,TOP,TOP.BK,48.3507080078125,10717240
2019-06-28,TOP,TOP.BK,48.53315734863281,7062866
2019-07-01,TOP,TOP.BK,49.992801666259766,19107189
2019-07-02,TOP,TOP.BK,49.62789535522461,13898439
2019-07-03,TOP,TOP.BK,48.3507080078125,18479168
2019-07-04,TOP,TOP.BK,47.620887756347656,13314028
2019-07-05,TOP,TOP.BK,48.53315734863281,9670506
2019-07-08,TOP,TOP.BK,48.3507080078125,9506116
2019-07-09,TOP,TOP.BK,48.53315734863281,8591216
2019-07-10,TOP,TOP.BK,49.62789535522461,32410064
2019-07-11,TOP,TOP.BK,51.817352294921875,33924949
2019-07-12,TOP,TOP.BK,52.91209411621094,38104951
2019-07-15,TOP,TOP.BK,51.634910583496094,13665318
2019-07-17,TOP,TOP.BK,50.35771179199219,13926172
2019-07-18,TOP,TOP.BK,50.35771179199219,8863525
2019-07-19,TOP,TOP.BK,51.452457427978516,11027030
2019-07-22,TOP,TOP.BK,51.999813079833984,8060162
2019-07-23,TOP,TOP.BK,51.817352294921875,6035224
2019-07-24,TOP,TOP.BK,51.817352294921875,7865224
2019-07-25,TOP,TOP.BK,50.90509033203125,10294507
2019-07-26,TOP,TOP.BK,50.722625732421875,3692558
2019-07-30,TOP,TOP.BK,50.175262451171875,7772378
2019-07-31,TOP,TOP.BK,50.35771179199219,13061816
2019-08-01,TOP,TOP.BK,50.175262451171875,9038567
2019-08-02,TOP,TOP.BK,48.898075103759766,21618064
2019-08-05,TOP,TOP.BK,48.168251037597656,8301422
2019-08-06,TOP,TOP.BK,47.98579788208008,9870468
2019-08-07,TOP,TOP.BK,46.526145935058594,17752273
2019-08-08,TOP,TOP.BK,45.248958587646484,12817541
2019-08-09,TOP,TOP.BK,46.526145935058594,12814828
2019-08-13,TOP,TOP.BK,46.89105987548828,15774361
2019-08-14,TOP,TOP.BK,47.803340911865234,16969709
2019-08-15,TOP,TOP.BK,46.70860290527344,16479049
2019-08-16,TOP,TOP.BK,47.073516845703125,8847950
2019-08-19,TOP,TOP.BK,47.620887756347656,8048807
2019-08-20,TOP,TOP.BK,46.89105987548828,4036713
2019-08-21,TOP,TOP.BK,47.43842697143555,6936257
2019-08-22,TOP,TOP.BK,47.25596618652344,3760987
2019-08-23,TOP,TOP.BK,47.803340911865234,3669848
2019-08-26,TOP,TOP.BK,45.61386489868164,15656293
2019-08-27,TOP,TOP.BK,44.519142150878906,11807785
2019-08-28,TOP,TOP.BK,45.43141555786133,6925807
2019-08-29,TOP,TOP.BK,49.62789535522461,39814473
2019-08-30,TOP,TOP.BK,49.4454345703125,17672489
2019-09-02,TOP,TOP.BK,48.715614318847656,8189383
2019-09-03,TOP,TOP.BK,48.53315734863281,7560760
2019-09-04,TOP,TOP.BK,49.81034851074219,11373597
2019-09-05,TOP,TOP.BK,50.90509033203125,10663884
2019-09-06,TOP,TOP.BK,50.35771179199219,6667665
2019-09-09,TOP,TOP.BK,50.175262451171875,4527674
2019-09-10,TOP,TOP.BK,50.90509033203125,8713805
2019-09-11,TOP,TOP.BK,51.817352294921875,10612436
2019-09-12,TOP,TOP.BK,51.817359924316406,8840917
2019-09-13,TOP,TOP.BK,52.37255096435547,13276046
2019-09-16,TOP,TOP.BK,52.55760192871094,15107855
2019-09-17,TOP,TOP.BK,53.29785919189453,14549470
2019-09-18,TOP,TOP.BK,52.00242233276367,8773492
2019-09-19,TOP,TOP.BK,50.52192687988281,13807703
2019-09-20,TOP,TOP.BK,50.70698547363281,10994775
2019-09-23,TOP,TOP.BK,51.447235107421875,5807730
2019-09-24,TOP,TOP.BK,52.00242233276367,5664742
2019-09-25,TOP,TOP.BK,51.63230514526367,4914635
2019-09-26,TOP,TOP.BK,51.26218032836914,5520448
2019-09-27,TOP,TOP.BK,51.817359924316406,8042577
2019-09-30,TOP,TOP.BK,51.63230514526367,4283198
2019-10-01,TOP,TOP.BK,50.52192687988281,8764951
2019-10-02,TOP,TOP.BK,50.33686447143555,6515534
2019-10-03,TOP,TOP.BK,49.96674728393555,4178394
2019-10-04,TOP,TOP.BK,49.96674728393555,2798257
2019-10-07,TOP,TOP.BK,50.892051696777344,3456522
2019-10-08,TOP,TOP.BK,50.892051696777344,3970796
2019-10-09,TOP,TOP.BK,51.447235107421875,4301184
2019-10-10,TOP,TOP.BK,51.26218032836914,3770834
2019-10-11,TOP,TOP.BK,51.817359924316406,8712097
2019-10-15,TOP,TOP.BK,51.817359924316406,8742343
2019-10-16,TOP,TOP.BK,50.892051696777344,10509139
2019-10-17,TOP,TOP.BK,49.96674728393555,22417307
2019-10-18,TOP,TOP.BK,49.96674728393555,5586164
2019-10-21,TOP,TOP.BK,49.41155242919922,3549067
2019-10-22,TOP,TOP.BK,49.96674728393555,2834531
2019-10-24,TOP,TOP.BK,49.41155242919922,5885504
2019-10-25,TOP,TOP.BK,47.1908073425293,15061231
2019-10-28,TOP,TOP.BK,47.1908073425293,4904888
2019-10-29,TOP,TOP.BK,48.116119384765625,6416960
2019-10-30,TOP,TOP.BK,49.96674728393555,9443917
2019-10-31,TOP,TOP.BK,50.70698547363281,6883302
2019-11-01,TOP,TOP.BK,50.33686447143555,5825314
2019-11-04,TOP,TOP.BK,51.447235107421875,6261010
2019-11-05,TOP,TOP.BK,50.70698547363281,12332709
2019-11-06,TOP,TOP.BK,50.70698547363281,5730358
2019-11-07,TOP,TOP.BK,53.29785919189453,12536690
2019-11-08,TOP,TOP.BK,53.85304641723633,13181391
2019-11-11,TOP,TOP.BK,52.00242233276367,10321738
2019-11-12,TOP,TOP.BK,51.817359924316406,7064474
2019-11-13,TOP,TOP.BK,51.447235107421875,6228754
2019-11-14,TOP,TOP.BK,50.70698547363281,5496533
2019-11-15,TOP,TOP.BK,49.22649002075195,11939418
2019-11-18,TOP,TOP.BK,50.70698547363281,5135195
2019-11-19,TOP,TOP.BK,50.33686447143555,2088845
2019-11-20,TOP,TOP.BK,49.78167724609375,6529903
2019-11-21,TOP,TOP.BK,49.59661865234375,4196179
2019-11-22,TOP,TOP.BK,50.151798248291016,4393931
2019-11-25,TOP,TOP.BK,51.447235107421875,8733902
2019-11-26,TOP,TOP.BK,52.18749237060547,11304364
2019-11-27,TOP,TOP.BK,51.447235107421875,7316284
2019-11-28,TOP,TOP.BK,51.07710647583008,6537137
2019-11-29,TOP,TOP.BK,51.07710647583008,7335276
2019-12-02,TOP,TOP.BK,50.52192687988281,3007865
2019-12-03,TOP,TOP.BK,50.70698547363281,4158699
2019-12-04,TOP,TOP.BK,50.33686447143555,5270044
2019-12-06,TOP,TOP.BK,49.41155242919922,7527902
2019-12-09,TOP,TOP.BK,49.41155242919922,3786107
2019-12-11,TOP,TOP.BK,47.745994567871094,14507468
2019-12-12,TOP,TOP.BK,48.116119384765625,10071233
2019-12-13,TOP,TOP.BK,49.96674728393555,25907794
2019-12-16,TOP,TOP.BK,50.33686447143555,8690393
2019-12-17,TOP,TOP.BK,49.96674728393555,8222040
2019-12-18,TOP,TOP.BK,51.07710647583008,7029103
2019-12-19,TOP,TOP.BK,50.52192687988281,11154242
2019-12-20,TOP,TOP.BK,50.33686447143555,5909017
2019-12-23,TOP,TOP.BK,51.817359924316406,8684967
2019-12-24,TOP,TOP.BK,51.447235107421875,2605731
2019-12-25,TOP,TOP.BK,51.447235107421875,1557791
2019-12-26,TOP,TOP.BK,51.817359924316406,2293127
2019-12-27,TOP,TOP.BK,51.63230514526367,5277078
2019-12-30,TOP,TOP.BK,51.63230514526367,2968877
2020-01-02,TOP,TOP.BK,52.55760192871094,12396817
2020-01-03,TOP,TOP.BK,53.29785919189453,10340328
2020-01-06,TOP,TOP.BK,51.817359924316406,16344804
2020-01-07,TOP,TOP.BK,51.817359924316406,9973262
2020-01-08,TOP,TOP.BK,49.78167724609375,17866221
2020-01-09,TOP,TOP.BK,49.96674728393555,17378676
2020-01-10,TOP,TOP.BK,49.22649002075195,7794183
2020-01-13,TOP,TOP.BK,47.56093215942383,27501960
2020-01-14,TOP,TOP.BK,45.34019470214844,36135882
2020-01-15,TOP,TOP.BK,45.71031188964844,15169753
2020-01-16,TOP,TOP.BK,45.71031188964844,15210248
2020-01-17,TOP,TOP.BK,46.2654914855957,15298070
2020-01-20,TOP,TOP.BK,45.52524948120117,9020782
2020-01-21,TOP,TOP.BK,44.970062255859375,9151711
2020-01-22,TOP,TOP.BK,42.93437957763672,30699739
2020-01-23,TOP,TOP.BK,40.3435173034668,38482567
2020-01-24,TOP,TOP.BK,39.23313903808594,18516347
2020-01-27,TOP,TOP.BK,35.90201950073242,30883422
2020-01-28,TOP,TOP.BK,37.93770980834961,32195130
2020-01-29,TOP,TOP.BK,39.4182014465332,22132839
2020-01-30,TOP,TOP.BK,38.677955627441406,12224790
2020-01-31,TOP,TOP.BK,38.492897033691406,11788391
2020-02-03,TOP,TOP.BK,37.93770980834961,8376684
2020-02-04,TOP,TOP.BK,39.973392486572266,24988372
2020-02-05,TOP,TOP.BK,40.898704528808594,23298746
2020-02-06,TOP,TOP.BK,41.26882553100586,17170173
2020-02-07,TOP,TOP.BK,40.898704528808594,12983740
2020-02-11,TOP,TOP.BK,39.0480842590332,21333395
2020-02-12,TOP,TOP.BK,40.158447265625,12003627
2020-02-13,TOP,TOP.BK,40.158447265625,9161358
2020-02-14,TOP,TOP.BK,39.4182014465332,6132090
2020-02-17,TOP,TOP.BK,39.60326385498047,6710572
2020-02-18,TOP,TOP.BK,38.492897033691406,11963835
2020-02-19,TOP,TOP.BK,38.677955627441406,8669995
2020-02-20,TOP,TOP.BK,38.307838439941406,14043436
2020-02-21,TOP,TOP.BK,38.122772216796875,8094125
2020-02-24,TOP,TOP.BK,34.79165267944336,31990245
2020-02-25,TOP,TOP.BK,35.16178894042969,25159394
2020-02-26,TOP,TOP.BK,33.3111572265625,14932713
2020-02-27,TOP,TOP.BK,33.4983024597168,20623581
2020-02-28,TOP,TOP.BK,32.375450134277344,16350029
2020-03-02,TOP,TOP.BK,30.878328323364258,17161833
2020-03-03,TOP,TOP.BK,33.87258529663086,23819752
2020-03-04,TOP,TOP.BK,33.87258529663086,14301578
2020-03-05,TOP,TOP.BK,33.4983024597168,18461483
2020-03-06,TOP,TOP.BK,31.25260353088379,27207243
2020-03-09,TOP,TOP.BK,24.515514373779297,68313428
2020-03-10,TOP,TOP.BK,26.199787139892578,35522130
2020-03-11,TOP,TOP.BK,27.50977897644043,35539815
2020-03-12,TOP,TOP.BK,24.515514373779297,31896595
2020-03-13,TOP,TOP.BK,26.386932373046875,37862988
2020-03-16,TOP,TOP.BK,22.83124351501465,19223649
2020-03-17,TOP,TOP.BK,21.521251678466797,33773119
2020-03-18,TOP,TOP.BK,21.14697265625,23321154
2020-03-19,TOP,TOP.BK,20.585546493530273,32905848
2020-03-20,TOP,TOP.BK,22.64410400390625,48922374
2020-03-23,TOP,TOP.BK,20.211265563964844,23292014
2020-03-24,TOP,TOP.BK,21.14697265625,27984179
2020-03-25,TOP,TOP.BK,22.83124351501465,37014306
2020-03-26,TOP,TOP.BK,22.64410400390625,26841584
2020-03-27,TOP,TOP.BK,22.269817352294922,19640453
2020-03-30,TOP,TOP.BK,21.70839500427246,964237
2020-03-31,TOP,TOP.BK,23.01838493347168,28112999
2020-04-01,TOP,TOP.BK,23.20552635192871,36904981
2020-04-02,TOP,TOP.BK,26.574066162109375,48707340
2020-04-03,TOP,TOP.BK,27.50977897644043,48099617
2020-04-07,TOP,TOP.BK,29.194047927856445,26560231
2020-04-08,TOP,TOP.BK,27.322641372680664,21208092
2020-04-09,TOP,TOP.BK,26.574066162109375,33419016
2020-04-10,TOP,TOP.BK,26.012645721435547,41737119
2020-04-13,TOP,TOP.BK,26.199787139892578,21420514
2020-04-14,TOP,TOP.BK,28.63262367248535,55478001
2020-04-15,TOP,TOP.BK,29.194047927856445,40505797
2020-04-16,TOP,TOP.BK,27.50977897644043,18081054
2020-04-17,TOP,TOP.BK,28.44548797607422,13444355
2020-04-20,TOP,TOP.BK,29.00690460205078,14113775
2020-04-21,TOP,TOP.BK,29.381189346313477,31578264
2020-04-22,TOP,TOP.BK,30.129756927490234,21280038
2020-04-23,TOP,TOP.BK,30.691181182861328,29901600
2020-04-24,TOP,TOP.BK,29.568328857421875,19489427
2020-04-27,TOP,TOP.BK,29.00690460205078,14827206
2020-04-28,TOP,TOP.BK,28.81976890563965,14159092
2020-04-29,TOP,TOP.BK,29.381189346313477,9902321
2020-04-30,TOP,TOP.BK,30.691181182861328,25627144
2020-05-05,TOP,TOP.BK,30.316896438598633,15262197
2020-05-07,TOP,TOP.BK,30.50403594970703,16258489
2020-05-08,TOP,TOP.BK,32.375450134277344,15139306
2020-05-11,TOP,TOP.BK,32.375450134277344,23981530
2020-05-12,TOP,TOP.BK,32.74972915649414,13940742
2020-05-13,TOP,TOP.BK,31.62689208984375,20135434
2020-05-14,TOP,TOP.BK,30.878328323364258,10085402
2020-05-15,TOP,TOP.BK,32.18831253051758,16076514
2020-05-18,TOP,TOP.BK,32.9368782043457,18723142
2020-05-19,TOP,TOP.BK,34.62114334106445,25224206
2020-05-20,TOP,TOP.BK,34.80828857421875,7879091
2020-05-21,TOP,TOP.BK,35.369712829589844,15157494
2020-05-22,TOP,TOP.BK,33.68544387817383,26295558
2020-05-25,TOP,TOP.BK,33.87258529663086,14679596
2020-05-26,TOP,TOP.BK,33.87258529663086,12372099
2020-05-27,TOP,TOP.BK,33.87258529663086,9003197
2020-05-28,TOP,TOP.BK,32.74972915649414,21403130
2020-05-29,TOP,TOP.BK,32.18831253051758,15262398
2020-06-01,TOP,TOP.BK,33.3111572265625,22382641
2020-06-02,TOP,TOP.BK,34.99543380737305,28210769
2020-06-04,TOP,TOP.BK,35.369712829589844,28568389
2020-06-05,TOP,TOP.BK,37.80255126953125,48966084
2020-06-08,TOP,TOP.BK,36.67970275878906,58688139
2020-06-09,TOP,TOP.BK,34.80828857421875,34501321
2020-06-10,TOP,TOP.BK,35.369712829589844,16112989
2020-06-11,TOP,TOP.BK,34.43400955200195,20313590
2020-06-12,TOP,TOP.BK,33.3111572265625,34394105
2020-06-15,TOP,TOP.BK,31.25260353088379,30630104
2020-06-16,TOP,TOP.BK,32.74972915649414,32026519
2020-06-17,TOP,TOP.BK,33.68544387817383,19167378
2020-06-18,TOP,TOP.BK,34.24686813354492,16645952
2020-06-19,TOP,TOP.BK,34.62114334106445,20494159
2020-06-22,TOP,TOP.BK,34.24686813354492,13097789
2020-06-23,TOP,TOP.BK,34.24686813354492,8144266
2020-06-24,TOP,TOP.BK,32.74972915649414,13009564
2020-06-25,TOP,TOP.BK,32.375450134277344,16345809
2020-06-26,TOP,TOP.BK,32.00116729736328,6488805
2020-06-29,TOP,TOP.BK,32.00116729736328,10280138
2020-06-30,TOP,TOP.BK,33.1240119934082,23937016
2020-07-01,TOP,TOP.BK,34.24686813354492,19197422
2020-07-02,TOP,TOP.BK,34.99543380737305,17468910
2020-07-03,TOP,TOP.BK,34.80828857421875,14367796
2020-07-07,TOP,TOP.BK,35.18257141113281,17168666
2020-07-08,TOP,TOP.BK,33.3111572265625,24451791
2020-07-09,TOP,TOP.BK,32.375450134277344,25431604
2020-07-10,TOP,TOP.BK,32.00116729736328,20216122
2020-07-13,TOP,TOP.BK,32.00116729736328,18768661
2020-07-14,TOP,TOP.BK,31.62689208984375,16989906
2020-07-15,TOP,TOP.BK,32.375450134277344,20130912
2020-07-16,TOP,TOP.BK,31.81403350830078,12876725
2020-07-17,TOP,TOP.BK,32.18831253051758,9795708
2020-07-20,TOP,TOP.BK,32.56259536743164,9456376
2020-07-21,TOP,TOP.BK,33.68544387817383,21555061
2020-07-22,TOP,TOP.BK,32.375450134277344,18939783
2020-07-23,TOP,TOP.BK,33.1240119934082,6558440
2020-07-24,TOP,TOP.BK,32.375450134277344,7129084
2020-07-29,TOP,TOP.BK,32.18831253051758,8215308
2020-07-30,TOP,TOP.BK,30.691181182861328,16590083
2020-07-31,TOP,TOP.BK,31.43974494934082,17252268
2020-08-03,TOP,TOP.BK,31.065458297729492,9318413
2020-08-04,TOP,TOP.BK,31.065458297729492,7750171
2020-08-05,TOP,TOP.BK,33.3111572265625,28882801
2020-08-06,TOP,TOP.BK,33.1240119934082,16812051
2020-08-07,TOP,TOP.BK,32.74972915649414,10151620
2020-08-10,TOP,TOP.BK,32.00116729736328,12333212
2020-08-11,TOP,TOP.BK,31.25260353088379,22736442
2020-08-13,TOP,TOP.BK,32.18831253051758,13659088
2020-08-14,TOP,TOP.BK,31.62689208984375,10076860
2020-08-17,TOP,TOP.BK,31.62689208984375,6789853
2020-08-18,TOP,TOP.BK,32.00116729736328,6576828
2020-08-19,TOP,TOP.BK,31.43974494934082,10718446
2020-08-20,TOP,TOP.BK,31.62689208984375,7057339
2020-08-21,TOP,TOP.BK,30.878328323364258,21893388
2020-08-24,TOP,TOP.BK,31.43974494934082,10979602
2020-08-25,TOP,TOP.BK,32.00116729736328,12682290
2020-08-26,TOP,TOP.BK,32.18831253051758,10769692
2020-08-27,TOP,TOP.BK,32.18831253051758,10026518
2020-08-28,TOP,TOP.BK,31.81403350830078,8701144
2020-08-31,TOP,TOP.BK,31.065458297729492,10167898
2020-09-01,TOP,TOP.BK,29.942609786987305,22854007
2020-09-02,TOP,TOP.BK,29.942609786987305,13431594
2020-09-03,TOP,TOP.BK,29.381189346313477,9279124
2020-09-08,TOP,TOP.BK,28.25834083557129,14719688
2020-09-09,TOP,TOP.BK,29.00690460205078,11714838
2020-09-10,TOP,TOP.BK,28.63262367248535,4470298
2020-09-11,TOP,TOP.BK,28.44548797607422,4271542
2020-09-14,TOP,TOP.BK,28.07120132446289,4697792
2020-09-15,TOP,TOP.BK,28.63262367248535,5036320
2020-09-16,TOP,TOP.BK,29.194047927856445,9641065
2020-09-17,TOP,TOP.BK,28.63262367248535,5686346
2020-09-18,TOP,TOP.BK,29.00690460205078,5397457
2020-09-21,TOP,TOP.BK,28.07120132446289,10789689
2020-09-22,TOP,TOP.BK,26.761211395263672,16540143
2020-09-23,TOP,TOP.BK,26.012645721435547,10778434
2020-09-24,TOP,TOP.BK,24.702655792236328,25119101
2020-09-25,TOP,TOP.BK,24.141231536865234,16183227
2020-09-28,TOP,TOP.BK,24.702655792236328,10092536
2020-09-29,TOP,TOP.BK,24.141231536865234,10208996
2020-09-30,TOP,TOP.BK,23.954092025756836,6388824
2020-10-01,TOP,TOP.BK,25.076940536499023,12196353
2020-10-02,TOP,TOP.BK,24.141231536865234,10340528
2020-10-05,TOP,TOP.BK,24.702655792236328,8895981
2020-10-06,TOP,TOP.BK,26.761211395263672,27535220
2020-10-07,TOP,TOP.BK,26.574066162109375,13093367
2020-10-08,TOP,TOP.BK,27.322641372680664,12936915
2020-10-09,TOP,TOP.BK,26.574066162109375,10953175
2020-10-12,TOP,TOP.BK,27.322641372680664,6862502
2020-10-14,TOP,TOP.BK,26.948354721069336,6858081
2020-10-15,TOP,TOP.BK,26.948354721069336,18614117
2020-10-16,TOP,TOP.BK,26.574066162109375,6807337
2020-10-19,TOP,TOP.BK,25.82550048828125,6118826
2020-10-20,TOP,TOP.BK,26.012645721435547,5667957
2020-10-21,TOP,TOP.BK,26.386932373046875,5650373
2020-10-22,TOP,TOP.BK,27.1354923248291,8249472
2020-10-26,TOP,TOP.BK,26.574066162109375,4216980
2020-10-27,TOP,TOP.BK,25.63836097717285,19528615
2020-10-28,TOP,TOP.BK,25.264081954956055,10781650
2020-10-29,TOP,TOP.BK,25.82550048828125,8621662
2020-10-30,TOP,TOP.BK,25.63836097717285,7641850
2020-11-02,TOP,TOP.BK,25.63836097717285,7100145
2020-11-03,TOP,TOP.BK,26.761211395263672,14497520
2020-11-04,TOP,TOP.BK,26.574066162109375,8525500
2020-11-05,TOP,TOP.BK,27.50977897644043,15259283
2020-11-06,TOP,TOP.BK,27.696922302246094,13732541
2020-11-09,TOP,TOP.BK,28.81976890563965,17489810
2020-11-10,TOP,TOP.BK,33.68544387817383,61524780
2020-11-11,TOP,TOP.BK,33.87258529663086,29696012
2020-11-12,TOP,TOP.BK,33.1240119934082,9964721
2020-11-13,TOP,TOP.BK,33.4983024597168,11357419
2020-11-16,TOP,TOP.BK,34.80828857421875,22644098
2020-11-17,TOP,TOP.BK,34.99543380737305,19604882
2020-11-18,TOP,TOP.BK,35.55685806274414,10414384
2020-11-19,TOP,TOP.BK,36.305416107177734,18268756
2020-11-20,TOP,TOP.BK,36.492557525634766,12636269
2020-11-23,TOP,TOP.BK,37.053985595703125,14290424
2020-11-24,TOP,TOP.BK,36.492557525634766,19938185
2020-11-25,TOP,TOP.BK,37.989688873291016,23379434
2020-11-26,TOP,TOP.BK,38.363975524902344,17301706
2020-11-27,TOP,TOP.BK,37.24112319946289,17730769
2020-11-30,TOP,TOP.BK,35.55685806274414,25527264
2020-12-01,TOP,TOP.BK,37.053985595703125,17514027
2020-12-02,TOP,TOP.BK,37.24112319946289,19660248
2020-12-03,TOP,TOP.BK,38.73826217651367,17649478
2020-12-04,TOP,TOP.BK,38.9254035949707,13896731
2020-12-08,TOP,TOP.BK,39.86110305786133,23800861
2020-12-09,TOP,TOP.BK,41.54537582397461,28026282
2020-12-14,TOP,TOP.BK,40.60966873168945,12603511
2020-12-15,TOP,TOP.BK,40.60966873168945,22069334
2020-12-16,TOP,TOP.BK,40.42253112792969,14931206
2020-12-17,TOP,TOP.BK,40.60966873168945,8494651
2020-12-18,TOP,TOP.BK,40.983951568603516,20156334
2020-12-21,TOP,TOP.BK,39.299678802490234,23942542
2020-12-22,TOP,TOP.BK,39.6739616394043,15115592
2020-12-23,TOP,TOP.BK,38.551116943359375,10282449
2020-12-24,TOP,TOP.BK,39.1125373840332,8919495
2020-12-25,TOP,TOP.BK,40.42253112792969,8731993
2020-12-28,TOP,TOP.BK,38.363975524902344,12045528
2020-12-29,TOP,TOP.BK,39.86110305786133,9711403
2020-12-30,TOP,TOP.BK,38.9254035949707,7212184
2021-01-04,TOP,TOP.BK,40.983951568603516,15785514
2021-01-05,TOP,TOP.BK,42.10680389404297,22154443
2021-01-06,TOP,TOP.BK,42.66823196411133,21257429
2021-01-07,TOP,TOP.BK,42.66823196411133,12057385
2021-01-08,TOP,TOP.BK,43.042503356933594,16992619
2021-01-11,TOP,TOP.BK,42.2939453125,12799052
2021-01-12,TOP,TOP.BK,44.16536331176758,18792877
2021-01-13,TOP,TOP.BK,44.9139289855957,18993743
2021-01-14,TOP,TOP.BK,43.978214263916016,8770377
2021-01-15,TOP,TOP.BK,44.16536331176758,12252021
2021-01-18,TOP,TOP.BK,43.042503356933594,7881000
2021-01-19,TOP,TOP.BK,44.16536331176758,8550319
2021-01-20,TOP,TOP.BK,43.229644775390625,11354002
2021-01-21,TOP,TOP.BK,43.41679000854492,8010322
2021-01-22,TOP,TOP.BK,41.54537582397461,19130702
2021-01-25,TOP,TOP.BK,42.481082916259766,7082159
2021-01-26,TOP,TOP.BK,42.481082916259766,5696796
2021-01-27,TOP,TOP.BK,42.10680389404297,5369522
2021-01-28,TOP,TOP.BK,41.17109298706055,7175206
2021-01-29,TOP,TOP.BK,40.796810150146484,15162619
2021-02-01,TOP,TOP.BK,42.10680389404297,14546154
2021-02-02,TOP,TOP.BK,42.2939453125,10918006
2021-02-03,TOP,TOP.BK,42.481082916259766,9063286
2021-02-04,TOP,TOP.BK,43.60393524169922,19123869
2021-02-05,TOP,TOP.BK,43.978214263916016,8821925
2021-02-08,TOP,TOP.BK,44.16536331176758,9926538
2021-02-09,TOP,TOP.BK,44.16536331176758,10893588
2021-02-10,TOP,TOP.BK,43.978214263916016,6981474
2021-02-11,TOP,TOP.BK,43.41679000854492,3543239
2021-02-15,TOP,TOP.BK,44.16536331176758,4105343
2021-02-16,TOP,TOP.BK,44.16536331176758,6287839
2021-02-17,TOP,TOP.BK,44.35249328613281,9984818
2021-02-18,TOP,TOP.BK,44.9139289855957,12102402
2021-02-19,TOP,TOP.BK,43.60393524169922,9011738
2021-02-22,TOP,TOP.BK,42.85536575317383,9078861
2021-02-23,TOP,TOP.BK,44.72677993774414,12946260
2021-02-24,TOP,TOP.BK,43.978214263916016,7925615
2021-02-25,TOP,TOP.BK,44.887325286865234,17956957
2021-03-01,TOP,TOP.BK,44.887325286865234,4897653
2021-03-02,TOP,TOP.BK,44.887325286865234,7120041
2021-03-03,TOP,TOP.BK,45.83431625366211,10158151
2021-03-04,TOP,TOP.BK,46.21311569213867,13246906
2021-03-05,TOP,TOP.BK,47.538902282714844,19268565
2021-03-08,TOP,TOP.BK,48.6752815246582,16510903
2021-03-09,TOP,TOP.BK,48.107086181640625,8876689
2021-03-10,TOP,TOP.BK,47.91769027709961,11251911
2021-03-11,TOP,TOP.BK,48.86468505859375,9119657
2021-03-12,TOP,TOP.BK,48.6752815246582,5954737
2021-03-15,TOP,TOP.BK,48.29648971557617,3781083
2021-03-16,TOP,TOP.BK,47.34949493408203,6462981
2021-03-17,TOP,TOP.BK,47.34949493408203,7241625
2021-03-18,TOP,TOP.BK,46.78131103515625,8321117
2021-03-19,TOP,TOP.BK,46.02371597290039,15414229
2021-03-22,TOP,TOP.BK,46.970703125,4912524
2021-03-23,TOP,TOP.BK,46.40251541137695,6241013
2021-03-24,TOP,TOP.BK,46.40251541137695,7134410
2021-03-25,TOP,TOP.BK,46.02371597290039,3742900
2021-03-26,TOP,TOP.BK,46.21311569213867,3017109
2021-03-29,TOP,TOP.BK,46.40251541137695,6619433
2021-03-30,TOP,TOP.BK,45.83431625366211,5906505
2021-03-31,TOP,TOP.BK,46.02371597290039,4115893
2021-04-01,TOP,TOP.BK,45.64491653442383,4868714
2021-04-02,TOP,TOP.BK,43.750946044921875,47540629
2021-04-05,TOP,TOP.BK,42.61455154418945,18831965
2021-04-07,TOP,TOP.BK,42.235755920410156,12462031
2021-04-08,TOP,TOP.BK,42.42515182495117,9475468
2021-04-09,TOP,TOP.BK,42.04636001586914,13125321
2021-04-12,TOP,TOP.BK,40.909969329833984,21146094
2021-04-16,TOP,TOP.BK,42.235755920410156,10446337
2021-04-19,TOP,TOP.BK,41.85696029663086,11969663
2021-04-20,TOP,TOP.BK,41.85696029663086,9154223
2021-04-21,TOP,TOP.BK,41.099365234375,8927433
2021-04-22,TOP,TOP.BK,40.909969329833984,9316303
2021-04-23,TOP,TOP.BK,40.53117370605469,6175699
2021-04-26,TOP,TOP.BK,40.72056198120117,8220533
2021-04-27,TOP,TOP.BK,41.66756057739258,8025797
2021-04-28,TOP,TOP.BK,42.99334716796875,18467311
2021-04-29,TOP,TOP.BK,43.750946044921875,14664925
2021-04-30,TOP,TOP.BK,44.887325286865234,22855716
2021-05-05,TOP,TOP.BK,44.12973403930664,15093587
2021-05-06,TOP,TOP.BK,44.887325286865234,9086196
2021-05-07,TOP,TOP.BK,45.07672119140625,8364023
2021-05-10,TOP,TOP.BK,45.64491653442383,14270930
2021-05-11,TOP,TOP.BK,45.07672119140625,11163989
2021-05-12,TOP,TOP.BK,44.5085334777832,8151702
2021-05-13,TOP,TOP.BK,44.697933197021484,14158088
2021-05-14,TOP,TOP.BK,44.31913757324219,6764832
2021-05-17,TOP,TOP.BK,44.31913757324219,7477661
2021-05-18,TOP,TOP.BK,45.45552444458008,20338510
2021-05-19,TOP,TOP.BK,45.07672119140625,8648592
2021-05-20,TOP,TOP.BK,43.56153869628906,13334527
2021-05-21,TOP,TOP.BK,42.99334716796875,13574883
2021-05-24,TOP,TOP.BK,42.42515182495117,6834970
2021-05-25,TOP,TOP.BK,42.99334716796875,11033561
2021-05-27,TOP,TOP.BK,42.8039436340332,14177983
2021-05-28,TOP,TOP.BK,44.887325286865234,20022993
2021-05-31,TOP,TOP.BK,44.697933197021484,10459501
2021-06-01,TOP,TOP.BK,45.266117095947266,10135040
2021-06-02,TOP,TOP.BK,45.45552444458008,21173325
2021-06-04,TOP,TOP.BK,45.64491653442383,10236227
2021-06-07,TOP,TOP.BK,44.887325286865234,9710298
2021-06-08,TOP,TOP.BK,43.940330505371094,21464827
2021-06-09,TOP,TOP.BK,44.31913757324219,6792365
2021-06-10,TOP,TOP.BK,43.750946044921875,11140877
2021-06-11,TOP,TOP.BK,43.56153869628906,9366745
2021-06-14,TOP,TOP.BK,43.37213897705078,5296772
2021-06-15,TOP,TOP.BK,43.37213897705078,5575111
2021-06-16,TOP,TOP.BK,43.940330505371094,21201058
2021-06-17,TOP,TOP.BK,43.37213897705078,12958619
2021-06-18,TOP,TOP.BK,42.04636001586914,22357520
2021-06-21,TOP,TOP.BK,41.66756057739258,11241562
2021-06-22,TOP,TOP.BK,42.235755920410156,7484092
2021-06-23,TOP,TOP.BK,41.66756057739258,9555654
2021-06-24,TOP,TOP.BK,41.66756057739258,10403632
2021-06-25,TOP,TOP.BK,41.66756057739258,3607448
2021-06-28,TOP,TOP.BK,41.099365234375,8376785
2021-06-29,TOP,TOP.BK,41.85696029663086,15803702
2021-06-30,TOP,TOP.BK,41.28876876831055,9754711
2021-07-01,TOP,TOP.BK,41.28876876831055,9640160
2021-07-02,TOP,TOP.BK,40.909969329833984,9358506
2021-07-05,TOP,TOP.BK,41.28876876831055,4336253
2021-07-06,TOP,TOP.BK,41.28876876831055,7498360
2021-07-07,TOP,TOP.BK,40.152374267578125,17817687
2021-07-08,TOP,TOP.BK,39.0159912109375,17263321
2021-07-09,TOP,TOP.BK,39.0159912109375,8677129
2021-07-12,TOP,TOP.BK,38.826595306396484,11524322
2021-07-13,TOP,TOP.BK,39.205387115478516,16046570
2021-07-14,TOP,TOP.BK,38.44779586791992,18454550
2021-07-15,TOP,TOP.BK,37.69020080566406,12073663
2021-07-16,TOP,TOP.BK,37.69020080566406,17281911
2021-07-19,TOP,TOP.BK,36.74320983886719,18863316
2021-07-20,TOP,TOP.BK,35.417423248291016,29628487
2021-07-21,TOP,TOP.BK,35.796226501464844,14424167
2021-07-22,TOP,TOP.BK,35.60682678222656,14578811
2021-07-23,TOP,TOP.BK,35.60682678222656,13596889
2021-07-27,TOP,TOP.BK,35.038631439208984,11898220
2021-07-29,TOP,TOP.BK,35.60682678222656,12507952
2021-07-30,TOP,TOP.BK,33.334049224853516,84665769
2021-08-02,TOP,TOP.BK,33.90223693847656,32281043
2021-08-03,TOP,TOP.BK,35.228023529052734,20569320
2021-08-04,TOP,TOP.BK,35.038631439208984,10018078
2021-08-05,TOP,TOP.BK,33.90223693847656,14092271
2021-08-06,TOP,TOP.BK,34.09163284301758,9222853
2021-08-09,TOP,TOP.BK,34.09163284301758,7648683
2021-08-10,TOP,TOP.BK,34.281044006347656,11260252
2021-08-11,TOP,TOP.BK,34.09163284301758,9686282
2021-08-13,TOP,TOP.BK,34.47043991088867,9621069
2021-08-16,TOP,TOP.BK,34.65983581542969,8378392
2021-08-17,TOP,TOP.BK,35.228023529052734,11260151
2021-08-18,TOP,TOP.BK,35.417423248291016,11511661
2021-08-19,TOP,TOP.BK,34.47043991088867,18408529
2021-08-20,TOP,TOP.BK,33.71284484863281,21220954
2021-08-23,TOP,TOP.BK,34.65983581542969,13682099
2021-08-24,TOP,TOP.BK,35.60682678222656,22702378
2021-08-25,TOP,TOP.BK,35.796226501464844,13440838
2021-08-26,TOP,TOP.BK,35.60682678222656,10512455
2021-08-27,TOP,TOP.BK,36.364418029785156,17251866
2021-08-30,TOP,TOP.BK,37.87959671020508,33779952
2021-08-31,TOP,TOP.BK,37.69020080566406,15664130
2021-09-01,TOP,TOP.BK,37.122013092041016,17104960
2021-09-02,TOP,TOP.BK,37.3114013671875,5369321
2021-09-03,TOP,TOP.BK,37.500797271728516,10073645
2021-09-06,TOP,TOP.BK,37.500797271728516,11353098
2021-09-07,TOP,TOP.BK,37.500797271728516,17085164
2021-09-08,TOP,TOP.BK,36.93260955810547,13235149
2021-09-09,TOP,TOP.BK,37.968101501464844,17064666
2021-09-10,TOP,TOP.BK,37.77634048461914,10899617
2021-09-13,TOP,TOP.BK,37.77634048461914,12159476
2021-09-14,TOP,TOP.BK,38.735137939453125,16782308
2021-09-15,TOP,TOP.BK,38.92689895629883,20291383
2021-09-16,TOP,TOP.BK,39.11865234375,14399750
2021-09-17,TOP,TOP.BK,38.735137939453125,22665400
2021-09-20,TOP,TOP.BK,37.392826080322266,16754173
2021-09-21,TOP,TOP.BK,37.77634048461914,9777018
2021-09-22,TOP,TOP.BK,37.968101501464844,8043180
2021-09-23,TOP,TOP.BK,38.351619720458984,11679769
2021-09-27,TOP,TOP.BK,40.269203186035156,40300812
2021-09-28,TOP,TOP.BK,40.65271759033203,28559647
2021-09-29,TOP,TOP.BK,40.460960388183594,12711933
2021-09-30,TOP,TOP.BK,40.07744216918945,10436088
2021-10-01,TOP,TOP.BK,41.03623580932617,18189375
2021-10-04,TOP,TOP.BK,41.611507415771484,18510821
2021-10-05,TOP,TOP.BK,41.99502182006836,15945082
2021-10-06,TOP,TOP.BK,43.33733367919922,29461283
2021-10-07,TOP,TOP.BK,42.95381546020508,21048123
2021-10-08,TOP,TOP.BK,43.14557647705078,14039919
2021-10-11,TOP,TOP.BK,43.33733367919922,20612026
2021-10-12,TOP,TOP.BK,43.33733367919922,10754821
2021-10-14,TOP,TOP.BK,44.29612350463867,20749185
2021-10-15,TOP,TOP.BK,44.1043586730957,19033635
2021-10-18,TOP,TOP.BK,44.29612350463867,10127404
2021-10-19,TOP,TOP.BK,43.720848083496094,19911858
2021-10-20,TOP,TOP.BK,43.9126091003418,18155210
2021-10-21,TOP,TOP.BK,44.67963409423828,14184716
2021-10-25,TOP,TOP.BK,43.9126091003418,13723900
2021-10-26,TOP,TOP.BK,43.529090881347656,10619872
2021-10-27,TOP,TOP.BK,43.14557647705078,12831307
2021-10-28,TOP,TOP.BK,42.76205825805664,14269925
2021-10-29,TOP,TOP.BK,42.76205825805664,6617826
2021-11-01,TOP,TOP.BK,42.1867790222168,12367074
2021-11-02,TOP,TOP.BK,42.3785400390625,8030419
2021-11-03,TOP,TOP.BK,41.99502182006836,5573503
2021-11-04,TOP,TOP.BK,41.80326461791992,6445999
2021-11-05,TOP,TOP.BK,40.84447479248047,14720392
2021-11-08,TOP,TOP.BK,41.80326461791992,18213189
2021-11-09,TOP,TOP.BK,42.1867790222168,16318578
2021-11-10,TOP,TOP.BK,42.3785400390625,13433101
2021-11-11,TOP,TOP.BK,41.80326461791992,12870998
2021-11-12,TOP,TOP.BK,41.41975021362305,7399585
2021-11-15,TOP,TOP.BK,41.41975021362305,4860675
2021-11-16,TOP,TOP.BK,41.611507415771484,11472673
2021-11-17,TOP,TOP.BK,39.885684967041016,26250441
2021-11-18,TOP,TOP.BK,40.07744216918945,17376264
2021-11-19,TOP,TOP.BK,39.885684967041016,10898311
2021-11-22,TOP,TOP.BK,39.3104133605957,8204255
2021-11-23,TOP,TOP.BK,39.11865234375,9528322
2021-11-24,TOP,TOP.BK,39.69392776489258,10864348
2021-11-25,TOP,TOP.BK,39.69392776489258,5441167
2021-11-26,TOP,TOP.BK,38.15986251831055,23359639
2021-11-29,TOP,TOP.BK,37.20106887817383,16900175
2021-11-30,TOP,TOP.BK,35.66700744628906,42833994
2021-12-01,TOP,TOP.BK,36.43404006958008,16680317
2021-12-02,TOP,TOP.BK,36.81755447387695,11138265
2021-12-03,TOP,TOP.BK,37.009315490722656,11035370
2021-12-07,TOP,TOP.BK,37.58458709716797,5588375
2021-12-08,TOP,TOP.BK,37.77634048461914,5339578
2021-12-09,TOP,TOP.BK,37.009315490722656,13666423
2021-12-13,TOP,TOP.BK,37.77634048461914,10480100
2021-12-14,TOP,TOP.BK,38.15986251831055,9864439
2021-12-15,TOP,TOP.BK,37.58458709716797,9485617
2021-12-16,TOP,TOP.BK,38.351619720458984,6363904
2021-12-17,TOP,TOP.BK,37.968101501464844,9598862
2021-12-20,TOP,TOP.BK,36.81755447387695,10044605
2021-12-21,TOP,TOP.BK,36.62579345703125,5808634
2021-12-22,TOP,TOP.BK,36.43404006958008,8733098
2021-12-23,TOP,TOP.BK,37.392826080322266,5935544
2021-12-24,TOP,TOP.BK,37.58458709716797,4629262
2021-12-27,TOP,TOP.BK,37.009315490722656,6712682
2021-12-28,TOP,TOP.BK,37.77634048461914,9119054
2021-12-29,TOP,TOP.BK,38.15986251831055,4147445
2021-12-30,TOP,TOP.BK,37.968101501464844,7749970
2022-01-04,TOP,TOP.BK,38.351619720458984,4951512
2022-01-05,TOP,TOP.BK,39.885684967041016,26896850
2022-01-06,TOP,TOP.BK,39.50217056274414,12400736
2022-01-07,TOP,TOP.BK,40.07744216918945,11232418
2022-01-10,TOP,TOP.BK,39.885684967041016,8797106
2022-01-11,TOP,TOP.BK,39.885684967041016,8794292
2022-01-12,TOP,TOP.BK,40.460960388183594,11006129
2022-01-13,TOP,TOP.BK,40.07744216918945,12112450
2022-01-14,TOP,TOP.BK,40.07744216918945,8511734
2022-01-17,TOP,TOP.BK,40.07744216918945,4446885
2022-01-18,TOP,TOP.BK,39.69392776489258,9121365
2022-01-19,TOP,TOP.BK,40.269203186035156,27437249
2022-01-20,TOP,TOP.BK,41.03623580932617,19171799
2022-01-21,TOP,TOP.BK,40.269203186035156,11848681
2022-01-24,TOP,TOP.BK,39.69392776489258,9744763
2022-01-25,TOP,TOP.BK,38.92689895629883,10557070
2022-01-26,TOP,TOP.BK,40.269203186035156,14530880
2022-01-27,TOP,TOP.BK,40.269203186035156,8463803
2022-01-28,TOP,TOP.BK,40.269203186035156,5583150
2022-01-31,TOP,TOP.BK,40.269203186035156,5637913
2022-02-01,TOP,TOP.BK,40.460960388183594,6310347
2022-02-02,TOP,TOP.BK,39.885684967041016,11216943
2022-02-03,TOP,TOP.BK,39.69392776489258,11807383
2022-02-04,TOP,TOP.BK,41.227989196777344,34203589
2022-02-07,TOP,TOP.BK,41.41975021362305,14713459
2022-02-08,TOP,TOP.BK,41.227989196777344,12259859
2022-02-09,TOP,TOP.BK,41.227989196777344,14154169
2022-02-10,TOP,TOP.BK,41.03623580932617,8027404
2022-02-11,TOP,TOP.BK,40.65271759033203,9411260
2022-02-14,TOP,TOP.BK,41.03623580932617,15093185
2022-02-15,TOP,TOP.BK,40.460960388183594,15615396
2022-02-17,TOP,TOP.BK,40.84447479248047,29529913
2022-02-18,TOP,TOP.BK,40.84447479248047,28177408
2022-02-21,TOP,TOP.BK,40.460960388183594,16417554
2022-02-22,TOP,TOP.BK,40.65271759033203,9905738
2022-02-23,TOP,TOP.BK,40.460960388183594,8752089
2022-02-24,TOP,TOP.BK,40.65271759033203,20943118
2022-02-25,TOP,TOP.BK,41.03623580932617,15608664
2022-02-28,TOP,TOP.BK,41.227989196777344,13717167
2022-03-01,TOP,TOP.BK,41.03623580932617,17025477
2022-03-02,TOP,TOP.BK,41.611507415771484,35408283
2022-03-03,TOP,TOP.BK,41.81060791015625,22972176
2022-03-04,TOP,TOP.BK,39.81962585449219,34757352
2022-03-07,TOP,TOP.BK,39.02322769165039,21129112
2022-03-08,TOP,TOP.BK,38.824134826660156,25887496
2022-03-09,TOP,TOP.BK,40.01871871948242,30342320
2022-03-10,TOP,TOP.BK,42.00970458984375,49271151
2022-03-11,TOP,TOP.BK,42.80609893798828,22691325
2022-03-14,TOP,TOP.BK,42.407901763916016,9156133
2022-03-15,TOP,TOP.BK,40.81511688232422,12622503
2022-03-16,TOP,TOP.BK,40.81511688232422,13916928
2022-03-17,TOP,TOP.BK,40.81511688232422,10788684
2022-03-18,TOP,TOP.BK,40.61602020263672,9592933
2022-03-21,TOP,TOP.BK,40.81511688232422,10242055
2022-03-22,TOP,TOP.BK,42.00970458984375,24043327
2022-03-23,TOP,TOP.BK,42.80609893798828,18396069
2022-03-24,TOP,TOP.BK,42.407901763916016,6013519
2022-03-25,TOP,TOP.BK,42.407901763916016,16170566
2022-03-28,TOP,TOP.BK,43.40339660644531,34216853
2022-03-29,TOP,TOP.BK,43.20429611206055,13410693
2022-03-30,TOP,TOP.BK,42.00970458984375,20808872
2022-03-31,TOP,TOP.BK,41.21331024169922,13312722
2022-04-01,TOP,TOP.BK,41.41240692138672,11871089
2022-04-04,TOP,TOP.BK,41.611507415771484,13674462
2022-04-05,TOP,TOP.BK,41.41240692138672,8683861
2022-04-07,TOP,TOP.BK,41.41240692138672,9098556
2022-04-08,TOP,TOP.BK,41.014217376708984,5072896
2022-04-11,TOP,TOP.BK,41.21331024169922,6234281
2022-04-12,TOP,TOP.BK,41.21331024169922,7523782
2022-04-18,TOP,TOP.BK,41.41240692138672,5926400
2022-04-19,TOP,TOP.BK,42.80609893798828,29495849
2022-04-20,TOP,TOP.BK,43.40339660644531,25237068
2022-04-21,TOP,TOP.BK,43.00519561767578,23116972
2022-04-22,TOP,TOP.BK,43.20429611206055,7878287
2022-04-25,TOP,TOP.BK,42.80609893798828,6785733
2022-04-26,TOP,TOP.BK,42.60700225830078,10940212
2022-04-27,TOP,TOP.BK,42.60700225830078,7119438
2022-04-28,TOP,TOP.BK,44.39888381958008,42200347
2022-04-29,TOP,TOP.BK,44.996177673339844,15869719
2022-05-03,TOP,TOP.BK,45.195274353027344,18547095
2022-05-05,TOP,TOP.BK,45.99166488647461,15549680
2022-05-06,TOP,TOP.BK,46.389862060546875,21771904
2022-05-09,TOP,TOP.BK,46.78805923461914,31650712
2022-05-10,TOP,TOP.BK,46.190765380859375,23201679
2022-05-11,TOP,TOP.BK,45.39437484741211,15108559
2022-05-12,TOP,TOP.BK,43.80158615112305,27373543
2022-05-13,TOP,TOP.BK,44.59797668457031,13329302
2022-05-17,TOP,TOP.BK,46.78805923461914,20648099
2022-05-18,TOP,TOP.BK,46.78805923461914,11528542
2022-05-19,TOP,TOP.BK,45.593475341796875,6315773
2022-05-20,TOP,TOP.BK,45.99166488647461,6373551
2022-05-23,TOP,TOP.BK,45.99166488647461,6058636
2022-05-24,TOP,TOP.BK,45.39437484741211,7451233
2022-05-25,TOP,TOP.BK,45.195274353027344,7568497
2022-05-26,TOP,TOP.BK,44.59797668457031,8560468
2022-05-27,TOP,TOP.BK,45.39437484741211,8217117
2022-05-30,TOP,TOP.BK,44.996177673339844,10647605
2022-05-31,TOP,TOP.BK,46.190765380859375,23946562
2022-06-01,TOP,TOP.BK,45.79256820678711,12673548
2022-06-02,TOP,TOP.BK,46.389862060546875,10508536
2022-06-06,TOP,TOP.BK,46.389862060546875,19465512
2022-06-07,TOP,TOP.BK,47.385353088378906,17931937
2022-06-08,TOP,TOP.BK,48.38084411621094,19128792
2022-06-09,TOP,TOP.BK,48.38084411621094,30084681
2022-06-10,TOP,TOP.BK,45.195274353027344,47001938
2022-06-13,TOP,TOP.BK,42.60700225830078,59071884
2022-06-14,TOP,TOP.BK,43.40339660644531,26955532
2022-06-15,TOP,TOP.BK,43.60248947143555,19203251
2022-06-16,TOP,TOP.BK,42.407901763916016,18190179
2022-06-17,TOP,TOP.BK,39.42142868041992,64561082
2022-06-20,TOP,TOP.BK,39.42142868041992,22748802
2022-06-21,TOP,TOP.BK,40.61602020263672,33518293
2022-06-22,TOP,TOP.BK,40.61602020263672,17553517
2022-06-23,TOP,TOP.BK,40.01871871948242,16343598
2022-06-24,TOP,TOP.BK,39.62052536010742,15704927
2022-06-27,TOP,TOP.BK,40.61602020263672,20221648
2022-06-28,TOP,TOP.BK,41.611507415771484,20628505
2022-06-29,TOP,TOP.BK,41.611507415771484,8855889
2022-06-30,TOP,TOP.BK,41.014217376708984,22500909
2022-07-01,TOP,TOP.BK,41.611507415771484,11043308
2022-07-04,TOP,TOP.BK,41.014217376708984,7291264
2022-07-05,TOP,TOP.BK,41.21331024169922,9717130
2022-07-06,TOP,TOP.BK,40.81511688232422,15224516
2022-07-07,TOP,TOP.BK,40.61602020263672,12859442
2022-07-08,TOP,TOP.BK,40.81511688232422,7871655
2022-07-11,TOP,TOP.BK,40.61602020263672,11386258
2022-07-12,TOP,TOP.BK,40.41691970825195,3930200
2022-07-14,TOP,TOP.BK,39.81962585449219,12551763
2022-07-15,TOP,TOP.BK,39.22232437133789,11368572
2022-07-18,TOP,TOP.BK,39.81962585449219,9804048
2022-07-19,TOP,TOP.BK,40.41691970825195,17639631
2022-07-20,TOP,TOP.BK,40.01871871948242,9415580
2022-07-21,TOP,TOP.BK,40.01871871948242,7466607
2022-07-22,TOP,TOP.BK,39.81962585449219,6435951
2022-07-25,TOP,TOP.BK,40.01871871948242,3347096
2022-07-26,TOP,TOP.BK,39.81962585449219,9216423
2022-07-27,TOP,TOP.BK,40.81511688232422,10647203
2022-08-01,TOP,TOP.BK,41.014217376708984,10294105
2022-08-02,TOP,TOP.BK,40.81511688232422,5312548
2022-08-03,TOP,TOP.BK,41.41240692138672,9610719
2022-08-04,TOP,TOP.BK,41.014217376708984,12943547
2022-08-05,TOP,TOP.BK,40.61602020263672,13343470
2022-08-08,TOP,TOP.BK,39.81962585449219,25226216
2022-08-09,TOP,TOP.BK,40.61602020263672,19519974
2022-08-10,TOP,TOP.BK,41.611507415771484,26483663
2022-08-11,TOP,TOP.BK,42.407901763916016,15531392
2022-08-15,TOP,TOP.BK,43.40339660644531,21682473
2022-08-16,TOP,TOP.BK,44.59797668457031,21042596
2022-08-17,TOP,TOP.BK,45.39437484741211,32192015
2022-08-18,TOP,TOP.BK,45.61374282836914,18354000
2022-08-19,TOP,TOP.BK,46.01385498046875,17190800
2022-08-22,TOP,TOP.BK,46.01385498046875,13783200
2022-08-23,TOP,TOP.BK,47.614341735839844,20138300
2022-08-24,TOP,TOP.BK,48.21452331542969,22815400
2022-08-25,TOP,TOP.BK,48.6146354675293,14626700
2022-08-26,TOP,TOP.BK,48.814693450927734,12038100
2022-08-29,TOP,TOP.BK,49.21482849121094,12995200
2022-08-30,TOP,TOP.BK,50.415184020996094,13495500
2022-08-31,TOP,TOP.BK,48.6146354675293,22751000
2022-09-01,TOP,TOP.BK,47.21421432495117,23026200
2022-09-02,TOP,TOP.BK,47.01416015625,17722200
2022-09-05,TOP,TOP.BK,47.21421432495117,12382000
2022-09-06,TOP,TOP.BK,47.21421432495117,14864000
2022-09-07,TOP,TOP.BK,45.81379699707031,11339100
2022-09-08,TOP,TOP.BK,44.213314056396484,22915400
2022-09-09,TOP,TOP.BK,45.01355743408203,23493400
2022-09-12,TOP,TOP.BK,45.01355743408203,7477700
2022-09-13,TOP,TOP.BK,44.61343765258789,9497600
2022-09-14,TOP,TOP.BK,44.813499450683594,13288800
2022-09-15,TOP,TOP.BK,44.813499450683594,13715200
2022-09-16,TOP,TOP.BK,43.61313247680664,21498400
2022-09-19,TOP,TOP.BK,43.61313247680664,9142400
2022-09-20,TOP,TOP.BK,44.01325225830078,13984000
2022-09-21,TOP,TOP.BK,45.01355743408203,22176300
2022-09-22,TOP,TOP.BK,44.61343765258789,18013100
2022-09-23,TOP,TOP.BK,43.81319046020508,8963800
2022-09-26,TOP,TOP.BK,43.01295471191406,12707600
2022-09-27,TOP,TOP.BK,41.812591552734375,26745700
2022-09-28,TOP,TOP.BK,40.812286376953125,16213200
2022-09-29,TOP,TOP.BK,41.412471771240234,20325400
2022-09-30,TOP,TOP.BK,41.012351989746094,14999900
2022-10-03,TOP,TOP.BK,40.21210861206055,27614700
2022-10-04,TOP,TOP.BK,41.2124137878418,12795000
2022-10-05,TOP,TOP.BK,41.812591552734375,15679200
2022-10-06,TOP,TOP.BK,41.812591552734375,14722300
2022-10-07,TOP,TOP.BK,42.01265335083008,7173500
2022-10-10,TOP,TOP.BK,42.212711334228516,24644400
2022-10-11,TOP,TOP.BK,41.612525939941406,10822400
2022-10-12,TOP,TOP.BK,40.812286376953125,13951700
2022-10-17,TOP,TOP.BK,41.012351989746094,9775900
2022-10-18,TOP,TOP.BK,41.412471771240234,12721800
2022-10-19,TOP,TOP.BK,42.01265335083008,11146800
2022-10-20,TOP,TOP.BK,42.212711334228516,12529300
2022-10-21,TOP,TOP.BK,42.212711334228516,8014100
2022-10-25,TOP,TOP.BK,41.412471771240234,8011200
2022-10-26,TOP,TOP.BK,41.412471771240234,6636100
2022-10-27,TOP,TOP.BK,42.41277313232422,10458600
2022-10-28,TOP,TOP.BK,42.41277313232422,10611000
2022-10-31,TOP,TOP.BK,43.61313247680664,21987900
2022-11-01,TOP,TOP.BK,44.01325225830078,9105800
2022-11-02,TOP,TOP.BK,44.213314056396484,17131200
2022-11-03,TOP,TOP.BK,44.41337585449219,10250200
2022-11-04,TOP,TOP.BK,45.81379699707031,23524500
2022-11-07,TOP,TOP.BK,46.614036560058594,23046100
2022-11-08,TOP,TOP.BK,45.81379699707031,16054700
2022-11-09,TOP,TOP.BK,45.21360778808594,17043300
2022-11-10,TOP,TOP.BK,45.2136116027832,13874900
2022-11-11,TOP,TOP.BK,45.835819244384766,22006100
2022-11-14,TOP,TOP.BK,46.0432243347168,11829800
2022-11-15,TOP,TOP.BK,45.00621795654297,8840100
2022-11-16,TOP,TOP.BK,45.00621795654297,9685900
2022-11-17,TOP,TOP.BK,44.38400650024414,9263000
2022-11-18,TOP,TOP.BK,45.2136116027832,13873200
2022-11-21,TOP,TOP.BK,44.59141159057617,8760000
2022-11-22,TOP,TOP.BK,44.17660140991211,8582800
2022-11-23,TOP,TOP.BK,45.421016693115234,16864900
2022-11-24,TOP,TOP.BK,45.835819244384766,7255700
2022-11-25,TOP,TOP.BK,45.628421783447266,5159700
2022-11-28,TOP,TOP.BK,45.421016693115234,4171500
2022-11-29,TOP,TOP.BK,46.0432243347168,10788400
2022-11-30,TOP,TOP.BK,46.0432243347168,18367900
2022-12-01,TOP,TOP.BK,46.87282943725586,11497100
2022-12-02,TOP,TOP.BK,46.25062942504883,7465400
2022-12-06,TOP,TOP.BK,46.25062942504883,9700100
2022-12-07,TOP,TOP.BK,45.00621795654297,11678100
2022-12-08,TOP,TOP.BK,44.79881286621094,4774300
2022-12-09,TOP,TOP.BK,45.00621795654297,4171300
2022-12-13,TOP,TOP.BK,45.00621795654297,6806500
2022-12-14,TOP,TOP.BK,45.421016693115234,6566500
2022-12-15,TOP,TOP.BK,45.421016693115234,5434200
2022-12-16,TOP,TOP.BK,44.79881286621094,12161700
2022-12-19,TOP,TOP.BK,44.59141159057617,5158600
2022-12-20,TOP,TOP.BK,44.38400650024414,9161500
2022-12-21,TOP,TOP.BK,44.38400650024414,3342200
2022-12-22,TOP,TOP.BK,45.2136116027832,6738800
2022-12-23,TOP,TOP.BK,45.835819244384766,7238100
2022-12-26,TOP,TOP.BK,46.25062942504883,4683400
2022-12-27,TOP,TOP.BK,46.66542434692383,5771500
2022-12-28,TOP,TOP.BK,46.45802688598633,4383400
2022-12-29,TOP,TOP.BK,46.87282943725586,7509300
2022-12-30,TOP,TOP.BK,46.66542434692383,5707400
2023-01-03,TOP,TOP.BK,46.25062942504883,5974200
2023-01-04,TOP,TOP.BK,44.79881286621094,18301400
2023-01-05,TOP,TOP.BK,44.79881286621094,8413400
2023-01-06,TOP,TOP.BK,44.79881286621094,5524600
2023-01-09,TOP,TOP.BK,45.2136116027832,7844900
2023-01-10,TOP,TOP.BK,46.0432243347168,15180500
2023-01-11,TOP,TOP.BK,46.0432243347168,11485600
2023-01-12,TOP,TOP.BK,45.628421783447266,8658300
2023-01-13,TOP,TOP.BK,45.628421783447266,9317600
2023-01-16,TOP,TOP.BK,46.66542434692383,14132100
2023-01-17,TOP,TOP.BK,47.080230712890625,7013600
2023-01-18,TOP,TOP.BK,47.702430725097656,12934100
2023-01-19,TOP,TOP.BK,48.11724090576172,12421700
2023-01-20,TOP,TOP.BK,48.324642181396484,12258500
2023-01-23,TOP,TOP.BK,48.532047271728516,13235700
2023-01-24,TOP,TOP.BK,48.73944854736328,7789600
2023-01-25,TOP,TOP.BK,48.73944854736328,8620200
2023-01-26,TOP,TOP.BK,48.11724090576172,8177800
2023-01-27,TOP,TOP.BK,49.983863830566406,16385500
2023-01-30,TOP,TOP.BK,49.56905746459961,9696200
2023-01-31,TOP,TOP.BK,47.90984344482422,13121500
2023-02-01,TOP,TOP.BK,48.532047271728516,9113700
2023-02-02,TOP,TOP.BK,47.90984344482422,10622100
2023-02-03,TOP,TOP.BK,47.49503707885742,12426400
2023-02-06,TOP,TOP.BK,47.49503707885742,5024800
2023-02-07,TOP,TOP.BK,47.287635803222656,9125400
2023-02-08,TOP,TOP.BK,47.49503707885742,11582400
2023-02-09,TOP,TOP.BK,46.87282943725586,12256000
2023-02-10,TOP,TOP.BK,46.66542434692383,7822400
2023-02-13,TOP,TOP.BK,47.702430725097656,10382300
2023-02-14,TOP,TOP.BK,47.49503707885742,13075000
2023-02-15,TOP,TOP.BK,46.87282943725586,6663500
2023-02-16,TOP,TOP.BK,46.87282943725586,9292900
2023-02-17,TOP,TOP.BK,47.080230712890625,11745800
2023-02-20,TOP,TOP.BK,47.080230712890625,3045800
2023-02-21,TOP,TOP.BK,47.287635803222656,8550700
2023-02-22,TOP,TOP.BK,46.66542434692383,10788000
2023-02-23,TOP,TOP.BK,45.55332565307617,19978700
2023-02-24,TOP,TOP.BK,44.48400115966797,18230000
2023-02-27,TOP,TOP.BK,44.270137786865234,11352700
2023-02-28,TOP,TOP.BK,43.200809478759766,41221800
2023-03-01,TOP,TOP.BK,43.842411041259766,7913900
2023-03-02,TOP,TOP.BK,45.12560272216797,16176000
2023-03-03,TOP,TOP.BK,45.55332565307617,5854200
2023-03-07,TOP,TOP.BK,44.91173553466797,8552200
2023-03-08,TOP,TOP.BK,44.69786834716797,12777500
2023-03-09,TOP,TOP.BK,44.91173553466797,13777900
2023-03-10,TOP,TOP.BK,44.69786834716797,4462100
2023-03-13,TOP,TOP.BK,44.69786834716797,10471200
2023-03-14,TOP,TOP.BK,43.414676666259766,12477800
2023-03-15,TOP,TOP.BK,44.056270599365234,6732200
2023-03-16,TOP,TOP.BK,41.70375442504883,29500900
2023-03-17,TOP,TOP.BK,42.7730827331543,15574500
2023-03-20,TOP,TOP.BK,42.1314811706543,9252200
2023-03-21,TOP,TOP.BK,42.5592155456543,8857600
2023-03-22,TOP,TOP.BK,44.056270599365234,9678700
2023-03-23,TOP,TOP.BK,44.270137786865234,7425900
2023-03-24,TOP,TOP.BK,44.056270599365234,9048400
2023-03-27,TOP,TOP.BK,44.48400115966797,4727600
2023-03-28,TOP,TOP.BK,45.98106384277344,14442800
2023-03-29,TOP,TOP.BK,45.55332565307617,7692300
2023-03-30,TOP,TOP.BK,45.3394660949707,5034600
2023-03-31,TOP,TOP.BK,44.91173553466797,4799500
2023-04-03,TOP,TOP.BK,46.19492721557617,20252800
2023-04-04,TOP,TOP.BK,45.55332565307617,5561400
2023-04-05,TOP,TOP.BK,44.91173553466797,6746000
2023-04-07,TOP,TOP.BK,44.91173553466797,3255800
2023-04-10,TOP,TOP.BK,45.12560272216797,4521300
2023-04-11,TOP,TOP.BK,45.3394660949707,2702700
2023-04-12,TOP,TOP.BK,44.91173553466797,4457900
2023-04-17,TOP,TOP.BK,44.48400115966797,6274000
2023-04-18,TOP,TOP.BK,43.200809478759766,11900200
2023-04-19,TOP,TOP.BK,42.34535217285156,14185400
2023-04-20,TOP,TOP.BK,41.70375442504883,16188400
2023-04-21,TOP,TOP.BK,42.1314811706543,12942300
2023-04-24,TOP,TOP.BK,42.1314811706543,10284200
2023-04-25,TOP,TOP.BK,41.91762161254883,7780300
2023-04-26,TOP,TOP.BK,40.20669937133789,24490600
2023-04-27,TOP,TOP.BK,39.99283218383789,18172500
2023-04-28,TOP,TOP.BK,39.77896499633789,9049100
2023-05-02,TOP,TOP.BK,40.20669937133789,4974300
2023-05-03,TOP,TOP.BK,39.56509780883789,15589000
2023-05-08,TOP,TOP.BK,40.63442611694336,10093500
2023-05-09,TOP,TOP.BK,40.63442611694336,5704400
2023-05-10,TOP,TOP.BK,40.63442611694336,3536600
2023-05-11,TOP,TOP.BK,40.63442611694336,7477200
2023-05-12,TOP,TOP.BK,40.420562744140625,7465200
2023-05-15,TOP,TOP.BK,39.99283218383789,4378400
2023-05-16,TOP,TOP.BK,39.99283218383789,6752500
2023-05-17,TOP,TOP.BK,38.49576950073242,12836000
2023-05-18,TOP,TOP.BK,38.92350387573242,7695400
2023-05-19,TOP,TOP.BK,38.28190231323242,9506200
2023-05-22,TOP,TOP.BK,38.92350387573242,10892300
2023-05-23,TOP,TOP.BK,39.35123825073242,9886600
2023-05-24,TOP,TOP.BK,39.99283218383789,9198900
2023-05-25,TOP,TOP.BK,39.35123825073242,5371000
2023-05-26,TOP,TOP.BK,38.70964050292969,6139900
2023-05-29,TOP,TOP.BK,38.70964050292969,4709000
2023-05-30,TOP,TOP.BK,38.06803894042969,6175800
2023-05-31,TOP,TOP.BK,36.99871063232422,9618000
2023-06-01,TOP,TOP.BK,37.42643737792969,6009000
2023-06-02,TOP,TOP.BK,38.06803894042969,12440700
2023-06-06,TOP,TOP.BK,37.64031219482422,9647300
2023-06-07,TOP,TOP.BK,38.06803894042969,5982400
2023-06-08,TOP,TOP.BK,39.35123825073242,13923400
2023-06-09,TOP,TOP.BK,39.35123825073242,5843900
2023-06-12,TOP,TOP.BK,38.92350387573242,5959200
2023-06-13,TOP,TOP.BK,39.35123825073242,10554300
2023-06-14,TOP,TOP.BK,39.56509780883789,6054900
2023-06-15,TOP,TOP.BK,38.92350387573242,5293600
2023-06-16,TOP,TOP.BK,39.13737106323242,5201700
2023-06-19,TOP,TOP.BK,38.92350387573242,2284600
2023-06-20,TOP,TOP.BK,38.49576950073242,5968200
2023-06-21,TOP,TOP.BK,38.49576950073242,4224500
2023-06-22,TOP,TOP.BK,38.06803894042969,6177000
2023-06-23,TOP,TOP.BK,38.06803894042969,1660400
2023-06-26,TOP,TOP.BK,37.42643737792969,4746300
2023-06-27,TOP,TOP.BK,37.21257781982422,4237400
2023-06-28,TOP,TOP.BK,36.57098388671875,9351000
2023-06-29,TOP,TOP.BK,37.64031219482422,5929300
2023-06-30,TOP,TOP.BK,37.85417938232422,3645200
2023-07-03,TOP,TOP.BK,38.06803894042969,2349200
2023-07-04,TOP,TOP.BK,38.49576950073242,9261900
2023-07-05,TOP,TOP.BK,39.13737106323242,7015000
2023-07-06,TOP,TOP.BK,38.28190231323242,7796600
2023-07-07,TOP,TOP.BK,37.85417938232422,8517100
2023-07-10,TOP,TOP.BK,38.70964050292969,8127700
2023-07-11,TOP,TOP.BK,38.70964050292969,4689000
2023-07-12,TOP,TOP.BK,38.70964050292969,13107900
2023-07-13,TOP,TOP.BK,39.56509780883789,7675900
2023-07-14,TOP,TOP.BK,39.99283218383789,12132100
2023-07-17,TOP,TOP.BK,39.77896499633789,6987100
2023-07-18,TOP,TOP.BK,39.99283218383789,4731200
2023-07-19,TOP,TOP.BK,40.420562744140625,12320100
2023-07-20,TOP,TOP.BK,39.77896499633789,9536400
2023-07-21,TOP,TOP.BK,40.84829330444336,10913400
2023-07-24,TOP,TOP.BK,41.48988723754883,16902400
2023-07-25,TOP,TOP.BK,42.34535217285156,24978500
2023-07-26,TOP,TOP.BK,42.1314811706543,11115500
2023-07-27,TOP,TOP.BK,42.34535217285156,11146000
2023-07-31,TOP,TOP.BK,43.842411041259766,4197800
2023-08-02,TOP,TOP.BK,44.270137786865234,15572500
2023-08-03,TOP,TOP.BK,43.842411041259766,17298100
2023-08-04,TOP,TOP.BK,44.270137786865234,11133000
2023-08-07,TOP,TOP.BK,44.48400115966797,13424200
2023-08-08,TOP,TOP.BK,43.628543853759766,12613700
2023-08-09,TOP,TOP.BK,44.91173553466797,13119900
2023-08-10,TOP,TOP.BK,46.62265396118164,21273700
2023-08-11,TOP,TOP.BK,46.19492721557617,11530400
2023-08-15,TOP,TOP.BK,45.55332565307617,14636800
2023-08-16,TOP,TOP.BK,44.69786834716797,25101600
2023-08-17,TOP,TOP.BK,44.056270599365234,11537500
2023-08-18,TOP,TOP.BK,44.270137786865234,10522500
2023-08-21,TOP,TOP.BK,44.91173553466797,9025300
2023-08-22,TOP,TOP.BK,44.69786834716797,9531600
2023-08-23,TOP,TOP.BK,44.056270599365234,11384400
2023-08-24,TOP,TOP.BK,44.270137786865234,5357900
2023-08-25,TOP,TOP.BK,44.69786834716797,16733800
2023-08-28,TOP,TOP.BK,45.12560272216797,18454400
2023-08-29,TOP,TOP.BK,45.12560272216797,9823400
2023-08-30,TOP,TOP.BK,45.3394660949707,9948200
2023-08-31,TOP,TOP.BK,44.056270599365234,35377000
2023-09-01,TOP,TOP.BK,44.056270599365234,11230200
2023-09-04,TOP,TOP.BK,41.70375442504883,67823200
2023-09-05,TOP,TOP.BK,41.70375442504883,23931800
2023-09-06,TOP,TOP.BK,42.1314811706543,19753700
2023-09-07,TOP,TOP.BK,42.04479217529297,8746400
2023-09-08,TOP,TOP.BK,42.26152038574219,7546900
2023-09-11,TOP,TOP.BK,41.39461898803711,14772400
2023-09-12,TOP,TOP.BK,41.61134338378906,5360300
2023-09-13,TOP,TOP.BK,41.39461898803711,11114800
2023-09-14,TOP,TOP.BK,42.694969177246094,14834600
2023-09-15,TOP,TOP.BK,42.91169738769531,11729700
2023-09-18,TOP,TOP.BK,42.04479217529297,10001500
2023-09-19,TOP,TOP.BK,42.694969177246094,9288700
2023-09-20,TOP,TOP.BK,41.82807159423828,14734600
2023-09-21,TOP,TOP.BK,41.61134338378906,8729400
2023-09-22,TOP,TOP.BK,42.91169738769531,20726500
2023-09-25,TOP,TOP.BK,43.128421783447266,17812800
2023-09-26,TOP,TOP.BK,42.478248596191406,7952800
2023-09-27,TOP,TOP.BK,42.91169738769531,7770600
2023-09-28,TOP,TOP.BK,43.77859878540039,21283500
2023-09-29,TOP,TOP.BK,43.77859878540039,14233400
2023-10-02,TOP,TOP.BK,42.91169738769531,11188000
2023-10-03,TOP,TOP.BK,41.61134338378906,13010000
2023-10-04,TOP,TOP.BK,41.39461898803711,7192600
2023-10-05,TOP,TOP.BK,40.527713775634766,12301100
2023-10-06,TOP,TOP.BK,40.527713775634766,4724600
2023-10-09,TOP,TOP.BK,41.39461898803711,7869000
2023-10-10,TOP,TOP.BK,42.91169738769531,12340300
2023-10-11,TOP,TOP.BK,43.345149993896484,18484700
2023-10-12,TOP,TOP.BK,43.128421783447266,4199900
2023-10-16,TOP,TOP.BK,42.91169738769531,11823600
2023-10-17,TOP,TOP.BK,43.345149993896484,9574000
2023-10-18,TOP,TOP.BK,44.64550018310547,8599800
2023-10-19,TOP,TOP.BK,43.77859878540039,5688600
2023-10-20,TOP,TOP.BK,42.694969177246094,19968000
2023-10-24,TOP,TOP.BK,42.694969177246094,7808200
2023-10-25,TOP,TOP.BK,42.478248596191406,8995200
2023-10-26,TOP,TOP.BK,41.17789077758789,16090800
2023-10-27,TOP,TOP.BK,41.61134338378906,8973300
2023-10-30,TOP,TOP.BK,41.82807159423828,4910300
2023-10-31,TOP,TOP.BK,40.744441986083984,9491500
2023-11-01,TOP,TOP.BK,40.31098937988281,7808800
2023-11-02,TOP,TOP.BK,41.17789077758789,6216300
2023-11-03,TOP,TOP.BK,42.26152038574219,6977300
2023-11-06,TOP,TOP.BK,42.26152038574219,5009700
2023-11-07,TOP,TOP.BK,41.39461898803711,7159900
2023-11-08,TOP,TOP.BK,40.96116638183594,9182900
2023-11-09,TOP,TOP.BK,40.96116638183594,11358200
2023-11-10,TOP,TOP.BK,40.96116638183594,9390700
2023-11-13,TOP,TOP.BK,41.17789077758789,9806000
2023-11-14,TOP,TOP.BK,42.26152038574219,10937900
2023-11-15,TOP,TOP.BK,43.128421783447266,13945700
2023-11-16,TOP,TOP.BK,43.77859878540039,17839100
2023-11-17,TOP,TOP.BK,43.345149993896484,12648100
2023-11-20,TOP,TOP.BK,44.42877960205078,20520200
2023-11-21,TOP,TOP.BK,44.64550018310547,10054600
2023-11-22,TOP,TOP.BK,45.07895278930664,8749900
2023-11-23,TOP,TOP.BK,44.86222839355469,5775200
2023-11-24,TOP,TOP.BK,44.42877960205078,5990200
2023-11-27,TOP,TOP.BK,44.64550018310547,7673100
2023-11-28,TOP,TOP.BK,44.86222839355469,6840900
2023-11-29,TOP,TOP.BK,44.42877960205078,8523100
2023-11-30,TOP,TOP.BK,44.64550018310547,9167700
2023-12-01,TOP,TOP.BK,44.42877960205078,2933800
2023-12-04,TOP,TOP.BK,44.64550018310547,2275700
2023-12-06,TOP,TOP.BK,44.64550018310547,5541100
2023-12-07,TOP,TOP.BK,43.77859878540039,9502900
2023-12-08,TOP,TOP.BK,44.21205139160156,3792700
2023-12-12,TOP,TOP.BK,44.86222839355469,10044900
2023-12-13,TOP,TOP.BK,44.21205139160156,11486100
2023-12-14,TOP,TOP.BK,45.07895278930664,13592100
2023-12-15,TOP,TOP.BK,45.945858001708984,13849600
2023-12-18,TOP,TOP.BK,45.945858001708984,3810100
2023-12-19,TOP,TOP.BK,46.16257858276367,6596500
2023-12-20,TOP,TOP.BK,47.24620819091797,13208700
2023-12-21,TOP,TOP.BK,46.59603500366211,5668300
2023-12-22,TOP,TOP.BK,46.59603500366211,4401100
2023-12-25,TOP,TOP.BK,46.59603500366211,1650500
2023-12-26,TOP,TOP.BK,46.16257858276367,6288500
2023-12-27,TOP,TOP.BK,46.37930679321289,5151600
2023-12-28,TOP,TOP.BK,46.59603500366211,4115800
2024-01-03,TOP,TOP.BK,45.945858001708984,6422500
2024-01-04,TOP,TOP.BK,46.16257858276367,3297300
2024-01-05,TOP,TOP.BK,46.59603500366211,4105900
2024-01-08,TOP,TOP.BK,45.51240539550781,6473200
2024-01-09,TOP,TOP.BK,45.51240539550781,4377500
2024-01-10,TOP,TOP.BK,46.16257858276367,4478100
2024-01-11,TOP,TOP.BK,45.945858001708984,2488500
2024-01-12,TOP,TOP.BK,44.86222839355469,16402400
2024-01-15,TOP,TOP.BK,44.64550018310547,8509200
2024-01-16,TOP,TOP.BK,45.07895278930664,5860400
2024-01-17,TOP,TOP.BK,45.07895278930664,8349400
2024-01-18,TOP,TOP.BK,45.945858001708984,7924100
2024-01-19,TOP,TOP.BK,45.945858001708984,9352200
2024-01-22,TOP,TOP.BK,45.51240539550781,4912100
2024-01-23,TOP,TOP.BK,45.51240539550781,4802300
2024-01-24,TOP,TOP.BK,46.16257858276367,8034400
2024-01-25,TOP,TOP.BK,46.16257858276367,8229200
2024-01-26,TOP,TOP.BK,46.16257858276367,3639200
2024-01-29,TOP,TOP.BK,47.24620819091797,15032900
2024-01-30,TOP,TOP.BK,47.67966079711914,13913500
2024-01-31,TOP,TOP.BK,47.46293640136719,14861200
2024-02-01,TOP,TOP.BK,47.02948760986328,8245800
2024-02-02,TOP,TOP.BK,47.24620819091797,5851300
2024-02-05,TOP,TOP.BK,47.46293640136719,5015500
2024-02-06,TOP,TOP.BK,47.896385192871094,4778300
2024-02-07,TOP,TOP.BK,48.11311340332031,6390300
2024-02-08,TOP,TOP.BK,48.32984161376953,8810500
2024-02-09,TOP,TOP.BK,48.98001480102539,6502400
2024-02-12,TOP,TOP.BK,48.11311340332031,5566800
2024-02-13,TOP,TOP.BK,48.32984161376953,2949900
2024-02-14,TOP,TOP.BK,48.98001480102539,4222900
2024-02-15,TOP,TOP.BK,49.8469123840332,16336000
2024-02-16,TOP,TOP.BK,50.71382141113281,16625800
2024-02-19,TOP,TOP.BK,50.93054962158203,10186200
2024-02-20,TOP,TOP.BK,50.93054962158203,9579300
2024-02-21,TOP,TOP.BK,50.71382141113281,20269700
2024-02-22,TOP,TOP.BK,50.28036880493164,12302400
2024-02-23,TOP,TOP.BK,50.28036880493164,12056000
2024-02-27,TOP,TOP.BK,50.052860260009766,14240400
2024-02-28,TOP,TOP.BK,51.87295913696289,31477900
2024-02-29,TOP,TOP.BK,50.96290969848633,13808131
2024-03-01,TOP,TOP.BK,50.73539733886719,4143000
2024-03-04,TOP,TOP.BK,52.1004753112793,10693800
2024-03-05,TOP,TOP.BK,52.1004753112793,4672300
2024-03-06,TOP,TOP.BK,53.69306182861328,13154500
2024-03-07,TOP,TOP.BK,51.64544677734375,17055900
2024-03-08,TOP,TOP.BK,52.32798385620117,5580400
2024-03-11,TOP,TOP.BK,51.41793441772461,6917000
2024-03-12,TOP,TOP.BK,51.41793441772461,0
2024-03-13,TOP,TOP.BK,52.55550003051758,11824800
2024-03-14,TOP,TOP.BK,53.69306182861328,10961800
2024-03-15,TOP,TOP.BK,53.69306182861328,0
2024-03-18,TOP,TOP.BK,53.69306182861328,4107700
2024-03-19,TOP,TOP.BK,54.14809036254883,14668200
2024-03-20,TOP,TOP.BK,54.14809036254883,0
2024-03-21,TOP,TOP.BK,54.14809036254883,11363900
2024-03-22,TOP,TOP.BK,54.14809036254883,0
2024-03-25,TOP,TOP.BK,53.465553283691406,5637900
2024-03-26,TOP,TOP.BK,53.465553283691406,0
2024-03-27,TOP,TOP.BK,53.465553283691406,5045900
2024-03-28,TOP,TOP.BK,53.465553283691406,0
2024-03-29,TOP,TOP.BK,54.14809036254883,4722200
2024-04-01,TOP,TOP.BK,52.78301239013672,6270700
2024-04-02,TOP,TOP.BK,53.69306182861328,9515300
2024-04-03,TOP,TOP.BK,53.92057418823242,6438500
2024-04-04,TOP,TOP.BK,53.92057418823242,0
2024-04-05,TOP,TOP.BK,53.238037109375,4453300
2024-04-09,TOP,TOP.BK,53.238037109375,0
2024-04-10,TOP,TOP.BK,52.78301239013672,12051500
2024-04-11,TOP,TOP.BK,53.69306182861328,8360800
2024-04-17,TOP,TOP.BK,53.69306182861328,0
2024-04-18,TOP,TOP.BK,53.69306182861328,0
2024-04-19,TOP,TOP.BK,53.69306182861328,0
2024-04-22,TOP,TOP.BK,52.1004753112793,10580100
2024-04-23,TOP,TOP.BK,52.32798385620117,7995300
2024-04-24,TOP,TOP.BK,52.32798385620117,0
2024-04-25,TOP,TOP.BK,51.87295913696289,26397500
2024-04-26,TOP,TOP.BK,51.19042205810547,9223200
2024-04-29,TOP,TOP.BK,51.19042205810547,12251400
2024-04-30,TOP,TOP.BK,51.19042205810547,0
2024-05-02,TOP,TOP.BK,48.46026611328125,20961600
2024-05-03,TOP,TOP.BK,49.14280319213867,11751700
2024-05-07,TOP,TOP.BK,49.14280319213867,0
2024-05-08,TOP,TOP.BK,48.00524139404297,21254400
2024-05-09,TOP,TOP.BK,49.14280319213867,9651000
2024-05-10,TOP,TOP.BK,48.687782287597656,6593200
2024-05-13,TOP,TOP.BK,48.00524139404297,8952700
2024-05-14,TOP,TOP.BK,48.00524139404297,4832300
2024-05-15,TOP,TOP.BK,47.55021286010742,20108700
2024-05-16,TOP,TOP.BK,47.55021286010742,0
2024-05-17,TOP,TOP.BK,47.55021286010742,15875900
2024-05-20,TOP,TOP.BK,47.55021286010742,0
2024-05-21,TOP,TOP.BK,47.55021286010742,0
2024-05-23,TOP,TOP.BK,45.27508544921875,20013600
2024-05-24,TOP,TOP.BK,45.27508544921875,0
2024-05-27,TOP,TOP.BK,45.27508544921875,0
2024-05-28,TOP,TOP.BK,47.77772521972656,19719700
2024-05-29,TOP,TOP.BK,47.77772521972656,11815600
2024-05-30,TOP,TOP.BK,47.77772521972656,0
2024-05-31,TOP,TOP.BK,47.77772521972656,0
2024-06-04,TOP,TOP.BK,46.41265106201172,9055800
2024-06-05,TOP,TOP.BK,46.41265106201172,0
2024-06-06,TOP,TOP.BK,46.18513488769531,17105000
2024-06-07,TOP,TOP.BK,46.18513488769531,0
2024-06-10,TOP,TOP.BK,45.73011016845703,10749900
2024-06-11,TOP,TOP.BK,45.73011016845703,0
2024-06-12,TOP,TOP.BK,45.95762252807617,10058400
2024-06-13,TOP,TOP.BK,46.64016342163086,11478800
2024-06-14,TOP,TOP.BK,46.18513488769531,9423900
2024-06-17,TOP,TOP.BK,46.86767578125,9552800
2024-06-18,TOP,TOP.BK,46.86767578125,0
2024-06-19,TOP,TOP.BK,46.86767578125,0
2024-06-20,TOP,TOP.BK,48.00524139404297,7928200
2024-06-21,TOP,TOP.BK,47.55021286010742,11078100
2024-06-24,TOP,TOP.BK,48.00524139404297,5862500
2024-06-25,TOP,TOP.BK,48.00524139404297,0
2024-06-26,TOP,TOP.BK,48.00524139404297,0
2024-06-27,TOP,TOP.BK,48.23275375366211,5636100
2024-06-28,TOP,TOP.BK,48.23275375366211,8258200
2024-07-01,TOP,TOP.BK,48.23275375366211,0
2024-07-02,TOP,TOP.BK,48.23275375366211,0
2024-07-03,TOP,TOP.BK,50.50788116455078,8618500
2024-07-04,TOP,TOP.BK,50.052860260009766,6398300
2024-07-05,TOP,TOP.BK,50.73539733886719,5726700
2024-07-08,TOP,TOP.BK,50.50788116455078,3402400
2024-07-09,TOP,TOP.BK,50.50788116455078,0
2024-07-10,TOP,TOP.BK,50.50788116455078,0
2024-07-11,TOP,TOP.BK,50.50788116455078,0
2024-07-12,TOP,TOP.BK,50.50788116455078,0
2024-07-15,TOP,TOP.BK,50.50788116455078,0
2024-07-16,TOP,TOP.BK,47.77772521972656,5722300
2024-07-17,TOP,TOP.BK,47.77772521972656,0
2024-07-18,TOP,TOP.BK,48.46026611328125,6544700
2024-07-19,TOP,TOP.BK,48.23275375366211,5352000
2024-07-23,TOP,TOP.BK,47.32270050048828,9170100
2024-07-24,TOP,TOP.BK,47.55021286010742,3637400
2024-07-25,TOP,TOP.BK,46.41265106201172,17253500
2024-07-26,TOP,TOP.BK,45.50259780883789,25179200
2024-07-30,TOP,TOP.BK,45.50259780883789,0
2024-07-31,TOP,TOP.BK,45.95762252807617,13725000
2024-08-01,TOP,TOP.BK,46.86767578125,11191800
2024-08-02,TOP,TOP.BK,46.86767578125,0
2024-08-05,TOP,TOP.BK,44.13751983642578,10752300
2024-08-06,TOP,TOP.BK,43.910011291503906,8799200
2024-08-07,TOP,TOP.BK,43.22746658325195,14746700
2024-08-08,TOP,TOP.BK,43.22746658325195,0
2024-08-09,TOP,TOP.BK,45.27508544921875,7887200
2024-08-13,TOP,TOP.BK,47.32270050048828,17109600
2024-08-14,TOP,TOP.BK,46.64016342163086,8595300
2024-08-15,TOP,TOP.BK,46.64016342163086,0
2024-08-16,TOP,TOP.BK,46.86767578125,3977500
2024-08-19,TOP,TOP.BK,46.86767578125,0
2024-08-20,TOP,TOP.BK,47.32270050048828,13226500
2024-08-21,TOP,TOP.BK,47.55021286010742,4628500
2024-08-22,TOP,TOP.BK,47.55021286010742,0
2024-08-23,TOP,TOP.BK,47.32270050048828,13580800
2024-08-26,TOP,TOP.BK,48.00524139404297,5608200
2024-08-27,TOP,TOP.BK,48.91529083251953,7768000
2024-08-28,TOP,TOP.BK,48.91529083251953,0
2024-08-29,TOP,TOP.BK,48.91529083251953,3934400
2024-08-30,TOP,TOP.BK,48.23275375366211,6927600
2024-09-02,TOP,TOP.BK,48.23275375366211,0
2024-09-03,TOP,TOP.BK,48.23275375366211,0
2024-09-04,TOP,TOP.BK,48.23275375366211,0
2024-09-05,TOP,TOP.BK,49.59783172607422,18450800
2024-09-06,TOP,TOP.BK,49.59783172607422,14112900
2024-09-09,TOP,TOP.BK,49.59783172607422,0
2024-09-10,TOP,TOP.BK,49.59783172607422,8419500
2024-09-11,TOP,TOP.BK,48.00524139404297,23401900
2024-09-12,TOP,TOP.BK,47.95867919921875,9170600
2024-09-13,TOP,TOP.BK,47.72587203979492,9620100
2024-09-16,TOP,TOP.BK,47.72587203979492,0
2024-09-17,TOP,TOP.BK,47.72587203979492,0
2024-09-18,TOP,TOP.BK,47.72587203979492,0
2024-09-19,TOP,TOP.BK,47.72587203979492,0
2024-09-20,TOP,TOP.BK,47.72587203979492,0
2024-09-23,TOP,TOP.BK,47.260250091552734,9991400
2024-09-24,TOP,TOP.BK,48.42429733276367,17537800
2024-09-25,TOP,TOP.BK,48.19148635864258,13247200
2024-09-26,TOP,TOP.BK,47.49306106567383,6069300
2024-09-27,TOP,TOP.BK,47.49306106567383,0
2024-09-30,TOP,TOP.BK,47.72587203979492,5791600
2024-10-01,TOP,TOP.BK,47.72587203979492,0
2024-10-02,TOP,TOP.BK,47.027442932128906,10274900
2024-10-03,TOP,TOP.BK,46.561824798583984,6349700
2024-10-04,TOP,TOP.BK,46.561824798583984,0
2024-10-07,TOP,TOP.BK,47.95867919921875,13813600
2024-10-08,TOP,TOP.BK,47.72587203979492,12166600
2024-10-09,TOP,TOP.BK,47.027442932128906,6228700
2024-10-10,TOP,TOP.BK,46.561824798583984,11730500
2024-10-11,TOP,TOP.BK,46.561824798583984,0
2024-10-15,TOP,TOP.BK,44.93216323852539,13886100
2024-10-16,TOP,TOP.BK,44.93216323852539,0
2024-10-17,TOP,TOP.BK,44.93216323852539,0
2024-10-18,TOP,TOP.BK,44.4665412902832,5565600
2024-10-21,TOP,TOP.BK,43.30249786376953,13982600
2024-10-22,TOP,TOP.BK,43.30249786376953,0
2024-10-24,TOP,TOP.BK,42.83687973022461,9420900
2024-10-25,TOP,TOP.BK,42.83687973022461,0
2024-10-28,TOP,TOP.BK,38.64630889892578,33862000
2024-10-29,TOP,TOP.BK,38.64630889892578,0
2024-10-30,TOP,TOP.BK,37.94788360595703,12724900
2024-10-31,TOP,TOP.BK,37.94788360595703,0
2024-11-01,TOP,TOP.BK,38.64630889892578,12492700
2024-11-04,TOP,TOP.BK,40.5087890625,16159100
2024-11-05,TOP,TOP.BK,41.440025329589844,15599400
2024-11-06,TOP,TOP.BK,40.275978088378906,13115200
2024-11-07,TOP,TOP.BK,39.57754898071289,8519200
2024-11-08,TOP,TOP.BK,39.810359954833984,7145800
2024-11-11,TOP,TOP.BK,38.879119873046875,10866600
2024-11-12,TOP,TOP.BK,37.7150764465332,12742400
2024-11-13,TOP,TOP.BK,38.180694580078125,11838800
2024-11-14,TOP,TOP.BK,38.41350555419922,9893700
2024-11-15,TOP,TOP.BK,37.249454498291016,18272300
2024-11-18,TOP,TOP.BK,37.94788360595703,10592100
2024-11-19,TOP,TOP.BK,38.180694580078125,11404100
2024-11-20,TOP,TOP.BK,37.48226547241211,7383900
2024-11-21,TOP,TOP.BK,37.48226547241211,8966600
2024-11-22,TOP,TOP.BK,37.7150764465332,16112200
2024-11-25,TOP,TOP.BK,36.78384017944336,13505400
2024-11-26,TOP,TOP.BK,36.78384017944336,5078200
2024-11-27,TOP,TOP.BK,36.085411071777344,11024500
2024-11-28,TOP,TOP.BK,34.68855667114258,19754200
2024-11-29,TOP,TOP.BK,35.1541748046875,9018800
2024-12-02,TOP,TOP.BK,34.92136764526367,5230400
2024-12-03,TOP,TOP.BK,36.085411071777344,7180800
2024-12-04,TOP,TOP.BK,36.085411071777344,9504500
2024-12-06,TOP,TOP.BK,36.085411071777344,7723700
2024-12-09,TOP,TOP.BK,35.386985778808594,4950200
2024-12-11,TOP,TOP.BK,35.386985778808594,6366500
2024-12-12,TOP,TOP.BK,34.68855667114258,8587200
2024-12-13,TOP,TOP.BK,33.757320404052734,10845100
2024-12-16,TOP,TOP.BK,33.524513244628906,9608800
2024-12-17,TOP,TOP.BK,32.36046600341797,11081000
2024-12-18,TOP,TOP.BK,32.12765884399414,9927000
2024-12-19,TOP,TOP.BK,32.59327697753906,13665100
2024-12-20,TOP,TOP.BK,25.37619400024414,114472800
2024-12-23,TOP,TOP.BK,23.746530532836914,108776900
2024-12-24,TOP,TOP.BK,25.841812133789062,45065700
2024-12-25,TOP,TOP.BK,26.074621200561523,38893500
2024-12-26,TOP,TOP.BK,25.841812133789062,10890600
2024-12-27,TOP,TOP.BK,26.074621200561523,11240500
2024-12-30,TOP,TOP.BK,26.307430267333984,11121200
2025-01-02,TOP,TOP.BK,26.074621200561523,13370400
2025-01-03,TOP,TOP.BK,24.677766799926758,25395900
2025-01-06,TOP,TOP.BK,23.979339599609375,22007600
2025-01-07,TOP,TOP.BK,24.444957733154297,12821000
2025-01-08,TOP,TOP.BK,23.513721466064453,17755700
2025-01-09,TOP,TOP.BK,23.280912399291992,26491900
2025-01-10,TOP,TOP.BK,23.280912399291992,16671200
2025-01-13,TOP,TOP.BK,23.746530532836914,14051500
2025-01-14,TOP,TOP.BK,25.14338493347168,18740600
2025-01-15,TOP,TOP.BK,24.91057586669922,14325400
2025-01-16,TOP,TOP.BK,25.37619400024414,13480700
2025-01-17,TOP,TOP.BK,24.677766799926758,13981700
2025-01-20,TOP,TOP.BK,24.91057586669922,4812900
2025-01-21,TOP,TOP.BK,24.677766799926758,6325700
2025-01-22,TOP,TOP.BK,24.212148666381836,15689800
2025-01-23,TOP,TOP.BK,23.746530532836914,6975500
2025-01-24,TOP,TOP.BK,25.14338493347168,33187300
2025-01-27,TOP,TOP.BK,25.14338493347168,49730900
2025-01-28,TOP,TOP.BK,25.14338493347168,23333200
2025-01-29,TOP,TOP.BK,24.444957733154297,9380200
2025-01-30,TOP,TOP.BK,24.212148666381836,7848500
2025-01-31,TOP,TOP.BK,24.212148666381836,20396300
2025-02-03,TOP,TOP.BK,23.979339599609375,28791100
2025-02-04,TOP,TOP.BK,23.280912399291992,15754600
2025-02-05,TOP,TOP.BK,23.513721466064453,16322100
2025-02-06,TOP,TOP.BK,22.34967613220215,29901400
2025-02-07,TOP,TOP.BK,22.81529426574707,47075900
2025-02-10,TOP,TOP.BK,22.442800521850586,20173300
2025-02-11,TOP,TOP.BK,22.722169876098633,38655700
2025-02-13,TOP,TOP.BK,22.629045486450195,33240900
2025-02-14,TOP,TOP.BK,22.908416748046875,25483600
2025-02-17,TOP,TOP.BK,24.677766799926758,35625300
2025-02-18,TOP,TOP.BK,24.212148666381836,22925500
2025-02-19,TOP,TOP.BK,24.91057586669922,21790999
2025-02-20,TOP,TOP.BK,24.444957733154297,24998400
2025-02-21,TOP,TOP.BK,23.513721466064453,34660900
2025-02-24,TOP,TOP.BK,23.979339599609375,25083900
2025-02-25,TOP,TOP.BK,23.280912399291992,22957700
2025-02-26,TOP,TOP.BK,22.81529426574707,47623800
2025-02-27,TOP,TOP.BK,22.62356948852539,33290200
2025-02-28,TOP,TOP.BK,21.856666564941406,138954200
2025-03-03,TOP,TOP.BK,22.62356948852539,57871100
2025-03-04,TOP,TOP.BK,21.66494369506836,59865700
2025-03-05,TOP,TOP.BK,23.96564483642578,66552600
2025-03-06,TOP,TOP.BK,24.20530128479004,32983000
2025-03-07,TOP,TOP.BK,24.20530128479004,19669100
2025-03-10,TOP,TOP.BK,23.7739200592041,17679000
2025-03-11,TOP,TOP.BK,24.684614181518555,27708700
2025-03-12,TOP,TOP.BK,23.96564483642578,16388700
2025-03-13,TOP,TOP.BK,23.678056716918945,20125800
2025-03-14,TOP,TOP.BK,24.924270629882812,26043000
2025-03-17,TOP,TOP.BK,24.924270629882812,12641600
2025-03-18,TOP,TOP.BK,24.924270629882812,20032800
2025-03-19,TOP,TOP.BK,24.924270629882812,18055800
2025-03-20,TOP,TOP.BK,25.16392707824707,27932800
2025-03-21,TOP,TOP.BK,25.882896423339844,37102000
2025-03-24,TOP,TOP.BK,25.643239974975586,17210200
2025-03-25,TOP,TOP.BK,25.643239974975586,21840400
2025-03-26,TOP,TOP.BK,24.20530128479004,36073800
2025-03-27,TOP,TOP.BK,24.444957733154297,15667200
2025-03-28,TOP,TOP.BK,23.96564483642578,4730200
2025-03-31,TOP,TOP.BK,23.486331939697266,13648900
2025-04-01,TOP,TOP.BK,24.444957733154297,15546400
2025-04-02,TOP,TOP.BK,24.444957733154297,9964400
2025-04-03,TOP,TOP.BK,23.96564483642578,19918900
2025-04-04,TOP,TOP.BK,22.527706146240234,39081200
2025-04-08,TOP,TOP.BK,20.802181243896484,26783400
2025-04-09,TOP,TOP.BK,20.61045265197754,23821900
2025-04-10,TOP,TOP.BK,22.335981369018555,31138500
2025-04-11,TOP,TOP.BK,22.431842803955078,13429700
2025-04-16,TOP,TOP.BK,22.527706146240234,28797500
2025-04-17,TOP,TOP.BK,23.102882385253906,11986800
2025-04-18,TOP,TOP.BK,23.58219337463379,10779700
2025-04-21,TOP,TOP.BK,22.62356948852539,18355500
2025-04-22,TOP,TOP.BK,23.678056716918945,15694200
2025-04-23,TOP,TOP.BK,23.7739200592041,17023500
2025-04-24,TOP,TOP.BK,23.678056716918945,13226100
2025-04-25,TOP,TOP.BK,23.678056716918945,29684500
2025-04-28,TOP,TOP.BK,23.678056716918945,10580100
2025-04-29,TOP,TOP.BK,24.444957733154297,17100400
2025-04-30,TOP,TOP.BK,25.643239974975586,28785800
2025-05-02,TOP,TOP.BK,24.924270629882812,16795800
2025-05-06,TOP,TOP.BK,24.20530128479004,13263300
2025-05-07,TOP,TOP.BK,25.882896423339844,26070700
2025-05-08,TOP,TOP.BK,25.16392707824707,10050300
2025-05-09,TOP,TOP.BK,26.1225528717041,17391300
2025-05-13,TOP,TOP.BK,26.601865768432617,25905900
2025-05-14,TOP,TOP.BK,26.1225528717041,13899600
2025-05-15,TOP,TOP.BK,25.403583526611328,11763400
2025-05-16,TOP,TOP.BK,26.1225528717041,10293800
2025-05-19,TOP,TOP.BK,25.643239974975586,9921600
2025-05-20,TOP,TOP.BK,25.643239974975586,10011900
2025-05-21,TOP,TOP.BK,26.601865768432617,21451200
2025-05-22,TOP,TOP.BK,27.081178665161133,25080900
2025-05-23,TOP,TOP.BK,27.32083511352539,8159000
2025-05-26,TOP,TOP.BK,27.32083511352539,6346300
2025-05-27,TOP,TOP.BK,28.27945899963379,17245500
2025-05-28,TOP,TOP.BK,28.758773803710938,13171700
2025-05-29,TOP,TOP.BK,28.998428344726562,19392100
2025-05-30,TOP,TOP.BK,28.51911735534668,12463300
2025-06-04,TOP,TOP.BK,28.51911735534668,16835300
2025-06-05,TOP,TOP.BK,27.800148010253906,24631900
2025-06-06,TOP,TOP.BK,26.36220932006836,55652500
2025-06-09,TOP,TOP.BK,26.841522216796875,15637500
2025-06-10,TOP,TOP.BK,26.601865768432617,7319400
2025-06-11,TOP,TOP.BK,27.081178665161133,8481500
2025-06-12,TOP,TOP.BK,27.560489654541016,14437000
2025-06-13,TOP,TOP.BK,28.27945899963379,36806200
2025-06-16,TOP,TOP.BK,27.560489654541016,22053700
2025-06-17,TOP,TOP.BK,27.32083511352539,25090800
2025-06-18,TOP,TOP.BK,26.601865768432617,13772100
2025-06-19,TOP,TOP.BK,25.882896423339844,18111900
2025-06-20,TOP,TOP.BK,25.643239974975586,12846500
2025-06-23,TOP,TOP.BK,25.16392707824707,12879500
2025-06-24,TOP,TOP.BK,26.1225528717041,15158800
2025-06-25,TOP,TOP.BK,26.601865768432617,10601300
2025-06-26,TOP,TOP.BK,26.36220932006836,8295600
2025-06-27,TOP,TOP.BK,25.643239974975586,11994000
2025-06-30,TOP,TOP.BK,25.882896423339844,9358300
2025-07-01,TOP,TOP.BK,26.1225528717041,12835100
2025-07-02,TOP,TOP.BK,26.601865768432617,10272000
2025-07-03,TOP,TOP.BK,27.081178665161133,6363200
2025-07-04,TOP,TOP.BK,26.601865768432617,7587700
2025-07-07,TOP,TOP.BK,27.081178665161133,12015400
2025-07-08,TOP,TOP.BK,27.081178665161133,6566600
2025-07-09,TOP,TOP.BK,27.081178665161133,10423700
2025-07-11,TOP,TOP.BK,27.560489654541016,10121600
2025-07-14,TOP,TOP.BK,28.27945899963379,10078400
2025-07-15,TOP,TOP.BK,28.27945899963379,9288200
2025-07-16,TOP,TOP.BK,27.800148010253906,7795900
2025-07-17,TOP,TOP.BK,29.238086700439453,27198800
2025-07-18,TOP,TOP.BK,28.758773803710938,13182700
2025-07-21,TOP,TOP.BK,30.196712493896484,42125900
2025-07-22,TOP,TOP.BK,30.436368942260742,27858900
2025-07-23,TOP,TOP.BK,30.676025390625,25683500
2025-07-24,TOP,TOP.BK,31.6346492767334,25669400
2025-07-25,TOP,TOP.BK,31.155338287353516,15021200
2025-07-29,TOP,TOP.BK,33.551902770996094,32596600
2025-07-30,TOP,TOP.BK,33.551902770996094,18820200
2025-07-31,TOP,TOP.BK,33.07258987426758,11272000
2025-08-01,TOP,TOP.BK,32.35362243652344,17017800
2025-08-04,TOP,TOP.BK,31.6346492767334,16883700
2025-08-05,TOP,TOP.BK,32.11396408081055,21495500
2025-08-06,TOP,TOP.BK,32.59327697753906,11210700
2025-08-07,TOP,TOP.BK,32.11396408081055,8619800
2025-08-08,TOP,TOP.BK,32.59327697753906,12230700
2025-08-13,TOP,TOP.BK,32.83293151855469,9639500
2025-08-14,TOP,TOP.BK,30.915681838989258,27373700
2025-08-15,TOP,TOP.BK,31.39499282836914,9405300
2025-08-18,TOP,TOP.BK,30.676025390625,14684400
2025-08-19,TOP,TOP.BK,29.238086700439453,25645800
2025-08-20,TOP,TOP.BK,30.676025390625,30568000
2025-08-21,TOP,TOP.BK,30.676025390625,21603900
2025-08-22,TOP,TOP.BK,30.676025390625,7111100
2025-08-25,TOP,TOP.BK,31.39499282836914,7841900
2025-08-26,TOP,TOP.BK,30.915681838989258,10721900
2025-08-27,TOP,TOP.BK,30.436368942260742,9852400
2025-08-28,TOP,TOP.BK,31.155338287353516,8818600
2025-08-29,TOP,TOP.BK,30.676025390625,14073100
2025-09-01,TOP,TOP.BK,31.87430763244629,13816900
2025-09-02,TOP,TOP.BK,33.3122444152832,29407800
2025-09-03,TOP,TOP.BK,32.35362243652344,20949300
2025-09-04,TOP,TOP.BK,32.11396408081055,5917400
2025-09-05,TOP,TOP.BK,32.35362243652344,8249100
2025-09-08,TOP,TOP.BK,32.35362243652344,10594600
2025-09-09,TOP,TOP.BK,32.35362243652344,14761000
2025-09-10,TOP,TOP.BK,33.38461685180664,14097100
2025-09-11,TOP,TOP.BK,34.36651611328125,29868400
2025-09-12,TOP,TOP.BK,34.85746765136719,12384800
2025-09-15,TOP,TOP.BK,36.084842681884766,26774100
2025-09-16,TOP,TOP.BK,36.084842681884766,14073500
2025-09-17,TOP,TOP.BK,36.330318450927734,8887300
2025-09-18,TOP,TOP.BK,35.8393669128418,11164700
2025-09-19,TOP,TOP.BK,36.330318450927734,9415400
2025-09-22,TOP,TOP.BK,35.34841537475586,7363000
2025-09-23,TOP,TOP.BK,33.87556457519531,24382800
2025-09-24,TOP,TOP.BK,34.61199188232422,8663000
2025-09-25,TOP,TOP.BK,35.59389114379883,9679200
2025-09-26,TOP,TOP.BK,36.084842681884766,12518700
2025-09-29,TOP,TOP.BK,35.59389114379883,11712200
2025-09-30,TOP,TOP.BK,34.61199188232422,11198500
2025-10-01,TOP,TOP.BK,34.36651611328125,2701600
2025-10-02,TOP,TOP.BK,34.85746765136719,5778300
2025-10-03,TOP,TOP.BK,35.34841537475586,13552400
2025-10-06,TOP,TOP.BK,34.36651611328125,11729800
2025-10-07,TOP,TOP.BK,34.36651611328125,0
2025-10-08,TOP,TOP.BK,34.12104034423828,4012600
2025-10-09,TOP,TOP.BK,34.36651611328125,6775600
2025-10-10,TOP,TOP.BK,33.38461685180664,16487200
2025-10-14,TOP,TOP.BK,33.13914108276367,10916100
2025-10-15,TOP,TOP.BK,34.36651611328125,14745400
2025-10-16,TOP,TOP.BK,34.36651611328125,4750300
2025-10-17,TOP,TOP.BK,33.13914108276367,12381500
2025-10-20,TOP,TOP.BK,34.12104034423828,4486400
2025-10-21,TOP,TOP.BK,34.12104034423828,4021000
2025-10-22,TOP,TOP.BK,35.34841537475586,13826600
2025-10-24,TOP,TOP.BK,36.330318450927734,17756400
2025-10-27,TOP,TOP.BK,35.34841537475586,11236800
2025-10-28,TOP,TOP.BK,35.10293960571289,5625500
2025-10-29,TOP,TOP.BK,35.34841537475586,6865200
2025-10-30,TOP,TOP.BK,34.85746765136719,9473100
2025-10-31,TOP,TOP.BK,35.10293960571289,3556700
2025-11-03,TOP,TOP.BK,35.34841537475586,7082500
2025-11-04,TOP,TOP.BK,35.34841537475586,13120800
2025-11-05,TOP,TOP.BK,34.85746765136719,10561900
2025-11-06,TOP,TOP.BK,34.61199188232422,13408300
2025-11-07,TOP,TOP.BK,33.87556457519531,14122700
2025-11-10,TOP,TOP.BK,35.34841537475586,18636900
2025-11-11,TOP,TOP.BK,35.8393669128418,15614900
2025-11-12,TOP,TOP.BK,35.59389114379883,6763900
2025-11-13,TOP,TOP.BK,35.59389114379883,8805600
2025-11-14,TOP,TOP.BK,34.85746765136719,10833800
2025-11-17,TOP,TOP.BK,37.066741943359375,19890100
2025-11-18,TOP,TOP.BK,35.8393669128418,16875900
2025-11-19,TOP,TOP.BK,36.57579040527344,12442200
2025-11-20,TOP,TOP.BK,36.084842681884766,11151700
2025-11-21,TOP,TOP.BK,35.10293960571289,6777900
2025-11-24,TOP,TOP.BK,35.8393669128418,10493300
2025-11-25,TOP,TOP.BK,35.8393669128418,12714600
2025-11-26,TOP,TOP.BK,33.13914108276367,29945900
2025-11-27,TOP,TOP.BK,33.630088806152344,13541100
2025-11-28,TOP,TOP.BK,34.36651611328125,11955600
2025-12-01,TOP,TOP.BK,36.084842681884766,11362600
2025-12-02,TOP,TOP.BK,35.10293960571289,6691100
2025-12-03,TOP,TOP.BK,35.59389114379883,7976400
2025-12-04,TOP,TOP.BK,35.10293960571289,8411000
2025-12-08,TOP,TOP.BK,34.61199188232422,7696000
2025-12-09,TOP,TOP.BK,33.87556457519531,6517800
2025-12-11,TOP,TOP.BK,34.36651611328125,4584200
2025-12-12,TOP,TOP.BK,34.12104034423828,6833600
2025-12-15,TOP,TOP.BK,35.10293960571289,8709700
2025-12-16,TOP,TOP.BK,34.36651611328125,5867700
2025-12-17,TOP,TOP.BK,34.12104034423828,6661400
2025-12-18,TOP,TOP.BK,34.61199188232422,7190100
2025-12-19,TOP,TOP.BK,34.36651611328125,2971100
2025-12-22,TOP,TOP.BK,34.61199188232422,10081800
2025-12-23,TOP,TOP.BK,34.85746765136719,5610000
2025-12-24,TOP,TOP.BK,35.34841537475586,4105000
2025-12-25,TOP,TOP.BK,35.34841537475586,2289100
2025-12-26,TOP,TOP.BK,35.34841537475586,1757100
2025-12-29,TOP,TOP.BK,34.61199188232422,3146700
2025-12-30,TOP,TOP.BK,35.34841537475586,9579900
2026-01-05,TOP,TOP.BK,36.57579040527344,19592800
2026-01-06,TOP,TOP.BK,38.53959274291992,33476200
2026-01-07,TOP,TOP.BK,38.53959274291992,16841000
2026-01-08,TOP,TOP.BK,38.53959274291992,8640800
2026-01-09,TOP,TOP.BK,38.78506851196289,9580900
2026-01-12,TOP,TOP.BK,38.29411697387695,10806300
2026-01-13,TOP,TOP.BK,37.80316925048828,11747900
2026-01-14,TOP,TOP.BK,37.80316925048828,11046800
2026-01-15,TOP,TOP.BK,39.03054428100586,18267500
2026-01-16,TOP,TOP.BK,39.03054428100586,14204900
2026-01-19,TOP,TOP.BK,39.03054428100586,8939500
2026-01-20,TOP,TOP.BK,38.78506851196289,12630600
2026-01-21,TOP,TOP.BK,41.23981857299805,36048800
2026-01-22,TOP,TOP.BK,40.25791931152344,20127200
2026-01-23,TOP,TOP.BK,41.23981857299805,12717900
2026-01-26,TOP,TOP.BK,41.485294342041016,10898000
2026-01-27,TOP,TOP.BK,41.485294342041016,11367900
2026-01-28,TOP,TOP.BK,41.730770111083984,17535400
2026-01-29,TOP,TOP.BK,41.97624588012695,11178900
2026-01-30,TOP,TOP.BK,41.97624588012695,10362000
2026-02-02,TOP,TOP.BK,41.730770111083984,19437700
2026-02-03,TOP,TOP.BK,41.97624588012695,12512000
2026-02-04,TOP,TOP.BK,44.67647171020508,26049500
2026-02-05,TOP,TOP.BK,44.67647171020508,24854500
2026-02-06,TOP,TOP.BK,46.885746002197266,20851600
2026-02-09,TOP,TOP.BK,47.3766975402832,16832700
2026-02-10,TOP,TOP.BK,49.34049606323242,26892500
2026-02-11,TOP,TOP.BK,49.09502410888672,12442100
2026-02-12,TOP,TOP.BK,50.567874908447266,15070600
2026-02-13,TOP,TOP.BK,50.567874908447266,14175700
2026-02-16,TOP,TOP.BK,50.567874908447266,9616100
2026-02-17,TOP,TOP.BK,50.567874908447266,11957500
2026-02-18,TOP,TOP.BK,49.83144760131836,12618500
2026-02-19,TOP,TOP.BK,52.04072570800781,29047700
2026-02-20,TOP,TOP.BK,52.04072570800781,10845300
2026-02-23,TOP,TOP.BK,52.77714920043945,13903300
2026-02-24,TOP,TOP.BK,54.25,30581900
2026-02-25,TOP,TOP.BK,54.25,21292200
2026-02-26,TOP,TOP.BK,52.75,17768600
2026-02-27,TOP,TOP.BK,54.75,20400000
2026-03-02,TOP,TOP.BK,52.5,35955400
2026-03-04,TOP,TOP.BK,48.75,35421800
2026-03-05,TOP,TOP.BK,49.75,24224600
2026-03-06,TOP,TOP.BK,49.0,19042900
2026-03-09,TOP,TOP.BK,46.5,30476500
2026-03-10,TOP,TOP.BK,48.0,15340600
2026-03-11,TOP,TOP.BK,47.25,12438700
2026-03-12,TOP,TOP.BK,49.5,20911700
2026-03-13,TOP,TOP.BK,48.25,20092300
2026-03-16,TOP,TOP.BK,46.25,18845500
2026-03-17,TOP,TOP.BK,46.75,32899700
2026-03-18,TOP,TOP.BK,47.0,23890500
2026-03-19,TOP,TOP.BK,46.0,25688900
2026-03-20,TOP,TOP.BK,45.75,33040600
2026-03-23,TOP,TOP.BK,44.5,15706700
2026-03-24,TOP,TOP.BK,46.75,32272500
2026-03-25,TOP,TOP.BK,47.75,23392500
2026-03-26,TOP,TOP.BK,48.25,21815500
2026-03-27,TOP,TOP.BK,48.5,15452400
2026-03-30,TOP,TOP.BK,50.25,24595300
2026-03-31,TOP,TOP.BK,48.75,24453600
2026-04-01,TOP,TOP.BK,48.0,16438700
2026-04-02,TOP,TOP.BK,46.0,28644000
2026-04-03,TOP,TOP.BK,44.25,27588600
2026-04-07,TOP,TOP.BK,46.5,30228900
2026-04-08,TOP,TOP.BK,47.0,16075900
2026-04-09,TOP,TOP.BK,48.0,23711900
2026-04-10,TOP,TOP.BK,47.0,11989100
2026-04-16,TOP,TOP.BK,46.0,16592700
2026-04-17,TOP,TOP.BK,46.0,11500900
2026-04-20,TOP,TOP.BK,44.5,9759500
2026-04-21,TOP,TOP.BK,44.75,8984400
2026-04-22,TOP,TOP.BK,45.25,5232600
2026-04-23,TOP,TOP.BK,44.5,28220800
2026-04-24,TOP,TOP.BK,45.75,17940000
2026-04-27,TOP,TOP.BK,45.75,10263600
2026-04-28,TOP,TOP.BK,46.25,18328000
2026-04-29,TOP,TOP.BK,49.0,40880400
2026-04-30,TOP,TOP.BK,48.0,21826500
2026-05-01,TOP,TOP.BK,48.0,0
2026-05-04,TOP,TOP.BK,48.0,0
2026-05-05,TOP,TOP.BK,47.75,23205900
2026-05-06,TOP,TOP.BK,47.5,20644500
2026-05-07,TOP,TOP.BK,46.75,14497200
2026-05-08,TOP,TOP.BK,47.25,8977300
2026-05-11,TOP,TOP.BK,46.75,24419100
2026-05-12,TOP,TOP.BK,44.75,31744000
2026-05-13,TOP,TOP.BK,45.5,15806700
2026-05-14,TOP,TOP.BK,46.5,16462900
2026-05-15,TOP,TOP.BK,46.0,7560000
2026-05-18,TOP,TOP.BK,47.75,19867500
2026-05-19,TOP,TOP.BK,47.0,6923700
2026-05-20,TOP,TOP.BK,47.5,4384700
2026-05-21,TOP,TOP.BK,47.25,8641300
2026-05-22,TOP,TOP.BK,47.5,4819600
2026-05-25,TOP,TOP.BK,46.25,8417500
2026-05-26,TOP,TOP.BK,45.75,4718900
2026-05-27,TOP,TOP.BK,46.5,18673800
2026-05-28,TOP,TOP.BK,46.0,10138200
2026-05-29,TOP,TOP.BK,46.25,12132500
2026-06-01,TOP,TOP.BK,46.25,0
2026-06-02,TOP,TOP.BK,46.25,9389600
2026-06-03,TOP,TOP.BK,46.25,0
2026-06-04,TOP,TOP.BK,46.5,13810800
2026-06-05,TOP,TOP.BK,46.25,11230400
2026-06-08,TOP,TOP.BK,46.0,12083800
2026-06-09,TOP,TOP.BK,45.0,8661300
2026-06-10,TOP,TOP.BK,45.0,4879700
2026-06-11,TOP,TOP.BK,45.5,12279500
2026-06-12,TOP,TOP.BK,44.5,13208600
2026-06-15,TOP,TOP.BK,44.0,15788900
2026-06-16,TOP,TOP.BK,43.75,6662900
2026-06-17,TOP,TOP.BK,45.0,9853700
2026-06-18,TOP,TOP.BK,44.5,6196700
2026-06-19,TOP,TOP.BK,45.0,13172000
2026-06-22,TOP,TOP.BK,45.0,6215100
2026-06-23,TOP,TOP.BK,44.5,7214600
2026-06-24,TOP,TOP.BK,44.5,6499600
2026-06-25,TOP,TOP.BK,44.75,13382300
2026-06-26,TOP,TOP.BK,46.75,22771200
2026-06-29,TOP,TOP.BK,48.0,22839200
2026-06-30,TOP,TOP.BK,48.5,23507800
2026-07-01,TOP,TOP.BK,49.5,20307100
2026-07-02,TOP,TOP.BK,49.75,9593400
2026-07-03,TOP,TOP.BK,50.25,11095500
2026-07-06,TOP,TOP.BK,51.75,17143100
2026-07-07,TOP,TOP.BK,52.25,16194100
2026-07-08,TOP,TOP.BK,51.0,22373400
2026-07-09,TOP,TOP.BK,49.25,30578700
2026-07-10,TOP,TOP.BK,50.0,13972521
2026-07-13,TOP,TOP.BK,50.25,18755500
2026-07-14,TOP,TOP.BK,51.25,20473000
2026-07-15,TOP,TOP.BK,56.5,75872400
2026-07-16,TOP,TOP.BK,60.0,56877400
2026-07-17,TOP,TOP.BK,62.0,35394000
2026-07-20,TOP,TOP.BK,62.75,32314000
2026-07-21,TOP,TOP.BK,65.75,33412400
2026-07-22,TOP,TOP.BK,64.25,25014000
2026-07-23,TOP,TOP.BK,64.0,27445200
2026-07-24,TOP,TOP.BK,63.75,24273500
2026-07-27,TOP,TOP.BK,64.0,19744900
2026-07-28,TOP,TOP.BK,64.0,0
2026-07-29,TOP,TOP.BK,64.0,0
2026-07-30,TOP,TOP.BK,63.75,17587100
2026-07-31,TOP,TOP.BK,65.5,15753900
2026-08-03,TOP,TOP.BK,65.75,9570300
2026-08-04,TOP,TOP.BK,65.0,14943400
2026-08-05,TOP,TOP.BK,63.0,31642300
2026-08-06,TOP,TOP.BK,63.75,26001600
2026-08-07,TOP,TOP.BK,,19978915
2019-01-02,BCP,BCP.BK,23.31456756591797,1936200
2019-01-03,BCP,BCP.BK,23.31456756591797,2002500
2019-01-04,BCP,BCP.BK,23.869672775268555,4509100
2019-01-07,BCP,BCP.BK,24.424785614013672,2034400
2019-01-08,BCP,BCP.BK,24.239748001098633,1018500
2019-01-09,BCP,BCP.BK,24.424785614013672,1558700
2019-01-10,BCP,BCP.BK,24.424785614013672,2120300
2019-01-11,BCP,BCP.BK,24.424785614013672,444800
2019-01-14,BCP,BCP.BK,24.239748001098633,1380100
2019-01-15,BCP,BCP.BK,23.869672775268555,1430400
2019-01-16,BCP,BCP.BK,23.68463897705078,2011200
2019-01-17,BCP,BCP.BK,23.869672775268555,1568300
2019-01-18,BCP,BCP.BK,23.869672775268555,1282500
2019-01-21,BCP,BCP.BK,24.424785614013672,1122800
2019-01-22,BCP,BCP.BK,24.609821319580078,2056300
2019-01-23,BCP,BCP.BK,24.609821319580078,980800
2019-01-24,BCP,BCP.BK,24.424785614013672,3061600
2019-01-25,BCP,BCP.BK,23.869672775268555,3404200
2019-01-28,BCP,BCP.BK,23.869672775268555,4251800
2019-01-29,BCP,BCP.BK,23.68463897705078,3010500
2019-01-30,BCP,BCP.BK,23.869672775268555,1156900
2019-01-31,BCP,BCP.BK,23.869672775268555,1602600
2019-02-01,BCP,BCP.BK,24.239748001098633,2378500
2019-02-04,BCP,BCP.BK,24.424785614013672,1522500
2019-02-05,BCP,BCP.BK,24.79485321044922,1650700
2019-02-06,BCP,BCP.BK,24.79485321044922,1719500
2019-02-07,BCP,BCP.BK,24.609821319580078,2096200
2019-02-08,BCP,BCP.BK,24.609821319580078,1504700
2019-02-11,BCP,BCP.BK,24.239748001098633,1647000
2019-02-12,BCP,BCP.BK,24.424785614013672,1196000
2019-02-13,BCP,BCP.BK,24.79485321044922,1469900
2019-02-14,BCP,BCP.BK,24.609821319580078,2119700
2019-02-15,BCP,BCP.BK,24.609821319580078,1217400
2019-02-18,BCP,BCP.BK,24.424785614013672,762400
2019-02-20,BCP,BCP.BK,24.609821319580078,2060900
2019-02-21,BCP,BCP.BK,24.79485321044922,1902600
2019-02-22,BCP,BCP.BK,24.609821319580078,2835800
2019-02-25,BCP,BCP.BK,24.424785614013672,2920600
2019-02-26,BCP,BCP.BK,24.609821319580078,1535600
2019-02-27,BCP,BCP.BK,24.424785614013672,1119900
2019-02-28,BCP,BCP.BK,24.424785614013672,2530300
2019-03-01,BCP,BCP.BK,24.239748001098633,1621400
2019-03-04,BCP,BCP.BK,24.239748001098633,1570800
2019-03-05,BCP,BCP.BK,24.239748001098633,2153400
2019-03-06,BCP,BCP.BK,24.23974609375,1228500
2019-03-07,BCP,BCP.BK,24.23974609375,1541700
2019-03-08,BCP,BCP.BK,24.23974609375,1046800
2019-03-11,BCP,BCP.BK,23.86393928527832,2835400
2019-03-12,BCP,BCP.BK,24.427654266357422,2954500
2019-03-13,BCP,BCP.BK,24.23974609375,2648400
2019-03-14,BCP,BCP.BK,24.23974609375,3587200
2019-03-15,BCP,BCP.BK,23.86393928527832,7225600
2019-03-18,BCP,BCP.BK,23.86393928527832,2778600
2019-03-19,BCP,BCP.BK,24.051843643188477,2191000
2019-03-20,BCP,BCP.BK,24.61556053161621,3978600
2019-03-21,BCP,BCP.BK,24.803466796875,3271600
2019-03-22,BCP,BCP.BK,24.991369247436523,2341400
2019-03-25,BCP,BCP.BK,24.427654266357422,1842700
2019-03-26,BCP,BCP.BK,24.23974609375,1649900
2019-03-27,BCP,BCP.BK,24.051843643188477,1220400
2019-03-28,BCP,BCP.BK,24.23974609375,3051000
2019-03-29,BCP,BCP.BK,24.23974609375,3524200
2019-04-01,BCP,BCP.BK,24.61556053161621,3647100
2019-04-02,BCP,BCP.BK,24.803466796875,4508900
2019-04-03,BCP,BCP.BK,24.61556053161621,5604100
2019-04-04,BCP,BCP.BK,24.61556053161621,3525000
2019-04-05,BCP,BCP.BK,24.427654266357422,858600
2019-04-09,BCP,BCP.BK,24.803466796875,1818300
2019-04-10,BCP,BCP.BK,24.61556053161621,3363400
2019-04-11,BCP,BCP.BK,24.61556053161621,2595500
2019-04-12,BCP,BCP.BK,24.991369247436523,5858500
2019-04-17,BCP,BCP.BK,25.179269790649414,7367600
2019-04-18,BCP,BCP.BK,25.36717987060547,3934900
2019-04-19,BCP,BCP.BK,25.179269790649414,2418900
2019-04-22,BCP,BCP.BK,25.179269790649414,4043100
2019-04-23,BCP,BCP.BK,25.179269790649414,4365100
2019-04-24,BCP,BCP.BK,25.179269790649414,2987800
2019-04-25,BCP,BCP.BK,25.179269790649414,937800
2019-04-26,BCP,BCP.BK,24.61556053161621,2934100
2019-04-29,BCP,BCP.BK,24.61556053161621,2843100
2019-04-30,BCP,BCP.BK,24.427654266357422,1746300
2019-05-02,BCP,BCP.BK,24.61556053161621,5066300
2019-05-03,BCP,BCP.BK,24.61556053161621,1256400
2019-05-07,BCP,BCP.BK,24.23974609375,2078000
2019-05-08,BCP,BCP.BK,24.427654266357422,3630200
2019-05-09,BCP,BCP.BK,24.051843643188477,2228900
2019-05-10,BCP,BCP.BK,23.488128662109375,6715800
2019-05-13,BCP,BCP.BK,22.736507415771484,6176300
2019-05-14,BCP,BCP.BK,22.36069679260254,5815600
2019-05-15,BCP,BCP.BK,22.36069679260254,3064900
2019-05-16,BCP,BCP.BK,22.36069679260254,4269900
2019-05-17,BCP,BCP.BK,22.172792434692383,3793500
2019-05-21,BCP,BCP.BK,22.172792434692383,3092300
2019-05-22,BCP,BCP.BK,21.60907745361328,8603700
2019-05-23,BCP,BCP.BK,21.421171188354492,3823700
2019-05-24,BCP,BCP.BK,21.60907745361328,3373000
2019-05-27,BCP,BCP.BK,21.79698371887207,3590800
2019-05-28,BCP,BCP.BK,22.172792434692383,19781700
2019-05-29,BCP,BCP.BK,21.79698371887207,2271900
2019-05-30,BCP,BCP.BK,22.172792434692383,2064900
2019-05-31,BCP,BCP.BK,22.172792434692383,3440700
2019-06-04,BCP,BCP.BK,21.984886169433594,4156500
2019-06-05,BCP,BCP.BK,22.172792434692383,2617100
2019-06-06,BCP,BCP.BK,21.984886169433594,964500
2019-06-07,BCP,BCP.BK,21.984886169433594,2684200
2019-06-10,BCP,BCP.BK,22.548603057861328,3211300
2019-06-11,BCP,BCP.BK,22.36069679260254,4223000
2019-06-12,BCP,BCP.BK,22.172792434692383,1319200
2019-06-13,BCP,BCP.BK,22.36069679260254,2109700
2019-06-14,BCP,BCP.BK,22.172792434692383,1473900
2019-06-17,BCP,BCP.BK,22.172792434692383,1432100
2019-06-18,BCP,BCP.BK,22.36069679260254,5716500
2019-06-19,BCP,BCP.BK,22.548603057861328,3684800
2019-06-20,BCP,BCP.BK,23.30022430419922,4423000
2019-06-21,BCP,BCP.BK,23.112319946289062,5689300
2019-06-24,BCP,BCP.BK,23.112319946289062,3596200
2019-06-25,BCP,BCP.BK,23.112319946289062,4515200
2019-06-26,BCP,BCP.BK,23.30022430419922,2458900
2019-06-27,BCP,BCP.BK,22.924409866333008,3097900
2019-06-28,BCP,BCP.BK,22.924409866333008,1731900
2019-07-01,BCP,BCP.BK,23.30022430419922,4900700
2019-07-02,BCP,BCP.BK,23.30022430419922,4547000
2019-07-03,BCP,BCP.BK,23.30022430419922,2499300
2019-07-04,BCP,BCP.BK,23.112319946289062,2577300
2019-07-05,BCP,BCP.BK,23.30022430419922,1952100
2019-07-08,BCP,BCP.BK,22.924409866333008,2564300
2019-07-09,BCP,BCP.BK,22.736507415771484,1772200
2019-07-10,BCP,BCP.BK,23.112319946289062,3123200
2019-07-11,BCP,BCP.BK,22.924409866333008,1560000
2019-07-12,BCP,BCP.BK,23.67603302001953,5905500
2019-07-15,BCP,BCP.BK,23.30022430419922,2268800
2019-07-17,BCP,BCP.BK,22.924409866333008,1917400
2019-07-18,BCP,BCP.BK,23.30022430419922,2262300
2019-07-19,BCP,BCP.BK,22.924409866333008,2704100
2019-07-22,BCP,BCP.BK,23.112319946289062,969300
2019-07-23,BCP,BCP.BK,23.30022430419922,1784500
2019-07-24,BCP,BCP.BK,23.67603302001953,2538100
2019-07-25,BCP,BCP.BK,23.67603302001953,4635700
2019-07-26,BCP,BCP.BK,23.488128662109375,2887200
2019-07-30,BCP,BCP.BK,22.924409866333008,2358800
2019-07-31,BCP,BCP.BK,22.736507415771484,4435600
2019-08-01,BCP,BCP.BK,22.548603057861328,1746400
2019-08-02,BCP,BCP.BK,21.984886169433594,6121400
2019-08-05,BCP,BCP.BK,21.60907745361328,1684300
2019-08-06,BCP,BCP.BK,21.79698371887207,5319200
2019-08-07,BCP,BCP.BK,21.79698371887207,1863300
2019-08-08,BCP,BCP.BK,21.233264923095703,3515400
2019-08-09,BCP,BCP.BK,21.233264923095703,2009000
2019-08-13,BCP,BCP.BK,20.29374122619629,6363500
2019-08-14,BCP,BCP.BK,20.48164939880371,2959900
2019-08-15,BCP,BCP.BK,20.105838775634766,4851700
2019-08-16,BCP,BCP.BK,19.73002815246582,5692700
2019-08-19,BCP,BCP.BK,19.91793441772461,3201300
2019-08-20,BCP,BCP.BK,19.73002815246582,5533300
2019-08-21,BCP,BCP.BK,19.91793441772461,5810400
2019-08-22,BCP,BCP.BK,20.105838775634766,4886800
2019-08-23,BCP,BCP.BK,19.91793441772461,3721300
2019-08-26,BCP,BCP.BK,19.54212188720703,5630700
2019-08-27,BCP,BCP.BK,19.54212188720703,7517200
2019-08-28,BCP,BCP.BK,19.73371124267578,2044100
2019-08-29,BCP,BCP.BK,21.074838638305664,13266300
2019-08-30,BCP,BCP.BK,20.883251190185547,3121800
2019-09-02,BCP,BCP.BK,20.691659927368164,2241800
2019-09-03,BCP,BCP.BK,20.308483123779297,1847200
2019-09-04,BCP,BCP.BK,20.500070571899414,3145500
2019-09-05,BCP,BCP.BK,20.883251190185547,3092300
2019-09-06,BCP,BCP.BK,20.500070571899414,2243300
2019-09-09,BCP,BCP.BK,20.500070571899414,4021300
2019-09-10,BCP,BCP.BK,20.691659927368164,4333100
2019-09-11,BCP,BCP.BK,21.266429901123047,6762500
2019-09-12,BCP,BCP.BK,21.266429901123047,5140600
2019-09-13,BCP,BCP.BK,20.883251190185547,2731500
2019-09-16,BCP,BCP.BK,21.64960479736328,3872800
2019-09-17,BCP,BCP.BK,22.032785415649414,2935300
2019-09-18,BCP,BCP.BK,21.074838638305664,2337000
2019-09-19,BCP,BCP.BK,20.883251190185547,1542400
2019-09-20,BCP,BCP.BK,20.883251190185547,2321100
2019-09-23,BCP,BCP.BK,20.883251190185547,760000
2019-09-24,BCP,BCP.BK,20.500070571899414,2989200
2019-09-25,BCP,BCP.BK,20.691659927368164,984400
2019-09-26,BCP,BCP.BK,21.074838638305664,1707800
2019-09-27,BCP,BCP.BK,20.883251190185547,1861900
2019-09-30,BCP,BCP.BK,20.883251190185547,2515100
2019-10-01,BCP,BCP.BK,20.883251190185547,2081300
2019-10-02,BCP,BCP.BK,20.11688995361328,2443400
2019-10-03,BCP,BCP.BK,19.92530059814453,1540400
2019-10-04,BCP,BCP.BK,19.92530059814453,889000
2019-10-07,BCP,BCP.BK,20.308483123779297,4968300
2019-10-08,BCP,BCP.BK,20.500070571899414,2747000
2019-10-09,BCP,BCP.BK,19.92530059814453,1040200
2019-10-10,BCP,BCP.BK,20.11688995361328,3072400
2019-10-11,BCP,BCP.BK,20.11688995361328,2830300
2019-10-15,BCP,BCP.BK,19.92530059814453,2377000
2019-10-16,BCP,BCP.BK,19.54212188720703,3349700
2019-10-17,BCP,BCP.BK,19.35053062438965,3218400
2019-10-18,BCP,BCP.BK,19.35053062438965,7135300
2019-10-21,BCP,BCP.BK,19.082307815551758,1687000
2019-10-22,BCP,BCP.BK,19.15894317626953,841600
2019-10-24,BCP,BCP.BK,18.77576446533203,5473600
2019-10-25,BCP,BCP.BK,18.162677764892578,6653200
2019-10-28,BCP,BCP.BK,18.086042404174805,3230300
2019-10-29,BCP,BCP.BK,18.086042404174805,2065100
2019-10-30,BCP,BCP.BK,18.315948486328125,5110400
2019-10-31,BCP,BCP.BK,18.929035186767578,4539300
2019-11-01,BCP,BCP.BK,18.699125289916992,2017300
2019-11-04,BCP,BCP.BK,18.852401733398438,3697700
2019-11-05,BCP,BCP.BK,18.622493743896484,3354600
2019-11-06,BCP,BCP.BK,18.77576446533203,2223700
2019-11-07,BCP,BCP.BK,19.35053062438965,3854300
2019-11-08,BCP,BCP.BK,19.73371124267578,4433800
2019-11-11,BCP,BCP.BK,19.35053062438965,2336300
2019-11-12,BCP,BCP.BK,19.54212188720703,696200
2019-11-13,BCP,BCP.BK,19.15894317626953,1026800
2019-11-14,BCP,BCP.BK,19.15894317626953,1982500
2019-11-15,BCP,BCP.BK,18.852401733398438,2725100
2019-11-18,BCP,BCP.BK,19.00567054748535,1002000
2019-11-19,BCP,BCP.BK,18.622493743896484,2446700
2019-11-20,BCP,BCP.BK,18.086042404174805,4194000
2019-11-21,BCP,BCP.BK,17.85613441467285,3220100
2019-11-22,BCP,BCP.BK,18.315948486328125,6111800
2019-11-25,BCP,BCP.BK,18.622493743896484,8452600
2019-11-26,BCP,BCP.BK,18.77576446533203,4366500
2019-11-27,BCP,BCP.BK,19.35053062438965,4914600
2019-11-28,BCP,BCP.BK,19.15894317626953,2396800
2019-11-29,BCP,BCP.BK,19.15894317626953,1899000
2019-12-02,BCP,BCP.BK,19.35053062438965,3088800
2019-12-03,BCP,BCP.BK,19.73371124267578,3255200
2019-12-04,BCP,BCP.BK,19.73371124267578,4402500
2019-12-06,BCP,BCP.BK,19.73371124267578,5490900
2019-12-09,BCP,BCP.BK,19.73371124267578,1529200
2019-12-11,BCP,BCP.BK,19.73371124267578,10200400
2019-12-12,BCP,BCP.BK,19.92530059814453,5269700
2019-12-13,BCP,BCP.BK,20.691659927368164,6381900
2019-12-16,BCP,BCP.BK,20.500070571899414,3794700
2019-12-17,BCP,BCP.BK,20.691659927368164,5038500
2019-12-18,BCP,BCP.BK,20.883251190185547,1548800
2019-12-19,BCP,BCP.BK,20.691659927368164,2263400
2019-12-20,BCP,BCP.BK,20.883251190185547,4915200
2019-12-23,BCP,BCP.BK,21.074838638305664,839300
2019-12-24,BCP,BCP.BK,20.691659927368164,1794200
2019-12-25,BCP,BCP.BK,20.500070571899414,1362100
2019-12-26,BCP,BCP.BK,20.691659927368164,449600
2019-12-27,BCP,BCP.BK,21.266429901123047,4300800
2019-12-30,BCP,BCP.BK,21.458017349243164,1042100
2020-01-02,BCP,BCP.BK,22.22437858581543,8069000
2020-01-03,BCP,BCP.BK,22.22437858581543,4612700
2020-01-06,BCP,BCP.BK,21.266429901123047,9127800
2020-01-07,BCP,BCP.BK,21.64960479736328,4682900
2020-01-08,BCP,BCP.BK,21.266429901123047,8237000
2020-01-09,BCP,BCP.BK,21.64960479736328,4481500
2020-01-10,BCP,BCP.BK,21.458017349243164,2667200
2020-01-13,BCP,BCP.BK,20.500070571899414,6219300
2020-01-14,BCP,BCP.BK,20.691659927368164,6219100
2020-01-15,BCP,BCP.BK,20.691659927368164,4580500
2020-01-16,BCP,BCP.BK,20.883251190185547,3348100
2020-01-17,BCP,BCP.BK,21.458017349243164,3079000
2020-01-20,BCP,BCP.BK,20.883251190185547,2065600
2020-01-21,BCP,BCP.BK,20.691659927368164,3019600
2020-01-22,BCP,BCP.BK,20.308483123779297,7633500
2020-01-23,BCP,BCP.BK,19.73371124267578,5328400
2020-01-24,BCP,BCP.BK,19.54212188720703,2029300
2020-01-27,BCP,BCP.BK,19.082307815551758,5282800
2020-01-28,BCP,BCP.BK,19.35053062438965,3692100
2020-01-29,BCP,BCP.BK,19.35053062438965,4717800
2020-01-30,BCP,BCP.BK,19.15894317626953,5182600
2020-01-31,BCP,BCP.BK,19.15894317626953,2695300
2020-02-03,BCP,BCP.BK,18.929035186767578,4565200
2020-02-04,BCP,BCP.BK,19.73371124267578,3788800
2020-02-05,BCP,BCP.BK,19.92530059814453,1955300
2020-02-06,BCP,BCP.BK,20.691659927368164,5646000
2020-02-07,BCP,BCP.BK,20.883251190185547,2937000
2020-02-11,BCP,BCP.BK,20.308483123779297,3934900
2020-02-12,BCP,BCP.BK,20.691659927368164,2105000
2020-02-13,BCP,BCP.BK,20.11688995361328,1712200
2020-02-14,BCP,BCP.BK,20.500070571899414,1822900
2020-02-17,BCP,BCP.BK,20.11688995361328,1693300
2020-02-18,BCP,BCP.BK,20.308483123779297,2142400
2020-02-19,BCP,BCP.BK,20.308483123779297,3465900
2020-02-20,BCP,BCP.BK,20.500070571899414,3003300
2020-02-21,BCP,BCP.BK,20.308483123779297,3962100
2020-02-24,BCP,BCP.BK,19.15894317626953,11279300
2020-02-25,BCP,BCP.BK,19.15894317626953,7388700
2020-02-26,BCP,BCP.BK,18.00940704345703,4765400
2020-02-27,BCP,BCP.BK,18.39258575439453,5534200
2020-02-28,BCP,BCP.BK,18.39258575439453,7733000
2020-03-02,BCP,BCP.BK,18.162677764892578,6057500
2020-03-03,BCP,BCP.BK,18.39258575439453,5113900
2020-03-04,BCP,BCP.BK,18.39258575439453,3229700
2020-03-05,BCP,BCP.BK,18.39258575439453,4389800
2020-03-06,BCP,BCP.BK,18.159767150878906,3023700
2020-03-09,BCP,BCP.BK,15.52116870880127,7378600
2020-03-10,BCP,BCP.BK,15.598775863647461,7552400
2020-03-11,BCP,BCP.BK,15.67638111114502,2887700
2020-03-12,BCP,BCP.BK,13.969051361083984,3336700
2020-03-13,BCP,BCP.BK,13.969051361083984,4071300
2020-03-16,BCP,BCP.BK,12.339329719543457,3800600
2020-03-17,BCP,BCP.BK,11.796087265014648,3156200
2020-03-18,BCP,BCP.BK,11.252849578857422,7308600
2020-03-19,BCP,BCP.BK,11.020030975341797,2049800
2020-03-20,BCP,BCP.BK,12.261724472045898,6810900
2020-03-23,BCP,BCP.BK,10.476789474487305,6942600
2020-03-24,BCP,BCP.BK,10.476789474487305,3007300
2020-03-25,BCP,BCP.BK,11.175241470336914,3363300
2020-03-26,BCP,BCP.BK,11.485666275024414,3594600
2020-03-27,BCP,BCP.BK,11.252849578857422,2717300
2020-03-30,BCP,BCP.BK,11.097636222839355,124700
2020-03-31,BCP,BCP.BK,11.640876770019531,2668200
2020-04-01,BCP,BCP.BK,11.796087265014648,2023700
2020-04-02,BCP,BCP.BK,13.425811767578125,6561900
2020-04-03,BCP,BCP.BK,13.969051361083984,6461500
2020-04-07,BCP,BCP.BK,14.900324821472168,3354500
2020-04-08,BCP,BCP.BK,14.2794771194458,2954500
2020-04-09,BCP,BCP.BK,14.434690475463867,2906200
2020-04-10,BCP,BCP.BK,14.357085227966309,2575300
2020-04-13,BCP,BCP.BK,14.357085227966309,1057300
2020-04-14,BCP,BCP.BK,14.977928161621094,10806700
2020-04-15,BCP,BCP.BK,15.133139610290527,6100000
2020-04-16,BCP,BCP.BK,14.12426471710205,3135200
2020-04-17,BCP,BCP.BK,14.357085227966309,2473500
2020-04-20,BCP,BCP.BK,14.434690475463867,4220800
2020-04-21,BCP,BCP.BK,13.969051361083984,4259500
2020-04-22,BCP,BCP.BK,13.736235618591309,5955600
2020-04-23,BCP,BCP.BK,14.12426471710205,2079000
2020-04-24,BCP,BCP.BK,14.12426471710205,2324600
2020-04-27,BCP,BCP.BK,14.201871871948242,1671900
2020-04-28,BCP,BCP.BK,14.046656608581543,2432000
2020-04-29,BCP,BCP.BK,14.12426471710205,695100
2020-04-30,BCP,BCP.BK,14.357085227966309,5216500
2020-05-05,BCP,BCP.BK,14.434690475463867,3562400
2020-05-07,BCP,BCP.BK,14.822717666625977,4213600
2020-05-08,BCP,BCP.BK,14.745110511779785,2643700
2020-05-11,BCP,BCP.BK,14.822717666625977,3577900
2020-05-12,BCP,BCP.BK,15.210745811462402,5731600
2020-05-13,BCP,BCP.BK,14.745110511779785,5938800
2020-05-14,BCP,BCP.BK,14.357085227966309,2479100
2020-05-15,BCP,BCP.BK,14.822717666625977,3418800
2020-05-18,BCP,BCP.BK,15.986804008483887,12405500
2020-05-19,BCP,BCP.BK,16.452438354492188,13386200
2020-05-20,BCP,BCP.BK,16.452438354492188,3434700
2020-05-21,BCP,BCP.BK,16.374834060668945,2952200
2020-05-22,BCP,BCP.BK,15.83159065246582,2937600
2020-05-25,BCP,BCP.BK,15.83159065246582,4912300
2020-05-26,BCP,BCP.BK,16.142013549804688,3079600
2020-05-27,BCP,BCP.BK,16.142013549804688,1772700
2020-05-28,BCP,BCP.BK,16.53004264831543,16065200
2020-05-29,BCP,BCP.BK,17.150894165039062,4822300
2020-06-01,BCP,BCP.BK,17.150894165039062,3654800
2020-06-02,BCP,BCP.BK,17.30610466003418,3984400
2020-06-04,BCP,BCP.BK,17.616527557373047,5549500
2020-06-05,BCP,BCP.BK,18.23737335205078,7266900
2020-06-08,BCP,BCP.BK,18.314979553222656,6352400
2020-06-09,BCP,BCP.BK,17.383708953857422,6784000
2020-06-10,BCP,BCP.BK,17.383708953857422,2780400
2020-06-11,BCP,BCP.BK,16.99567985534668,3471400
2020-06-12,BCP,BCP.BK,16.607646942138672,4054600
2020-06-15,BCP,BCP.BK,16.29722785949707,2672100
2020-06-16,BCP,BCP.BK,16.84046745300293,3193200
2020-06-17,BCP,BCP.BK,17.150894165039062,2065100
2020-06-18,BCP,BCP.BK,17.228498458862305,1136500
2020-06-19,BCP,BCP.BK,16.99567985534668,1465900
2020-06-22,BCP,BCP.BK,16.685256958007812,894000
2020-06-23,BCP,BCP.BK,16.84046745300293,716300
2020-06-24,BCP,BCP.BK,16.219623565673828,1492200
2020-06-25,BCP,BCP.BK,16.762863159179688,3084200
2020-06-26,BCP,BCP.BK,15.909195899963379,2640800
2020-06-29,BCP,BCP.BK,15.83159065246582,1097000
2020-06-30,BCP,BCP.BK,16.29722785949707,2659100
2020-07-01,BCP,BCP.BK,16.452438354492188,2053900
2020-07-02,BCP,BCP.BK,16.374834060668945,1479900
2020-07-03,BCP,BCP.BK,16.607646942138672,2129600
2020-07-07,BCP,BCP.BK,16.762863159179688,2943500
2020-07-08,BCP,BCP.BK,16.29722785949707,1695100
2020-07-09,BCP,BCP.BK,15.986804008483887,2878200
2020-07-10,BCP,BCP.BK,15.598775863647461,3229300
2020-07-13,BCP,BCP.BK,15.055534362792969,3616200
2020-07-14,BCP,BCP.BK,14.977928161621094,2256800
2020-07-15,BCP,BCP.BK,15.210745811462402,2479900
2020-07-16,BCP,BCP.BK,15.52116870880127,3712500
2020-07-17,BCP,BCP.BK,15.443563461303711,1496100
2020-07-20,BCP,BCP.BK,15.210745811462402,5266800
2020-07-21,BCP,BCP.BK,16.142013549804688,6152500
2020-07-22,BCP,BCP.BK,15.52116870880127,2504300
2020-07-23,BCP,BCP.BK,15.67638111114502,1011700
2020-07-24,BCP,BCP.BK,15.288349151611328,1896800
2020-07-29,BCP,BCP.BK,15.210745811462402,1152400
2020-07-30,BCP,BCP.BK,14.589899063110352,3710400
2020-07-31,BCP,BCP.BK,15.055534362792969,2739700
2020-08-03,BCP,BCP.BK,14.977928161621094,1116600
2020-08-04,BCP,BCP.BK,15.133139610290527,3116100
2020-08-05,BCP,BCP.BK,15.36595630645752,2972000
2020-08-06,BCP,BCP.BK,15.288349151611328,4394900
2020-08-07,BCP,BCP.BK,14.977928161621094,1489800
2020-08-10,BCP,BCP.BK,14.900324821472168,529100
2020-08-11,BCP,BCP.BK,14.822717666625977,1971500
2020-08-13,BCP,BCP.BK,15.133139610290527,1542800
2020-08-14,BCP,BCP.BK,14.822717666625977,1154600
2020-08-17,BCP,BCP.BK,14.822717666625977,814500
2020-08-18,BCP,BCP.BK,14.822717666625977,2211100
2020-08-19,BCP,BCP.BK,14.434690475463867,2024400
2020-08-20,BCP,BCP.BK,14.201871871948242,1511200
2020-08-21,BCP,BCP.BK,13.348206520080566,7113000
2020-08-24,BCP,BCP.BK,13.65863037109375,1290000
2020-08-25,BCP,BCP.BK,13.425811767578125,1699300
2020-08-26,BCP,BCP.BK,13.581024169921875,594700
2020-08-27,BCP,BCP.BK,13.736235618591309,1976800
2020-08-28,BCP,BCP.BK,13.891446113586426,2194000
2020-08-31,BCP,BCP.BK,13.736235618591309,1596000
2020-09-01,BCP,BCP.BK,13.581024169921875,1313500
2020-09-02,BCP,BCP.BK,13.736235618591309,1473900
2020-09-03,BCP,BCP.BK,13.425811767578125,2308800
2020-09-08,BCP,BCP.BK,13.192995071411133,898300
2020-09-09,BCP,BCP.BK,13.270600318908691,1043700
2020-09-10,BCP,BCP.BK,13.192995071411133,864200
2020-09-11,BCP,BCP.BK,13.192995071411133,820800
2020-09-14,BCP,BCP.BK,12.80496597290039,2410800
2020-09-15,BCP,BCP.BK,12.960177421569824,973400
2020-09-16,BCP,BCP.BK,13.115386962890625,712800
2020-09-17,BCP,BCP.BK,12.960177421569824,742000
2020-09-18,BCP,BCP.BK,12.960177421569824,529900
2020-09-21,BCP,BCP.BK,12.572147369384766,1411000
2020-09-22,BCP,BCP.BK,12.261724472045898,1474200
2020-09-23,BCP,BCP.BK,12.106512069702148,982800
2020-09-24,BCP,BCP.BK,11.87369441986084,1704000
2020-09-25,BCP,BCP.BK,11.796087265014648,1069400
2020-09-28,BCP,BCP.BK,11.87369441986084,1345500
2020-09-29,BCP,BCP.BK,12.106512069702148,1337600
2020-09-30,BCP,BCP.BK,11.640876770019531,1775100
2020-10-01,BCP,BCP.BK,11.71848201751709,2344900
2020-10-02,BCP,BCP.BK,11.330453872680664,2771800
2020-10-05,BCP,BCP.BK,11.408058166503906,1105000
2020-10-06,BCP,BCP.BK,11.951299667358398,4992100
2020-10-07,BCP,BCP.BK,11.951299667358398,2261500
2020-10-08,BCP,BCP.BK,12.028905868530273,1943300
2020-10-09,BCP,BCP.BK,12.028905868530273,2240900
2020-10-12,BCP,BCP.BK,12.18411636352539,970100
2020-10-14,BCP,BCP.BK,12.028905868530273,3163700
2020-10-15,BCP,BCP.BK,11.71848201751709,3077200
2020-10-16,BCP,BCP.BK,11.56326961517334,1778400
2020-10-19,BCP,BCP.BK,11.330453872680664,3824300
2020-10-20,BCP,BCP.BK,11.175241470336914,2527000
2020-10-21,BCP,BCP.BK,11.408058166503906,3158700
2020-10-22,BCP,BCP.BK,11.485666275024414,4548100
2020-10-26,BCP,BCP.BK,11.87369441986084,2418800
2020-10-27,BCP,BCP.BK,11.56326961517334,2582900
2020-10-28,BCP,BCP.BK,11.408058166503906,2480300
2020-10-29,BCP,BCP.BK,11.408058166503906,1233100
2020-10-30,BCP,BCP.BK,11.252849578857422,2202400
2020-11-02,BCP,BCP.BK,11.330453872680664,1304200
2020-11-03,BCP,BCP.BK,11.796087265014648,3122000
2020-11-04,BCP,BCP.BK,11.640876770019531,2334700
2020-11-05,BCP,BCP.BK,11.951299667358398,2755900
2020-11-06,BCP,BCP.BK,11.71848201751709,3541300
2020-11-09,BCP,BCP.BK,12.261724472045898,3787400
2020-11-10,BCP,BCP.BK,13.348206520080566,8587600
2020-11-11,BCP,BCP.BK,13.348206520080566,6262800
2020-11-12,BCP,BCP.BK,13.037782669067383,3502000
2020-11-13,BCP,BCP.BK,13.503417015075684,3934800
2020-11-16,BCP,BCP.BK,13.581024169921875,4525900
2020-11-17,BCP,BCP.BK,13.736235618591309,6019500
2020-11-18,BCP,BCP.BK,13.813841819763184,2401100
2020-11-19,BCP,BCP.BK,14.201871871948242,2382800
2020-11-20,BCP,BCP.BK,14.512293815612793,3716400
2020-11-23,BCP,BCP.BK,14.900324821472168,3183500
2020-11-24,BCP,BCP.BK,14.745110511779785,4416400
2020-11-25,BCP,BCP.BK,15.598775863647461,10676800
2020-11-26,BCP,BCP.BK,15.52116870880127,3953000
2020-11-27,BCP,BCP.BK,15.36595630645752,3664600
2020-11-30,BCP,BCP.BK,15.210745811462402,6352700
2020-12-01,BCP,BCP.BK,15.210745811462402,3389500
2020-12-02,BCP,BCP.BK,15.133139610290527,3851300
2020-12-03,BCP,BCP.BK,15.753985404968262,5912600
2020-12-04,BCP,BCP.BK,15.986804008483887,8887600
2020-12-08,BCP,BCP.BK,16.219623565673828,6750300
2020-12-09,BCP,BCP.BK,16.918075561523438,9747000
2020-12-14,BCP,BCP.BK,16.685256958007812,3424000
2020-12-15,BCP,BCP.BK,16.685256958007812,6973300
2020-12-16,BCP,BCP.BK,16.918075561523438,3878400
2020-12-17,BCP,BCP.BK,16.918075561523438,1840100
2020-12-18,BCP,BCP.BK,16.918075561523438,3706800
2020-12-21,BCP,BCP.BK,15.443563461303711,9304400
2020-12-22,BCP,BCP.BK,15.36595630645752,5862000
2020-12-23,BCP,BCP.BK,15.133139610290527,3429900
2020-12-24,BCP,BCP.BK,15.52116870880127,3135000
2020-12-25,BCP,BCP.BK,15.909195899963379,2064500
2020-12-28,BCP,BCP.BK,15.52116870880127,2647700
2020-12-29,BCP,BCP.BK,15.986804008483887,2561200
2020-12-30,BCP,BCP.BK,15.986804008483887,3685800
2021-01-04,BCP,BCP.BK,17.228498458862305,15984100
2021-01-05,BCP,BCP.BK,19.78948974609375,42244700
2021-01-06,BCP,BCP.BK,19.013431549072266,24276200
2021-01-07,BCP,BCP.BK,19.323856353759766,18124500
2021-01-08,BCP,BCP.BK,19.595474243164062,16493500
2021-01-11,BCP,BCP.BK,19.091039657592773,14754400
2021-01-12,BCP,BCP.BK,19.78948974609375,25619500
2021-01-13,BCP,BCP.BK,20.759565353393555,46297900
2021-01-14,BCP,BCP.BK,20.37153434753418,9763000
2021-01-15,BCP,BCP.BK,20.177518844604492,10883000
2021-01-18,BCP,BCP.BK,20.5655517578125,16555700
2021-01-19,BCP,BCP.BK,20.5655517578125,16818500
2021-01-20,BCP,BCP.BK,19.983505249023438,10369700
2021-01-21,BCP,BCP.BK,20.177518844604492,6256200
2021-01-22,BCP,BCP.BK,18.935823440551758,15530500
2021-01-25,BCP,BCP.BK,19.595474243164062,10156000
2021-01-26,BCP,BCP.BK,19.401460647583008,8077300
2021-01-27,BCP,BCP.BK,19.246248245239258,4529400
2021-01-28,BCP,BCP.BK,18.39258575439453,15360100
2021-01-29,BCP,BCP.BK,18.703006744384766,14312600
2021-02-01,BCP,BCP.BK,19.78948974609375,21859000
2021-02-02,BCP,BCP.BK,19.983505249023438,19830400
2021-02-03,BCP,BCP.BK,19.983505249023438,11288500
2021-02-04,BCP,BCP.BK,19.78948974609375,7342300
2021-02-05,BCP,BCP.BK,20.177518844604492,5690500
2021-02-08,BCP,BCP.BK,19.983505249023438,6149100
2021-02-09,BCP,BCP.BK,20.177518844604492,13561400
2021-02-10,BCP,BCP.BK,19.78948974609375,3038100
2021-02-11,BCP,BCP.BK,20.177518844604492,8365500
2021-02-15,BCP,BCP.BK,21.535625457763672,35172400
2021-02-16,BCP,BCP.BK,21.14759635925293,12535200
2021-02-17,BCP,BCP.BK,22.311681747436523,21200600
2021-02-18,BCP,BCP.BK,22.505699157714844,18311500
2021-02-19,BCP,BCP.BK,21.729637145996094,16438900
2021-02-22,BCP,BCP.BK,21.34160804748535,8744000
2021-02-23,BCP,BCP.BK,21.92365074157715,8330900
2021-02-24,BCP,BCP.BK,22.117666244506836,5062300
2021-02-25,BCP,BCP.BK,22.699708938598633,15882100
2021-03-01,BCP,BCP.BK,22.699708938598633,3336900
2021-03-02,BCP,BCP.BK,22.117666244506836,5401000
2021-03-03,BCP,BCP.BK,22.038955688476562,4319300
2021-03-04,BCP,BCP.BK,21.842182159423828,7183900
2021-03-05,BCP,BCP.BK,22.23573112487793,5694000
2021-03-08,BCP,BCP.BK,22.23573112487793,8809200
2021-03-09,BCP,BCP.BK,21.842182159423828,6235700
2021-03-10,BCP,BCP.BK,21.842182159423828,2582400
2021-03-11,BCP,BCP.BK,21.842182159423828,4470300
2021-03-12,BCP,BCP.BK,21.842182159423828,6903700
2021-03-15,BCP,BCP.BK,21.842182159423828,3809000
2021-03-16,BCP,BCP.BK,21.645402908325195,2192700
2021-03-17,BCP,BCP.BK,21.645402908325195,5610100
2021-03-18,BCP,BCP.BK,21.44862937927246,4768000
2021-03-19,BCP,BCP.BK,21.645402908325195,8049900
2021-03-22,BCP,BCP.BK,21.05507469177246,5345200
2021-03-23,BCP,BCP.BK,20.661521911621094,2681100
2021-03-24,BCP,BCP.BK,20.464744567871094,3626900
2021-03-25,BCP,BCP.BK,20.464744567871094,5939000
2021-03-26,BCP,BCP.BK,20.661521911621094,5045600
2021-03-29,BCP,BCP.BK,20.661521911621094,4671700
2021-03-30,BCP,BCP.BK,20.661521911621094,4050700
2021-03-31,BCP,BCP.BK,20.267969131469727,7991200
2021-04-01,BCP,BCP.BK,20.661521911621094,3964600
2021-04-02,BCP,BCP.BK,20.464744567871094,3512900
2021-04-05,BCP,BCP.BK,19.874414443969727,4765300
2021-04-07,BCP,BCP.BK,19.59893035888672,3581400
2021-04-08,BCP,BCP.BK,19.52021598815918,7455900
2021-04-09,BCP,BCP.BK,19.67763900756836,4013100
2021-04-12,BCP,BCP.BK,19.047956466674805,10204000
2021-04-16,BCP,BCP.BK,19.59893035888672,6375700
2021-04-19,BCP,BCP.BK,19.52021598815918,4263700
2021-04-20,BCP,BCP.BK,19.67763900756836,2715500
2021-04-21,BCP,BCP.BK,19.59893035888672,3334500
2021-04-22,BCP,BCP.BK,19.284086227416992,5053900
2021-04-23,BCP,BCP.BK,19.284086227416992,3746800
2021-04-26,BCP,BCP.BK,19.3627986907959,3160700
2021-04-27,BCP,BCP.BK,19.59893035888672,4270400
2021-04-28,BCP,BCP.BK,19.67763900756836,5563900
2021-04-29,BCP,BCP.BK,19.874414443969727,5221400
2021-04-30,BCP,BCP.BK,20.267969131469727,4609900
2021-05-05,BCP,BCP.BK,19.59893035888672,6055600
2021-05-06,BCP,BCP.BK,19.874414443969727,2234400
2021-05-07,BCP,BCP.BK,20.267969131469727,4205000
2021-05-10,BCP,BCP.BK,20.661521911621094,5141900
2021-05-11,BCP,BCP.BK,20.464744567871094,8047300
2021-05-12,BCP,BCP.BK,19.874414443969727,4712000
2021-05-13,BCP,BCP.BK,19.874414443969727,9667000
2021-05-14,BCP,BCP.BK,19.284086227416992,9994300
2021-05-17,BCP,BCP.BK,19.52021598815918,5763300
2021-05-18,BCP,BCP.BK,20.661521911621094,16379500
2021-05-19,BCP,BCP.BK,20.267969131469727,3473200
2021-05-20,BCP,BCP.BK,20.071191787719727,2709300
2021-05-21,BCP,BCP.BK,19.874414443969727,2684000
2021-05-24,BCP,BCP.BK,19.874414443969727,1407000
2021-05-25,BCP,BCP.BK,19.874414443969727,2894800
2021-05-27,BCP,BCP.BK,20.071191787719727,3273900
2021-05-28,BCP,BCP.BK,19.874414443969727,3131900
2021-05-31,BCP,BCP.BK,20.071191787719727,1590300
2021-06-01,BCP,BCP.BK,20.858299255371094,7298200
2021-06-02,BCP,BCP.BK,21.05507469177246,5911900
2021-06-04,BCP,BCP.BK,20.858299255371094,4164700
2021-06-07,BCP,BCP.BK,21.251850128173828,8697100
2021-06-08,BCP,BCP.BK,21.251850128173828,6546300
2021-06-09,BCP,BCP.BK,21.05507469177246,4146100
2021-06-10,BCP,BCP.BK,20.661521911621094,3104100
2021-06-11,BCP,BCP.BK,20.858299255371094,2544400
2021-06-14,BCP,BCP.BK,20.661521911621094,2251900
2021-06-15,BCP,BCP.BK,20.464744567871094,3631000
2021-06-16,BCP,BCP.BK,20.661521911621094,2715400
2021-06-17,BCP,BCP.BK,20.464744567871094,2808500
2021-06-18,BCP,BCP.BK,20.858299255371094,4458300
2021-06-21,BCP,BCP.BK,20.071191787719727,5274400
2021-06-22,BCP,BCP.BK,20.071191787719727,3275900
2021-06-23,BCP,BCP.BK,19.67763900756836,2046400
2021-06-24,BCP,BCP.BK,19.67763900756836,4873500
2021-06-25,BCP,BCP.BK,19.874414443969727,1023700
2021-06-28,BCP,BCP.BK,19.67763900756836,1399900
2021-06-29,BCP,BCP.BK,19.67763900756836,1866200
2021-06-30,BCP,BCP.BK,19.441505432128906,4071600
2021-07-01,BCP,BCP.BK,19.3627986907959,4590000
2021-07-02,BCP,BCP.BK,19.441505432128906,3271500
2021-07-05,BCP,BCP.BK,20.071191787719727,3583500
2021-07-06,BCP,BCP.BK,20.071191787719727,1998200
2021-07-07,BCP,BCP.BK,19.874414443969727,4566400
2021-07-08,BCP,BCP.BK,19.126665115356445,5852700
2021-07-09,BCP,BCP.BK,19.205373764038086,3089900
2021-07-12,BCP,BCP.BK,18.969242095947266,3105600
2021-07-13,BCP,BCP.BK,19.3627986907959,2077100
2021-07-14,BCP,BCP.BK,19.126665115356445,2859000
2021-07-15,BCP,BCP.BK,19.047956466674805,3638800
2021-07-16,BCP,BCP.BK,19.3627986907959,2130200
2021-07-19,BCP,BCP.BK,18.890533447265625,2183000
2021-07-20,BCP,BCP.BK,17.86729621887207,8094800
2021-07-21,BCP,BCP.BK,18.024717330932617,5126200
2021-07-22,BCP,BCP.BK,18.418270111083984,2552200
2021-07-23,BCP,BCP.BK,18.496980667114258,3889900
2021-07-27,BCP,BCP.BK,18.103425979614258,2543100
2021-07-29,BCP,BCP.BK,18.57569122314453,2406900
2021-07-30,BCP,BCP.BK,18.18213653564453,3955100
2021-08-02,BCP,BCP.BK,18.890533447265625,3147600
2021-08-03,BCP,BCP.BK,19.441505432128906,3364400
2021-08-04,BCP,BCP.BK,18.890533447265625,2259600
2021-08-05,BCP,BCP.BK,18.733110427856445,1925100
2021-08-06,BCP,BCP.BK,18.496980667114258,1705100
2021-08-09,BCP,BCP.BK,18.024717330932617,4807800
2021-08-10,BCP,BCP.BK,18.18213653564453,2463400
2021-08-11,BCP,BCP.BK,18.418270111083984,3974400
2021-08-13,BCP,BCP.BK,18.81182289123535,4944600
2021-08-16,BCP,BCP.BK,19.047956466674805,3748200
2021-08-17,BCP,BCP.BK,19.047956466674805,1732200
2021-08-18,BCP,BCP.BK,19.205373764038086,3428500
2021-08-19,BCP,BCP.BK,18.733110427856445,4218500
2021-08-20,BCP,BCP.BK,18.654401779174805,3515600
2021-08-23,BCP,BCP.BK,19.126665115356445,7726800
2021-08-24,BCP,BCP.BK,19.52021598815918,8002200
2021-08-25,BCP,BCP.BK,19.67763900756836,4389800
2021-08-26,BCP,BCP.BK,19.59893035888672,3031400
2021-08-27,BCP,BCP.BK,20.661521911621094,12575800
2021-08-30,BCP,BCP.BK,21.44862937927246,9638800
2021-08-31,BCP,BCP.BK,21.251850128173828,5337400
2021-09-01,BCP,BCP.BK,21.05507469177246,6978400
2021-09-02,BCP,BCP.BK,21.05507469177246,2884800
2021-09-03,BCP,BCP.BK,21.251850128173828,4726700
2021-09-06,BCP,BCP.BK,21.44862937927246,10457800
2021-09-07,BCP,BCP.BK,21.842182159423828,16138500
2021-09-08,BCP,BCP.BK,21.638046264648438,8329900
2021-09-09,BCP,BCP.BK,21.842180252075195,6120000
2021-09-10,BCP,BCP.BK,21.433914184570312,1427000
2021-09-13,BCP,BCP.BK,21.638046264648438,2247500
2021-09-14,BCP,BCP.BK,21.842180252075195,2572700
2021-09-15,BCP,BCP.BK,22.046310424804688,2909000
2021-09-16,BCP,BCP.BK,22.046310424804688,1314500
2021-09-17,BCP,BCP.BK,21.638046264648438,4397900
2021-09-20,BCP,BCP.BK,20.821516036987305,6589500
2021-09-21,BCP,BCP.BK,21.229782104492188,5799500
2021-09-22,BCP,BCP.BK,21.433914184570312,2986100
2021-09-23,BCP,BCP.BK,21.842180252075195,3661200
2021-09-27,BCP,BCP.BK,22.454574584960938,8977700
2021-09-28,BCP,BCP.BK,22.862842559814453,7728700
2021-09-29,BCP,BCP.BK,22.454574584960938,3971100
2021-09-30,BCP,BCP.BK,22.454574584960938,2762900
2021-10-01,BCP,BCP.BK,22.454574584960938,5320600
2021-10-04,BCP,BCP.BK,22.454574584960938,2065700
2021-10-05,BCP,BCP.BK,23.271106719970703,9374000
2021-10-06,BCP,BCP.BK,23.06697654724121,4736300
2021-10-07,BCP,BCP.BK,23.06697654724121,5160700
2021-10-08,BCP,BCP.BK,23.06697654724121,6338700
2021-10-11,BCP,BCP.BK,23.475238800048828,7987100
2021-10-12,BCP,BCP.BK,23.475238800048828,3427400
2021-10-14,BCP,BCP.BK,23.679372787475586,3363700
2021-10-15,BCP,BCP.BK,23.271106719970703,5113700
2021-10-18,BCP,BCP.BK,24.087636947631836,7416400
2021-10-19,BCP,BCP.BK,23.475238800048828,5313500
2021-10-20,BCP,BCP.BK,24.700035095214844,14091800
2021-10-21,BCP,BCP.BK,24.495901107788086,11763700
2021-10-25,BCP,BCP.BK,23.271106719970703,7822000
2021-10-26,BCP,BCP.BK,23.271106719970703,3640500
2021-10-27,BCP,BCP.BK,22.862842559814453,1995600
2021-10-28,BCP,BCP.BK,22.658708572387695,2049000
2021-10-29,BCP,BCP.BK,22.454574584960938,2985000
2021-11-01,BCP,BCP.BK,22.046310424804688,5513300
2021-11-02,BCP,BCP.BK,22.454574584960938,4224200
2021-11-03,BCP,BCP.BK,21.638046264648438,5082500
2021-11-04,BCP,BCP.BK,21.842180252075195,2502200
2021-11-05,BCP,BCP.BK,21.433914184570312,8293000
2021-11-08,BCP,BCP.BK,21.842180252075195,5137000
2021-11-09,BCP,BCP.BK,22.046310424804688,2081100
2021-11-10,BCP,BCP.BK,22.046310424804688,1940500
2021-11-11,BCP,BCP.BK,22.862842559814453,5431500
2021-11-12,BCP,BCP.BK,22.454574584960938,2694100
2021-11-15,BCP,BCP.BK,22.250446319580078,922600
2021-11-16,BCP,BCP.BK,21.842180252075195,4807600
2021-11-17,BCP,BCP.BK,21.433914184570312,3595500
2021-11-18,BCP,BCP.BK,21.433914184570312,5636700
2021-11-19,BCP,BCP.BK,21.229782104492188,3105100
2021-11-22,BCP,BCP.BK,20.821516036987305,9471600
2021-11-23,BCP,BCP.BK,21.02564811706543,4221300
2021-11-24,BCP,BCP.BK,21.229782104492188,5225200
2021-11-25,BCP,BCP.BK,21.02564811706543,2377200
2021-11-26,BCP,BCP.BK,20.413251876831055,5303400
2021-11-29,BCP,BCP.BK,19.92333221435547,7359100
2021-11-30,BCP,BCP.BK,19.760028839111328,7861700
2021-12-01,BCP,BCP.BK,20.33159828186035,4590700
2021-12-02,BCP,BCP.BK,20.24994468688965,4488000
2021-12-03,BCP,BCP.BK,20.413251876831055,2355800
2021-12-07,BCP,BCP.BK,20.821516036987305,2992000
2021-12-08,BCP,BCP.BK,20.617385864257812,2471300
2021-12-09,BCP,BCP.BK,20.413251876831055,2657400
2021-12-13,BCP,BCP.BK,20.413251876831055,3827000
2021-12-14,BCP,BCP.BK,20.413251876831055,3523600
2021-12-15,BCP,BCP.BK,20.24994468688965,5374100
2021-12-16,BCP,BCP.BK,20.413251876831055,5077600
2021-12-17,BCP,BCP.BK,20.413251876831055,5770100
2021-12-20,BCP,BCP.BK,19.92333221435547,4957000
2021-12-21,BCP,BCP.BK,20.004985809326172,2092700
2021-12-22,BCP,BCP.BK,20.004985809326172,1997000
2021-12-23,BCP,BCP.BK,20.33159828186035,4714600
2021-12-24,BCP,BCP.BK,20.413251876831055,2203000
2021-12-27,BCP,BCP.BK,20.168289184570312,2375600
2021-12-28,BCP,BCP.BK,20.413251876831055,1543000
2021-12-29,BCP,BCP.BK,20.617385864257812,2293700
2021-12-30,BCP,BCP.BK,20.617385864257812,1181800
2022-01-04,BCP,BCP.BK,20.821516036987305,4127000
2022-01-05,BCP,BCP.BK,21.433914184570312,7494900
2022-01-06,BCP,BCP.BK,20.821516036987305,7104300
2022-01-07,BCP,BCP.BK,22.046310424804688,12222900
2022-01-10,BCP,BCP.BK,22.046310424804688,2945200
2022-01-11,BCP,BCP.BK,22.046310424804688,2122400
2022-01-12,BCP,BCP.BK,22.454574584960938,5504800
2022-01-13,BCP,BCP.BK,21.842180252075195,4056300
2022-01-14,BCP,BCP.BK,21.842180252075195,2726000
2022-01-17,BCP,BCP.BK,22.454574584960938,6992500
2022-01-18,BCP,BCP.BK,22.046310424804688,4769600
2022-01-19,BCP,BCP.BK,22.454574584960938,8828200
2022-01-20,BCP,BCP.BK,22.046310424804688,2479400
2022-01-21,BCP,BCP.BK,22.046310424804688,5037700
2022-01-24,BCP,BCP.BK,21.842180252075195,3556000
2022-01-25,BCP,BCP.BK,22.046310424804688,4167000
2022-01-26,BCP,BCP.BK,22.454574584960938,8254800
2022-01-27,BCP,BCP.BK,22.046310424804688,4396100
2022-01-28,BCP,BCP.BK,22.658708572387695,7522600
2022-01-31,BCP,BCP.BK,22.658708572387695,3757100
2022-02-01,BCP,BCP.BK,22.658708572387695,1796500
2022-02-02,BCP,BCP.BK,22.658708572387695,6474200
2022-02-03,BCP,BCP.BK,23.271106719970703,8559900
2022-02-04,BCP,BCP.BK,24.087636947631836,9923000
2022-02-07,BCP,BCP.BK,25.108299255371094,18816300
2022-02-08,BCP,BCP.BK,24.700035095214844,8432900
2022-02-09,BCP,BCP.BK,24.087636947631836,14971100
2022-02-10,BCP,BCP.BK,23.883502960205078,6922500
2022-02-11,BCP,BCP.BK,23.679372787475586,5363000
2022-02-14,BCP,BCP.BK,24.291770935058594,7616500
2022-02-15,BCP,BCP.BK,23.883502960205078,7124400
2022-02-17,BCP,BCP.BK,24.087636947631836,4589600
2022-02-18,BCP,BCP.BK,25.108299255371094,13726200
2022-02-21,BCP,BCP.BK,24.291770935058594,9582200
2022-02-22,BCP,BCP.BK,25.108299255371094,8955600
2022-02-23,BCP,BCP.BK,25.108299255371094,6657800
2022-02-24,BCP,BCP.BK,25.516565322875977,13611000
2022-02-25,BCP,BCP.BK,25.516565322875977,11851500
2022-02-28,BCP,BCP.BK,25.31243324279785,6302100
2022-03-01,BCP,BCP.BK,25.924829483032227,10453000
2022-03-02,BCP,BCP.BK,26.346372604370117,16451300
2022-03-03,BCP,BCP.BK,27.189455032348633,19800600
2022-03-04,BCP,BCP.BK,26.346372604370117,12057100
2022-03-07,BCP,BCP.BK,25.924829483032227,15596000
2022-03-08,BCP,BCP.BK,26.135601043701172,16331000
2022-03-09,BCP,BCP.BK,24.870975494384766,24139900
2022-03-10,BCP,BCP.BK,25.50328826904297,17436200
2022-03-11,BCP,BCP.BK,26.135601043701172,6572000
2022-03-14,BCP,BCP.BK,25.29251480102539,8365300
2022-03-15,BCP,BCP.BK,24.449432373046875,11964900
2022-03-16,BCP,BCP.BK,24.660202026367188,6875200
2022-03-17,BCP,BCP.BK,24.870975494384766,9770200
2022-03-18,BCP,BCP.BK,24.449432373046875,11761700
2022-03-21,BCP,BCP.BK,24.660202026367188,1705400
2022-03-22,BCP,BCP.BK,25.50328826904297,16514200
2022-03-23,BCP,BCP.BK,25.50328826904297,5673900
2022-03-24,BCP,BCP.BK,25.71405601501465,6650500
2022-03-25,BCP,BCP.BK,25.71405601501465,7681600
2022-03-28,BCP,BCP.BK,25.71405601501465,12241800
2022-03-29,BCP,BCP.BK,25.50328826904297,11382000
2022-03-30,BCP,BCP.BK,24.870975494384766,7012000
2022-03-31,BCP,BCP.BK,25.081745147705078,6525300
2022-04-01,BCP,BCP.BK,24.870975494384766,5981400
2022-04-04,BCP,BCP.BK,24.870975494384766,1637600
2022-04-05,BCP,BCP.BK,25.924829483032227,7691200
2022-04-07,BCP,BCP.BK,26.135601043701172,5565500
2022-04-08,BCP,BCP.BK,25.71405601501465,3875900
2022-04-11,BCP,BCP.BK,25.71405601501465,1732500
2022-04-12,BCP,BCP.BK,25.71405601501465,2455500
2022-04-18,BCP,BCP.BK,26.135601043701172,6869100
2022-04-19,BCP,BCP.BK,26.767911911010742,9450000
2022-04-20,BCP,BCP.BK,26.767911911010742,5829400
2022-04-21,BCP,BCP.BK,26.978683471679688,16369200
2022-04-22,BCP,BCP.BK,26.978683471679688,4478900
2022-04-25,BCP,BCP.BK,26.767911911010742,5059500
2022-04-26,BCP,BCP.BK,26.767911911010742,5239300
2022-04-27,BCP,BCP.BK,27.610998153686523,14343000
2022-04-28,BCP,BCP.BK,27.82176971435547,12187100
2022-04-29,BCP,BCP.BK,28.24330711364746,8642500
2022-05-03,BCP,BCP.BK,28.45408058166504,4930000
2022-05-05,BCP,BCP.BK,29.297164916992188,14122400
2022-05-06,BCP,BCP.BK,29.086395263671875,13603800
2022-05-09,BCP,BCP.BK,28.664854049682617,11778400
2022-05-10,BCP,BCP.BK,29.297164916992188,14325400
2022-05-11,BCP,BCP.BK,28.875621795654297,7971800
2022-05-12,BCP,BCP.BK,28.45408058166504,8118100
2022-05-13,BCP,BCP.BK,28.875621795654297,7227800
2022-05-17,BCP,BCP.BK,29.507936477661133,7294400
2022-05-18,BCP,BCP.BK,29.718706130981445,6524200
2022-05-19,BCP,BCP.BK,29.297164916992188,4931300
2022-05-20,BCP,BCP.BK,28.875621795654297,8869000
2022-05-23,BCP,BCP.BK,28.45408058166504,8922100
2022-05-24,BCP,BCP.BK,27.400226593017578,10216900
2022-05-25,BCP,BCP.BK,27.400226593017578,15573700
2022-05-26,BCP,BCP.BK,27.400226593017578,15508400
2022-05-27,BCP,BCP.BK,27.189455032348633,17480600
2022-05-30,BCP,BCP.BK,26.978683471679688,6564900
2022-05-31,BCP,BCP.BK,27.82176971435547,11647600
2022-06-01,BCP,BCP.BK,27.610998153686523,6211500
2022-06-02,BCP,BCP.BK,27.82176971435547,7062000
2022-06-06,BCP,BCP.BK,28.032541275024414,3715300
2022-06-07,BCP,BCP.BK,28.875621795654297,13499700
2022-06-08,BCP,BCP.BK,29.507936477661133,7729000
2022-06-09,BCP,BCP.BK,29.507936477661133,8212200
2022-06-10,BCP,BCP.BK,28.875621795654297,7369700
2022-06-13,BCP,BCP.BK,26.767911911010742,25885500
2022-06-14,BCP,BCP.BK,27.400226593017578,14353900
2022-06-15,BCP,BCP.BK,27.610998153686523,7942800
2022-06-16,BCP,BCP.BK,27.189455032348633,12927000
2022-06-17,BCP,BCP.BK,24.660202026367188,27334400
2022-06-20,BCP,BCP.BK,24.870975494384766,9469300
2022-06-21,BCP,BCP.BK,25.71405601501465,10273300
2022-06-22,BCP,BCP.BK,26.135601043701172,13099200
2022-06-23,BCP,BCP.BK,26.55714225769043,7484200
2022-06-24,BCP,BCP.BK,26.135601043701172,9140800
2022-06-27,BCP,BCP.BK,25.71405601501465,3877700
2022-06-28,BCP,BCP.BK,26.767911911010742,7373900
2022-06-29,BCP,BCP.BK,26.978683471679688,6880700
2022-06-30,BCP,BCP.BK,26.346372604370117,7566600
2022-07-01,BCP,BCP.BK,26.346372604370117,2717800
2022-07-04,BCP,BCP.BK,26.346372604370117,2370700
2022-07-05,BCP,BCP.BK,26.135601043701172,4410700
2022-07-06,BCP,BCP.BK,25.924829483032227,6657000
2022-07-07,BCP,BCP.BK,26.346372604370117,7985900
2022-07-08,BCP,BCP.BK,25.924829483032227,2270200
2022-07-11,BCP,BCP.BK,25.924829483032227,3392700
2022-07-12,BCP,BCP.BK,26.135601043701172,4078900
2022-07-14,BCP,BCP.BK,25.081745147705078,6614100
2022-07-15,BCP,BCP.BK,24.449432373046875,7111300
2022-07-18,BCP,BCP.BK,24.870975494384766,5405800
2022-07-19,BCP,BCP.BK,25.29251480102539,5929000
2022-07-20,BCP,BCP.BK,25.081745147705078,4857200
2022-07-21,BCP,BCP.BK,25.081745147705078,4910200
2022-07-22,BCP,BCP.BK,24.449432373046875,7400200
2022-07-25,BCP,BCP.BK,24.449432373046875,3283900
2022-07-26,BCP,BCP.BK,24.660202026367188,8221400
2022-07-27,BCP,BCP.BK,24.870975494384766,8974200
2022-08-01,BCP,BCP.BK,24.870975494384766,11102300
2022-08-02,BCP,BCP.BK,25.081745147705078,3390600
2022-08-03,BCP,BCP.BK,25.50328826904297,4218100
2022-08-04,BCP,BCP.BK,24.870975494384766,12754700
2022-08-05,BCP,BCP.BK,24.449432373046875,9735900
2022-08-08,BCP,BCP.BK,24.449432373046875,5936400
2022-08-09,BCP,BCP.BK,24.870975494384766,6362000
2022-08-10,BCP,BCP.BK,25.50328826904297,16028100
2022-08-11,BCP,BCP.BK,25.29251480102539,11132400
2022-08-15,BCP,BCP.BK,25.924829483032227,7846800
2022-08-16,BCP,BCP.BK,26.55714225769043,11351000
2022-08-17,BCP,BCP.BK,27.400226593017578,11552700
2022-08-18,BCP,BCP.BK,27.610998153686523,9262800
2022-08-19,BCP,BCP.BK,28.032541275024414,7507300
2022-08-22,BCP,BCP.BK,28.24330711364746,6590100
2022-08-23,BCP,BCP.BK,28.664854049682617,7282800
2022-08-24,BCP,BCP.BK,29.507936477661133,9235300
2022-08-25,BCP,BCP.BK,29.718706130981445,6241600
2022-08-26,BCP,BCP.BK,30.14025115966797,11383000
2022-08-29,BCP,BCP.BK,30.561790466308594,10083300
2022-08-30,BCP,BCP.BK,30.983333587646484,10812500
2022-08-31,BCP,BCP.BK,30.765140533447266,10293800
2022-09-01,BCP,BCP.BK,30.110565185546875,7647000
2022-09-02,BCP,BCP.BK,30.546951293945312,4438300
2022-09-05,BCP,BCP.BK,30.328750610351562,4058000
2022-09-06,BCP,BCP.BK,30.110565185546875,4312400
2022-09-07,BCP,BCP.BK,28.801410675048828,7542400
2022-09-08,BCP,BCP.BK,28.583215713500977,6282000
2022-09-09,BCP,BCP.BK,29.019601821899414,4552600
2022-09-12,BCP,BCP.BK,29.019601821899414,1611400
2022-09-13,BCP,BCP.BK,28.801410675048828,2402100
2022-09-14,BCP,BCP.BK,28.365022659301758,3195200
2022-09-15,BCP,BCP.BK,28.146831512451172,2853400
2022-09-16,BCP,BCP.BK,27.710445404052734,4109800
2022-09-19,BCP,BCP.BK,27.27406120300293,4748500
2022-09-20,BCP,BCP.BK,27.49225425720215,2049500
2022-09-21,BCP,BCP.BK,27.928638458251953,5209900
2022-09-22,BCP,BCP.BK,27.710445404052734,3131800
2022-09-23,BCP,BCP.BK,27.49225425720215,4364100
2022-09-26,BCP,BCP.BK,27.05586814880371,4385400
2022-09-27,BCP,BCP.BK,26.40129280090332,4346100
2022-09-28,BCP,BCP.BK,25.746713638305664,4592600
2022-09-29,BCP,BCP.BK,25.96490478515625,3160700
2022-09-30,BCP,BCP.BK,25.746713638305664,3236200
2022-10-03,BCP,BCP.BK,25.96490478515625,4334200
2022-10-04,BCP,BCP.BK,26.1830997467041,4657800
2022-10-05,BCP,BCP.BK,26.40129280090332,5080100
2022-10-06,BCP,BCP.BK,27.05586814880371,5763000
2022-10-07,BCP,BCP.BK,26.837677001953125,3609600
2022-10-10,BCP,BCP.BK,26.837677001953125,4341000
2022-10-11,BCP,BCP.BK,26.1830997467041,2731700
2022-10-12,BCP,BCP.BK,26.1830997467041,3795100
2022-10-17,BCP,BCP.BK,25.528520584106445,5952900
2022-10-18,BCP,BCP.BK,25.746713638305664,5115000
2022-10-19,BCP,BCP.BK,25.746713638305664,3825500
2022-10-20,BCP,BCP.BK,27.05586814880371,5395800
2022-10-21,BCP,BCP.BK,26.1830997467041,3628300
2022-10-25,BCP,BCP.BK,25.96490478515625,3809300
2022-10-26,BCP,BCP.BK,26.40129280090332,5424000
2022-10-27,BCP,BCP.BK,26.40129280090332,3556300
2022-10-28,BCP,BCP.BK,26.1830997467041,2298900
2022-10-31,BCP,BCP.BK,26.619483947753906,3682800
2022-11-01,BCP,BCP.BK,27.05586814880371,4922500
2022-11-02,BCP,BCP.BK,28.146831512451172,10809400
2022-11-03,BCP,BCP.BK,28.365022659301758,5508600
2022-11-04,BCP,BCP.BK,29.23779296875,4207900
2022-11-07,BCP,BCP.BK,29.455984115600586,9046100
2022-11-08,BCP,BCP.BK,28.801410675048828,4800200
2022-11-09,BCP,BCP.BK,28.801410675048828,7295100
2022-11-10,BCP,BCP.BK,28.365022659301758,3402900
2022-11-11,BCP,BCP.BK,28.583215713500977,8923300
2022-11-14,BCP,BCP.BK,27.928638458251953,4035900
2022-11-15,BCP,BCP.BK,27.49225425720215,3465300
2022-11-16,BCP,BCP.BK,27.928638458251953,4475500
2022-11-17,BCP,BCP.BK,27.27406120300293,3217800
2022-11-18,BCP,BCP.BK,27.49225425720215,3281300
2022-11-21,BCP,BCP.BK,27.27406120300293,3418500
2022-11-22,BCP,BCP.BK,26.837677001953125,4465200
2022-11-23,BCP,BCP.BK,27.49225425720215,5324100
2022-11-24,BCP,BCP.BK,27.928638458251953,3611000
2022-11-25,BCP,BCP.BK,27.710445404052734,1606500
2022-11-28,BCP,BCP.BK,27.49225425720215,1945500
2022-11-29,BCP,BCP.BK,27.710445404052734,3435800
2022-11-30,BCP,BCP.BK,27.928638458251953,3767600
2022-12-01,BCP,BCP.BK,28.146831512451172,4076100
2022-12-02,BCP,BCP.BK,28.146831512451172,3525500
2022-12-06,BCP,BCP.BK,27.928638458251953,2270700
2022-12-07,BCP,BCP.BK,27.49225425720215,2177800
2022-12-08,BCP,BCP.BK,27.05586814880371,3444500
2022-12-09,BCP,BCP.BK,27.27406120300293,3786900
2022-12-13,BCP,BCP.BK,27.27406120300293,2046200
2022-12-14,BCP,BCP.BK,27.27406120300293,3089100
2022-12-15,BCP,BCP.BK,27.05586814880371,4191000
2022-12-16,BCP,BCP.BK,26.837677001953125,6890100
2022-12-19,BCP,BCP.BK,26.837677001953125,1661500
2022-12-20,BCP,BCP.BK,26.40129280090332,3736700
2022-12-21,BCP,BCP.BK,26.40129280090332,3588200
2022-12-22,BCP,BCP.BK,26.837677001953125,4863200
2022-12-23,BCP,BCP.BK,26.619483947753906,1860100
2022-12-26,BCP,BCP.BK,27.05586814880371,2148900
2022-12-27,BCP,BCP.BK,27.710445404052734,4563400
2022-12-28,BCP,BCP.BK,27.710445404052734,1199500
2022-12-29,BCP,BCP.BK,27.05586814880371,4117700
2022-12-30,BCP,BCP.BK,27.49225425720215,11967600
2023-01-03,BCP,BCP.BK,27.49225425720215,6258800
2023-01-04,BCP,BCP.BK,26.837677001953125,6197600
2023-01-05,BCP,BCP.BK,26.619483947753906,8520700
2023-01-06,BCP,BCP.BK,26.619483947753906,3642300
2023-01-09,BCP,BCP.BK,27.27406120300293,5221500
2023-01-10,BCP,BCP.BK,27.928638458251953,10763600
2023-01-11,BCP,BCP.BK,27.710445404052734,7966600
2023-01-12,BCP,BCP.BK,30.110565185546875,51670000
2023-01-13,BCP,BCP.BK,32.94706726074219,71641200
2023-01-16,BCP,BCP.BK,32.94706726074219,36374600
2023-01-17,BCP,BCP.BK,32.72887420654297,17508200
2023-01-18,BCP,BCP.BK,31.85610008239746,13600000
2023-01-19,BCP,BCP.BK,32.07429885864258,10266500
2023-01-20,BCP,BCP.BK,32.07429885864258,6763300
2023-01-23,BCP,BCP.BK,32.510677337646484,5285500
2023-01-24,BCP,BCP.BK,32.07429885864258,8314700
2023-01-25,BCP,BCP.BK,32.07429885864258,3232800
2023-01-26,BCP,BCP.BK,31.85610008239746,5381800
2023-01-27,BCP,BCP.BK,32.510677337646484,4953000
2023-01-30,BCP,BCP.BK,32.07429885864258,3171900
2023-01-31,BCP,BCP.BK,31.85610008239746,7099400
2023-02-01,BCP,BCP.BK,32.29248809814453,3237000
2023-02-02,BCP,BCP.BK,32.07429885864258,7994900
2023-02-03,BCP,BCP.BK,31.419721603393555,8486600
2023-02-06,BCP,BCP.BK,31.419721603393555,5634200
2023-02-07,BCP,BCP.BK,30.983333587646484,5800500
2023-02-08,BCP,BCP.BK,30.983333587646484,4792300
2023-02-09,BCP,BCP.BK,30.765140533447266,5585400
2023-02-10,BCP,BCP.BK,30.983333587646484,2534400
2023-02-13,BCP,BCP.BK,31.419721603393555,3516800
2023-02-14,BCP,BCP.BK,30.765140533447266,7364000
2023-02-15,BCP,BCP.BK,30.765140533447266,7443300
2023-02-16,BCP,BCP.BK,29.892372131347656,8708400
2023-02-17,BCP,BCP.BK,29.67418098449707,9142900
2023-02-20,BCP,BCP.BK,30.110565185546875,3564800
2023-02-21,BCP,BCP.BK,30.765140533447266,9698100
2023-02-22,BCP,BCP.BK,30.328750610351562,4515700
2023-02-23,BCP,BCP.BK,29.23779296875,8842900
2023-02-24,BCP,BCP.BK,29.23779296875,7630400
2023-02-27,BCP,BCP.BK,29.67418098449707,4610800
2023-02-28,BCP,BCP.BK,28.146831512451172,22603700
2023-03-01,BCP,BCP.BK,28.365022659301758,8260500
2023-03-02,BCP,BCP.BK,29.23779296875,10249800
2023-03-03,BCP,BCP.BK,28.787979125976562,6335100
2023-03-07,BCP,BCP.BK,28.787979125976562,7590900
2023-03-08,BCP,BCP.BK,29.237791061401367,8399100
2023-03-09,BCP,BCP.BK,28.787979125976562,7053200
2023-03-10,BCP,BCP.BK,28.563074111938477,2424500
2023-03-13,BCP,BCP.BK,28.563074111938477,8064400
2023-03-14,BCP,BCP.BK,26.988733291625977,13225400
2023-03-15,BCP,BCP.BK,27.663450241088867,10051700
2023-03-16,BCP,BCP.BK,26.763826370239258,10932500
2023-03-17,BCP,BCP.BK,27.213638305664062,9726600
2023-03-20,BCP,BCP.BK,26.988733291625977,7140800
2023-03-21,BCP,BCP.BK,27.213638305664062,6800700
2023-03-22,BCP,BCP.BK,27.88835906982422,8200100
2023-03-23,BCP,BCP.BK,28.113262176513672,5196800
2023-03-24,BCP,BCP.BK,27.663450241088867,7307200
2023-03-27,BCP,BCP.BK,28.113262176513672,6749100
2023-03-28,BCP,BCP.BK,28.787979125976562,6301400
2023-03-29,BCP,BCP.BK,28.787979125976562,6637300
2023-03-30,BCP,BCP.BK,28.338171005249023,6188900
2023-03-31,BCP,BCP.BK,27.88835906982422,6878300
2023-04-03,BCP,BCP.BK,29.687606811523438,17162900
2023-04-04,BCP,BCP.BK,28.787979125976562,9452400
2023-04-05,BCP,BCP.BK,28.113262176513672,6103700
2023-04-07,BCP,BCP.BK,28.113262176513672,1651700
2023-04-10,BCP,BCP.BK,28.338171005249023,5046100
2023-04-11,BCP,BCP.BK,28.787979125976562,7209300
2023-04-12,BCP,BCP.BK,28.563074111938477,4507200
2023-04-17,BCP,BCP.BK,28.563074111938477,3919200
2023-04-18,BCP,BCP.BK,27.663450241088867,12059800
2023-04-19,BCP,BCP.BK,27.663450241088867,6092700
2023-04-20,BCP,BCP.BK,27.213638305664062,4175100
2023-04-21,BCP,BCP.BK,27.43854522705078,7500400
2023-04-24,BCP,BCP.BK,27.663450241088867,2809500
2023-04-25,BCP,BCP.BK,26.763826370239258,8361400
2023-04-26,BCP,BCP.BK,26.53891944885254,4081300
2023-04-27,BCP,BCP.BK,26.763826370239258,6989000
2023-04-28,BCP,BCP.BK,27.213638305664062,5260900
2023-05-02,BCP,BCP.BK,26.763826370239258,8521900
2023-05-03,BCP,BCP.BK,26.31401252746582,11369100
2023-05-08,BCP,BCP.BK,27.213638305664062,4461400
2023-05-09,BCP,BCP.BK,27.88835906982422,6730300
2023-05-10,BCP,BCP.BK,27.663450241088867,3244700
2023-05-11,BCP,BCP.BK,27.88835906982422,5316200
2023-05-12,BCP,BCP.BK,28.338171005249023,4446000
2023-05-15,BCP,BCP.BK,28.113262176513672,3469700
2023-05-16,BCP,BCP.BK,28.338171005249023,4401100
2023-05-17,BCP,BCP.BK,27.663450241088867,4786100
2023-05-18,BCP,BCP.BK,27.88835906982422,3801800
2023-05-19,BCP,BCP.BK,27.663450241088867,3144100
2023-05-22,BCP,BCP.BK,27.88835906982422,4550200
2023-05-23,BCP,BCP.BK,28.563074111938477,6555500
2023-05-24,BCP,BCP.BK,28.787979125976562,4148000
2023-05-25,BCP,BCP.BK,28.563074111938477,5245200
2023-05-26,BCP,BCP.BK,28.338171005249023,5602700
2023-05-29,BCP,BCP.BK,28.563074111938477,2946700
2023-05-30,BCP,BCP.BK,28.563074111938477,3591100
2023-05-31,BCP,BCP.BK,28.787979125976562,3108300
2023-06-01,BCP,BCP.BK,29.012887954711914,3966500
2023-06-02,BCP,BCP.BK,29.91251564025879,12227100
2023-06-06,BCP,BCP.BK,28.338171005249023,17465100
2023-06-07,BCP,BCP.BK,28.563074111938477,6449000
2023-06-08,BCP,BCP.BK,29.91251564025879,10090100
2023-06-09,BCP,BCP.BK,31.03704261779785,10899500
2023-06-12,BCP,BCP.BK,31.03704261779785,4983300
2023-06-13,BCP,BCP.BK,31.93666648864746,10227600
2023-06-14,BCP,BCP.BK,31.711759567260742,2835600
2023-06-15,BCP,BCP.BK,31.486854553222656,6330600
2023-06-16,BCP,BCP.BK,32.16157531738281,9120300
2023-06-19,BCP,BCP.BK,31.711759567260742,2996500
2023-06-20,BCP,BCP.BK,31.93666648864746,6590900
2023-06-21,BCP,BCP.BK,32.386478424072266,7895700
2023-06-22,BCP,BCP.BK,32.16157531738281,4798700
2023-06-23,BCP,BCP.BK,31.93666648864746,3833500
2023-06-26,BCP,BCP.BK,31.03704261779785,11181600
2023-06-27,BCP,BCP.BK,31.03704261779785,3857300
2023-06-28,BCP,BCP.BK,31.261945724487305,5676800
2023-06-29,BCP,BCP.BK,32.61138153076172,9791400
2023-06-30,BCP,BCP.BK,32.83628845214844,5597800
2023-07-03,BCP,BCP.BK,32.61138153076172,2960500
2023-07-04,BCP,BCP.BK,32.61138153076172,3922200
2023-07-05,BCP,BCP.BK,33.286102294921875,4729700
2023-07-06,BCP,BCP.BK,32.83628845214844,3766500
2023-07-07,BCP,BCP.BK,32.83628845214844,2588200
2023-07-10,BCP,BCP.BK,33.51100540161133,9531600
2023-07-11,BCP,BCP.BK,33.960819244384766,7268500
2023-07-12,BCP,BCP.BK,34.41063690185547,14685800
2023-07-13,BCP,BCP.BK,34.41063690185547,4538000
2023-07-14,BCP,BCP.BK,34.635536193847656,4285300
2023-07-17,BCP,BCP.BK,34.635536193847656,4131100
2023-07-18,BCP,BCP.BK,34.860443115234375,6763900
2023-07-19,BCP,BCP.BK,34.635536193847656,5302500
2023-07-20,BCP,BCP.BK,33.286102294921875,13198000
2023-07-21,BCP,BCP.BK,33.960819244384766,9214700
2023-07-24,BCP,BCP.BK,33.960819244384766,4644300
2023-07-25,BCP,BCP.BK,34.635536193847656,6055700
2023-07-26,BCP,BCP.BK,34.185726165771484,1997600
2023-07-27,BCP,BCP.BK,34.185726165771484,3742600
2023-07-31,BCP,BCP.BK,34.41063690185547,1016800
2023-08-02,BCP,BCP.BK,35.53516387939453,12162500
2023-08-03,BCP,BCP.BK,35.085350036621094,5790700
2023-08-04,BCP,BCP.BK,35.31026077270508,4487500
2023-08-07,BCP,BCP.BK,35.760066986083984,5390300
2023-08-08,BCP,BCP.BK,35.31026077270508,2956600
2023-08-09,BCP,BCP.BK,35.31026077270508,13902600
2023-08-10,BCP,BCP.BK,34.185726165771484,12266400
2023-08-11,BCP,BCP.BK,34.635536193847656,9902800
2023-08-15,BCP,BCP.BK,34.41063690185547,12135800
2023-08-16,BCP,BCP.BK,34.185726165771484,6622900
2023-08-17,BCP,BCP.BK,33.73591232299805,7153700
2023-08-18,BCP,BCP.BK,34.185726165771484,7342800
2023-08-21,BCP,BCP.BK,34.41063690185547,3023700
2023-08-22,BCP,BCP.BK,34.41063690185547,3758900
2023-08-23,BCP,BCP.BK,34.185726165771484,5819700
2023-08-24,BCP,BCP.BK,33.51100540161133,6411600
2023-08-25,BCP,BCP.BK,33.73591232299805,4377200
2023-08-28,BCP,BCP.BK,35.085350036621094,7459200
2023-08-29,BCP,BCP.BK,35.760066986083984,15161900
2023-08-30,BCP,BCP.BK,35.53516387939453,13234000
2023-08-31,BCP,BCP.BK,34.860443115234375,14525200
2023-09-01,BCP,BCP.BK,34.860443115234375,4457500
2023-09-04,BCP,BCP.BK,34.635536193847656,5615800
2023-09-05,BCP,BCP.BK,34.185726165771484,2660000
2023-09-06,BCP,BCP.BK,34.641536712646484,3309700
2023-09-07,BCP,BCP.BK,34.641536712646484,3963300
2023-09-08,BCP,BCP.BK,34.641536712646484,2151400
2023-09-11,BCP,BCP.BK,33.95782470703125,4800700
2023-09-12,BCP,BCP.BK,35.097347259521484,4059000
2023-09-13,BCP,BCP.BK,36.008968353271484,8200700
2023-09-14,BCP,BCP.BK,36.23686981201172,7070100
2023-09-15,BCP,BCP.BK,37.148494720458984,10509800
2023-09-18,BCP,BCP.BK,36.92058563232422,4877900
2023-09-19,BCP,BCP.BK,37.37639236450195,7218800
2023-09-20,BCP,BCP.BK,36.46477508544922,8016500
2023-09-21,BCP,BCP.BK,36.46477508544922,4258600
2023-09-22,BCP,BCP.BK,37.60430145263672,8743700
2023-09-25,BCP,BCP.BK,37.60430145263672,5213300
2023-09-26,BCP,BCP.BK,37.37639236450195,2105500
2023-09-27,BCP,BCP.BK,37.37639236450195,2356800
2023-09-28,BCP,BCP.BK,37.83220291137695,5313600
2023-09-29,BCP,BCP.BK,37.37639236450195,3090200
2023-10-02,BCP,BCP.BK,37.37639236450195,5574100
2023-10-03,BCP,BCP.BK,36.46477508544922,5892200
2023-10-04,BCP,BCP.BK,36.23686981201172,5526800
2023-10-05,BCP,BCP.BK,35.553157806396484,5864300
2023-10-06,BCP,BCP.BK,34.641536712646484,4872800
2023-10-09,BCP,BCP.BK,35.097347259521484,7306100
2023-10-10,BCP,BCP.BK,36.46477508544922,7022700
2023-10-11,BCP,BCP.BK,36.23686981201172,3781700
2023-10-12,BCP,BCP.BK,36.692684173583984,2959600
2023-10-16,BCP,BCP.BK,36.46477508544922,4678800
2023-10-17,BCP,BCP.BK,37.148494720458984,6061900
2023-10-18,BCP,BCP.BK,36.92058563232422,3255400
2023-10-19,BCP,BCP.BK,37.148494720458984,3730600
2023-10-20,BCP,BCP.BK,36.46477508544922,6319800
2023-10-24,BCP,BCP.BK,36.23686981201172,2906900
2023-10-25,BCP,BCP.BK,36.23686981201172,5704800
2023-10-26,BCP,BCP.BK,36.46477508544922,5982800
2023-10-27,BCP,BCP.BK,36.23686981201172,9434900
2023-10-30,BCP,BCP.BK,37.148494720458984,4969500
2023-10-31,BCP,BCP.BK,37.60430145263672,5772700
2023-11-01,BCP,BCP.BK,35.32524871826172,13256400
2023-11-02,BCP,BCP.BK,36.692684173583984,6982000
2023-11-03,BCP,BCP.BK,36.92058563232422,7007400
2023-11-06,BCP,BCP.BK,36.92058563232422,1933500
2023-11-07,BCP,BCP.BK,37.148494720458984,2874900
2023-11-08,BCP,BCP.BK,37.148494720458984,8726100
2023-11-09,BCP,BCP.BK,36.23686981201172,9382700
2023-11-10,BCP,BCP.BK,37.83220291137695,14065800
2023-11-13,BCP,BCP.BK,38.28801727294922,8178800
2023-11-14,BCP,BCP.BK,39.88335037231445,12432100
2023-11-15,BCP,BCP.BK,40.33916091918945,13382900
2023-11-16,BCP,BCP.BK,39.88335037231445,5934000
2023-11-17,BCP,BCP.BK,38.97172546386719,10154700
2023-11-20,BCP,BCP.BK,40.33916091918945,4920900
2023-11-21,BCP,BCP.BK,40.11125183105469,6064500
2023-11-22,BCP,BCP.BK,40.56706619262695,3795000
2023-11-23,BCP,BCP.BK,40.79496765136719,3000500
2023-11-24,BCP,BCP.BK,40.56706619262695,3537800
2023-11-27,BCP,BCP.BK,40.33916091918945,3775700
2023-11-28,BCP,BCP.BK,40.33916091918945,4875900
2023-11-29,BCP,BCP.BK,40.33916091918945,3649000
2023-11-30,BCP,BCP.BK,39.65544128417969,6768500
2023-12-01,BCP,BCP.BK,39.88335037231445,2694300
2023-12-04,BCP,BCP.BK,39.19963455200195,2089800
2023-12-06,BCP,BCP.BK,40.33916091918945,3861600
2023-12-07,BCP,BCP.BK,38.97172546386719,3902200
2023-12-08,BCP,BCP.BK,38.74382400512695,2814200
2023-12-12,BCP,BCP.BK,38.97172546386719,3257200
2023-12-13,BCP,BCP.BK,38.74382400512695,5642900
2023-12-14,BCP,BCP.BK,38.74382400512695,3796500
2023-12-15,BCP,BCP.BK,38.74382400512695,9182900
2023-12-18,BCP,BCP.BK,38.97172546386719,2808500
2023-12-19,BCP,BCP.BK,38.74382400512695,2057700
2023-12-20,BCP,BCP.BK,40.33916091918945,6878000
2023-12-21,BCP,BCP.BK,39.65544128417969,5354000
2023-12-22,BCP,BCP.BK,39.88335037231445,1375900
2023-12-25,BCP,BCP.BK,39.88335037231445,1049200
2023-12-26,BCP,BCP.BK,39.42754364013672,1830600
2023-12-27,BCP,BCP.BK,39.65544128417969,946000
2023-12-28,BCP,BCP.BK,39.65544128417969,1122100
2024-01-03,BCP,BCP.BK,36.46477508544922,16868000
2024-01-04,BCP,BCP.BK,36.92058563232422,5096000
2024-01-05,BCP,BCP.BK,36.46477508544922,5004800
2024-01-08,BCP,BCP.BK,37.37639236450195,9892300
2024-01-09,BCP,BCP.BK,37.37639236450195,5185800
2024-01-10,BCP,BCP.BK,37.60430145263672,5240400
2024-01-11,BCP,BCP.BK,36.92058563232422,3040200
2024-01-12,BCP,BCP.BK,37.148494720458984,5805300
2024-01-15,BCP,BCP.BK,36.692684173583984,2452800
2024-01-16,BCP,BCP.BK,36.692684173583984,2302300
2024-01-17,BCP,BCP.BK,36.692684173583984,2307600
2024-01-18,BCP,BCP.BK,36.692684173583984,4014400
2024-01-19,BCP,BCP.BK,36.92058563232422,4686000
2024-01-22,BCP,BCP.BK,36.92058563232422,3144100
2024-01-23,BCP,BCP.BK,36.92058563232422,4657600
2024-01-24,BCP,BCP.BK,37.37639236450195,7292500
2024-01-25,BCP,BCP.BK,37.83220291137695,2097500
2024-01-26,BCP,BCP.BK,37.37639236450195,1268300
2024-01-29,BCP,BCP.BK,37.83220291137695,4432800
2024-01-30,BCP,BCP.BK,38.06010818481445,3897600
2024-01-31,BCP,BCP.BK,38.28801727294922,5774400
2024-02-01,BCP,BCP.BK,38.06010818481445,2653900
2024-02-02,BCP,BCP.BK,38.28801727294922,5055900
2024-02-05,BCP,BCP.BK,38.51591491699219,2810900
2024-02-06,BCP,BCP.BK,38.74382400512695,4279800
2024-02-07,BCP,BCP.BK,38.97172546386719,5635000
2024-02-08,BCP,BCP.BK,39.65544128417969,8123800
2024-02-09,BCP,BCP.BK,39.42754364013672,5230200
2024-02-12,BCP,BCP.BK,39.42754364013672,6007600
2024-02-13,BCP,BCP.BK,39.19963455200195,4001400
2024-02-14,BCP,BCP.BK,39.65544128417969,3823400
2024-02-15,BCP,BCP.BK,39.65544128417969,3343400
2024-02-16,BCP,BCP.BK,41.02287292480469,6312700
2024-02-19,BCP,BCP.BK,40.79496765136719,7039300
2024-02-20,BCP,BCP.BK,39.65544128417969,3467000
2024-02-21,BCP,BCP.BK,39.65544128417969,9243600
2024-02-22,BCP,BCP.BK,39.65544128417969,4993900
2024-02-23,BCP,BCP.BK,39.65544128417969,8864900
2024-02-27,BCP,BCP.BK,39.65544128417969,9693200
2024-02-28,BCP,BCP.BK,39.65544128417969,12927200
2024-02-29,BCP,BCP.BK,37.83220291137695,15017400
2024-03-01,BCP,BCP.BK,38.28801727294922,9330300
2024-03-04,BCP,BCP.BK,40.11125183105469,7664900
2024-03-05,BCP,BCP.BK,39.19963455200195,8402800
2024-03-06,BCP,BCP.BK,40.38034439086914,9531200
2024-03-07,BCP,BCP.BK,40.38034439086914,6359700
2024-03-08,BCP,BCP.BK,40.38034439086914,3867900
2024-03-11,BCP,BCP.BK,40.144203186035156,3246000
2024-03-12,BCP,BCP.BK,40.144203186035156,0
2024-03-13,BCP,BCP.BK,40.61648941040039,6249100
2024-03-14,BCP,BCP.BK,41.797203063964844,8724800
2024-03-15,BCP,BCP.BK,41.797203063964844,0
2024-03-18,BCP,BCP.BK,41.08877182006836,5312500
2024-03-19,BCP,BCP.BK,40.38034439086914,7943200
2024-03-20,BCP,BCP.BK,40.38034439086914,0
2024-03-21,BCP,BCP.BK,44.158626556396484,15540700
2024-03-22,BCP,BCP.BK,44.158626556396484,0
2024-03-25,BCP,BCP.BK,41.561058044433594,7464200
2024-03-26,BCP,BCP.BK,41.561058044433594,0
2024-03-27,BCP,BCP.BK,42.033348083496094,3909400
2024-03-28,BCP,BCP.BK,42.033348083496094,0
2024-03-29,BCP,BCP.BK,42.97791290283203,3551600
2024-04-01,BCP,BCP.BK,41.797203063964844,3865800
2024-04-02,BCP,BCP.BK,42.5056266784668,9711000
2024-04-03,BCP,BCP.BK,42.26948547363281,7244800
2024-04-04,BCP,BCP.BK,42.5056266784668,5814700
2024-04-05,BCP,BCP.BK,42.97791290283203,4301500
2024-04-09,BCP,BCP.BK,42.97791290283203,4778900
2024-04-10,BCP,BCP.BK,42.033348083496094,6047800
2024-04-11,BCP,BCP.BK,41.797203063964844,4427500
2024-04-17,BCP,BCP.BK,41.797203063964844,0
2024-04-18,BCP,BCP.BK,41.797203063964844,0
2024-04-19,BCP,BCP.BK,41.797203063964844,0
2024-04-22,BCP,BCP.BK,40.85263442993164,8702700
2024-04-23,BCP,BCP.BK,41.797203063964844,3250700
2024-04-24,BCP,BCP.BK,41.797203063964844,0
2024-04-25,BCP,BCP.BK,41.797203063964844,2870700
2024-04-26,BCP,BCP.BK,40.144203186035156,6963900
2024-04-29,BCP,BCP.BK,40.61648941040039,6382400
2024-04-30,BCP,BCP.BK,40.61648941040039,0
2024-05-02,BCP,BCP.BK,38.25506591796875,9163700
2024-05-03,BCP,BCP.BK,39.19963455200195,6513800
2024-05-07,BCP,BCP.BK,39.19963455200195,0
2024-05-08,BCP,BCP.BK,38.96349334716797,5161400
2024-05-09,BCP,BCP.BK,39.43577575683594,4830200
2024-05-10,BCP,BCP.BK,38.96349334716797,8872700
2024-05-13,BCP,BCP.BK,38.96349334716797,5866600
2024-05-14,BCP,BCP.BK,38.4912109375,8872900
2024-05-15,BCP,BCP.BK,38.4912109375,0
2024-05-16,BCP,BCP.BK,38.4912109375,0
2024-05-17,BCP,BCP.BK,38.018924713134766,6316300
2024-05-20,BCP,BCP.BK,38.018924713134766,0
2024-05-21,BCP,BCP.BK,38.018924713134766,0
2024-05-23,BCP,BCP.BK,36.36592483520508,8914800
2024-05-24,BCP,BCP.BK,36.36592483520508,0
2024-05-27,BCP,BCP.BK,36.36592483520508,0
2024-05-28,BCP,BCP.BK,37.782779693603516,2355200
2024-05-29,BCP,BCP.BK,37.54663848876953,4590600
2024-05-30,BCP,BCP.BK,37.54663848876953,0
2024-05-31,BCP,BCP.BK,37.54663848876953,0
2024-06-04,BCP,BCP.BK,35.657501220703125,5587600
2024-06-05,BCP,BCP.BK,35.657501220703125,0
2024-06-06,BCP,BCP.BK,34.47678756713867,11249200
2024-06-07,BCP,BCP.BK,34.47678756713867,0
2024-06-10,BCP,BCP.BK,34.00450134277344,12592100
2024-06-11,BCP,BCP.BK,34.00450134277344,0
2024-06-12,BCP,BCP.BK,33.76836013793945,6949300
2024-06-13,BCP,BCP.BK,34.00450134277344,6935300
2024-06-14,BCP,BCP.BK,33.53221893310547,4272200
2024-06-17,BCP,BCP.BK,33.53221893310547,4380500
2024-06-18,BCP,BCP.BK,33.53221893310547,0
2024-06-19,BCP,BCP.BK,33.53221893310547,0
2024-06-20,BCP,BCP.BK,35.421356201171875,5930700
2024-06-21,BCP,BCP.BK,35.657501220703125,15060800
2024-06-24,BCP,BCP.BK,35.657501220703125,0
2024-06-25,BCP,BCP.BK,35.657501220703125,0
2024-06-26,BCP,BCP.BK,35.657501220703125,0
2024-06-27,BCP,BCP.BK,35.421356201171875,7000100
2024-06-28,BCP,BCP.BK,35.421356201171875,18215400
2024-07-01,BCP,BCP.BK,35.421356201171875,0
2024-07-02,BCP,BCP.BK,35.421356201171875,0
2024-07-03,BCP,BCP.BK,36.60206604003906,9747800
2024-07-04,BCP,BCP.BK,36.129783630371094,5620400
2024-07-05,BCP,BCP.BK,37.782779693603516,11684300
2024-07-08,BCP,BCP.BK,37.31049728393555,4616100
2024-07-09,BCP,BCP.BK,37.31049728393555,0
2024-07-10,BCP,BCP.BK,35.657501220703125,7604600
2024-07-11,BCP,BCP.BK,35.657501220703125,0
2024-07-12,BCP,BCP.BK,35.657501220703125,0
2024-07-15,BCP,BCP.BK,35.657501220703125,0
2024-07-16,BCP,BCP.BK,34.24064254760742,10029100
2024-07-17,BCP,BCP.BK,34.24064254760742,0
2024-07-18,BCP,BCP.BK,34.00450134277344,9529700
2024-07-19,BCP,BCP.BK,34.00450134277344,0
2024-07-23,BCP,BCP.BK,32.11536407470703,10805100
2024-07-24,BCP,BCP.BK,32.11536407470703,12822200
2024-07-25,BCP,BCP.BK,30.934650421142578,13332800
2024-07-26,BCP,BCP.BK,30.226224899291992,18847400
2024-07-30,BCP,BCP.BK,30.226224899291992,0
2024-07-31,BCP,BCP.BK,29.75394058227539,19285200
2024-08-01,BCP,BCP.BK,31.643077850341797,27125400
2024-08-02,BCP,BCP.BK,31.643077850341797,0
2024-08-05,BCP,BCP.BK,31.643077850341797,21611700
2024-08-06,BCP,BCP.BK,33.05992889404297,32601100
2024-08-07,BCP,BCP.BK,31.643077850341797,12246000
2024-08-08,BCP,BCP.BK,31.643077850341797,0
2024-08-09,BCP,BCP.BK,31.643077850341797,27753300
2024-08-13,BCP,BCP.BK,32.35150909423828,14530100
2024-08-14,BCP,BCP.BK,31.170795440673828,21449100
2024-08-15,BCP,BCP.BK,31.170795440673828,0
2024-08-16,BCP,BCP.BK,30.69850730895996,7531800
2024-08-19,BCP,BCP.BK,31.643077850341797,6536200
2024-08-20,BCP,BCP.BK,31.643077850341797,5971700
2024-08-21,BCP,BCP.BK,32.35150909423828,12474800
2024-08-22,BCP,BCP.BK,32.35150909423828,0
2024-08-23,BCP,BCP.BK,33.53221893310547,13879400
2024-08-26,BCP,BCP.BK,34.71293258666992,11213800
2024-08-27,BCP,BCP.BK,34.71293258666992,17223300
2024-08-28,BCP,BCP.BK,34.24064254760742,6756400
2024-08-29,BCP,BCP.BK,34.71293258666992,7827200
2024-08-30,BCP,BCP.BK,35.18521499633789,12268100
2024-09-02,BCP,BCP.BK,35.18521499633789,0
2024-09-03,BCP,BCP.BK,35.18521499633789,0
2024-09-04,BCP,BCP.BK,35.761234283447266,0
2024-09-05,BCP,BCP.BK,36.001243591308594,13116300
2024-09-06,BCP,BCP.BK,36.72126770019531,12047300
2024-09-09,BCP,BCP.BK,36.72126770019531,0
2024-09-10,BCP,BCP.BK,36.72126770019531,13285000
2024-09-11,BCP,BCP.BK,36.001243591308594,23114700
2024-09-12,BCP,BCP.BK,36.001243591308594,6966400
2024-09-13,BCP,BCP.BK,35.5212287902832,10257700
2024-09-16,BCP,BCP.BK,35.5212287902832,0
2024-09-17,BCP,BCP.BK,35.5212287902832,0
2024-09-18,BCP,BCP.BK,35.5212287902832,0
2024-09-19,BCP,BCP.BK,35.5212287902832,0
2024-09-20,BCP,BCP.BK,35.281219482421875,16059000
2024-09-23,BCP,BCP.BK,35.281219482421875,6900400
2024-09-24,BCP,BCP.BK,36.481258392333984,15141900
2024-09-25,BCP,BCP.BK,36.961273193359375,16453100
2024-09-26,BCP,BCP.BK,36.001243591308594,12361800
2024-09-27,BCP,BCP.BK,36.001243591308594,0
2024-09-30,BCP,BCP.BK,35.761234283447266,5048200
2024-10-01,BCP,BCP.BK,35.761234283447266,0
2024-10-02,BCP,BCP.BK,35.04121017456055,23311800
2024-10-03,BCP,BCP.BK,34.80120086669922,13241600
2024-10-04,BCP,BCP.BK,34.80120086669922,0
2024-10-07,BCP,BCP.BK,36.241249084472656,12913900
2024-10-08,BCP,BCP.BK,35.761234283447266,12040300
2024-10-09,BCP,BCP.BK,35.281219482421875,8670000
2024-10-10,BCP,BCP.BK,35.281219482421875,9136100
2024-10-11,BCP,BCP.BK,35.281219482421875,0
2024-10-15,BCP,BCP.BK,34.56119155883789,5085700
2024-10-16,BCP,BCP.BK,34.56119155883789,0
2024-10-17,BCP,BCP.BK,34.56119155883789,0
2024-10-18,BCP,BCP.BK,34.0811767578125,4347300
2024-10-21,BCP,BCP.BK,33.601158142089844,5541800
2024-10-22,BCP,BCP.BK,33.601158142089844,0
2024-10-24,BCP,BCP.BK,31.92110252380371,13021000
2024-10-25,BCP,BCP.BK,31.92110252380371,0
2024-10-28,BCP,BCP.BK,31.681095123291016,8089000
2024-10-29,BCP,BCP.BK,31.681095123291016,0
2024-10-30,BCP,BCP.BK,31.441085815429688,5605200
2024-10-31,BCP,BCP.BK,32.881134033203125,6198800
2024-11-01,BCP,BCP.BK,32.881134033203125,0
2024-11-04,BCP,BCP.BK,33.12114334106445,8384200
2024-11-05,BCP,BCP.BK,33.12114334106445,6274100
2024-11-06,BCP,BCP.BK,32.64112854003906,5224500
2024-11-07,BCP,BCP.BK,31.681095123291016,8503900
2024-11-08,BCP,BCP.BK,31.92110252380371,2443900
2024-11-11,BCP,BCP.BK,31.441085815429688,2766000
2024-11-12,BCP,BCP.BK,30.241043090820312,9035500
2024-11-13,BCP,BCP.BK,29.521018981933594,11729800
2024-11-14,BCP,BCP.BK,29.281009674072266,11547300
2024-11-15,BCP,BCP.BK,28.080968856811523,25542600
2024-11-18,BCP,BCP.BK,29.281009674072266,10536200
2024-11-19,BCP,BCP.BK,30.961069107055664,13981000
2024-11-20,BCP,BCP.BK,31.441085815429688,7706600
2024-11-21,BCP,BCP.BK,31.20107650756836,6647100
2024-11-22,BCP,BCP.BK,31.20107650756836,6594300
2024-11-25,BCP,BCP.BK,29.521018981933594,20856400
2024-11-26,BCP,BCP.BK,30.001035690307617,15799600
2024-11-27,BCP,BCP.BK,28.560985565185547,13044200
2024-11-28,BCP,BCP.BK,28.32097816467285,19881600
2024-11-29,BCP,BCP.BK,29.521018981933594,12282400
2024-12-02,BCP,BCP.BK,29.521018981933594,8526300
2024-12-03,BCP,BCP.BK,30.481050491333008,6866600
2024-12-04,BCP,BCP.BK,30.241043090820312,6221000
2024-12-06,BCP,BCP.BK,30.481050491333008,7236100
2024-12-09,BCP,BCP.BK,30.721059799194336,4722300
2024-12-11,BCP,BCP.BK,29.521018981933594,8479700
2024-12-12,BCP,BCP.BK,28.32097816467285,18257500
2024-12-13,BCP,BCP.BK,28.080968856811523,6397800
2024-12-16,BCP,BCP.BK,28.560985565185547,10131500
2024-12-17,BCP,BCP.BK,27.360944747924805,10287500
2024-12-18,BCP,BCP.BK,25.920894622802734,19741300
2024-12-19,BCP,BCP.BK,28.560985565185547,60703700
2024-12-20,BCP,BCP.BK,29.521018981933594,29039300
2024-12-23,BCP,BCP.BK,29.521018981933594,12473900
2024-12-24,BCP,BCP.BK,30.241043090820312,16416700
2024-12-25,BCP,BCP.BK,33.12114334106445,35945200
2024-12-26,BCP,BCP.BK,33.361148834228516,16864100
2024-12-27,BCP,BCP.BK,33.84116744995117,17375400
2024-12-30,BCP,BCP.BK,34.56119155883789,32139700
2025-01-02,BCP,BCP.BK,33.601158142089844,15717400
2025-01-03,BCP,BCP.BK,33.361148834228516,8222200
2025-01-06,BCP,BCP.BK,32.401119232177734,9605000
2025-01-07,BCP,BCP.BK,32.64112854003906,11018600
2025-01-08,BCP,BCP.BK,32.64112854003906,5350700
2025-01-09,BCP,BCP.BK,32.161109924316406,5615600
2025-01-10,BCP,BCP.BK,31.92110252380371,6718800
2025-01-13,BCP,BCP.BK,31.92110252380371,5083100
2025-01-14,BCP,BCP.BK,32.161109924316406,10886500
2025-01-15,BCP,BCP.BK,32.401119232177734,4565300
2025-01-16,BCP,BCP.BK,31.92110252380371,5450800
2025-01-17,BCP,BCP.BK,32.64112854003906,5265200
2025-01-20,BCP,BCP.BK,33.12114334106445,10963500
2025-01-21,BCP,BCP.BK,32.161109924316406,8923700
2025-01-22,BCP,BCP.BK,33.361148834228516,15547200
2025-01-23,BCP,BCP.BK,32.64112854003906,5786600
2025-01-24,BCP,BCP.BK,34.0811767578125,16980700
2025-01-27,BCP,BCP.BK,34.0811767578125,3024600
2025-01-28,BCP,BCP.BK,34.80120086669922,5853300
2025-01-29,BCP,BCP.BK,34.56119155883789,18099000
2025-01-30,BCP,BCP.BK,33.601158142089844,6726100
2025-01-31,BCP,BCP.BK,33.12114334106445,12416300
2025-02-03,BCP,BCP.BK,34.32118606567383,18787200
2025-02-04,BCP,BCP.BK,33.84116744995117,6357400
2025-02-05,BCP,BCP.BK,34.32118606567383,8097100
2025-02-06,BCP,BCP.BK,33.361148834228516,8977900
2025-02-07,BCP,BCP.BK,34.32118606567383,16108300
2025-02-10,BCP,BCP.BK,33.84116744995117,4759400
2025-02-11,BCP,BCP.BK,34.80120086669922,9917900
2025-02-13,BCP,BCP.BK,36.001243591308594,19580400
2025-02-14,BCP,BCP.BK,36.481258392333984,17498900
2025-02-17,BCP,BCP.BK,36.241249084472656,4175800
2025-02-18,BCP,BCP.BK,35.5212287902832,8861600
2025-02-19,BCP,BCP.BK,35.761234283447266,8302900
2025-02-20,BCP,BCP.BK,35.04121017456055,5849400
2025-02-21,BCP,BCP.BK,34.32118606567383,31052000
2025-02-24,BCP,BCP.BK,35.761234283447266,27762700
2025-02-25,BCP,BCP.BK,35.281219482421875,25173500
2025-02-26,BCP,BCP.BK,36.241249084472656,10395400
2025-02-27,BCP,BCP.BK,36.241249084472656,7798300
2025-02-28,BCP,BCP.BK,36.961273193359375,19298000
2025-03-03,BCP,BCP.BK,36.481258392333984,9864100
2025-03-04,BCP,BCP.BK,36.481258392333984,7110900
2025-03-05,BCP,BCP.BK,36.961273193359375,126095085
2025-03-06,BCP,BCP.BK,36.72126770019531,8834300
2025-03-07,BCP,BCP.BK,36.72126770019531,6267600
2025-03-10,BCP,BCP.BK,36.001243591308594,3562100
2025-03-11,BCP,BCP.BK,35.281219482421875,6842500
2025-03-12,BCP,BCP.BK,34.56119155883789,10367800
2025-03-13,BCP,BCP.BK,34.99867630004883,2477400
2025-03-14,BCP,BCP.BK,35.48476791381836,5225000
2025-03-17,BCP,BCP.BK,36.21390914916992,3538200
2025-03-18,BCP,BCP.BK,36.21390914916992,3035000
2025-03-19,BCP,BCP.BK,36.45695495605469,64338615
2025-03-20,BCP,BCP.BK,36.70000076293945,5040000
2025-03-21,BCP,BCP.BK,36.70000076293945,9522200
2025-03-24,BCP,BCP.BK,36.70000076293945,2525500
2025-03-25,BCP,BCP.BK,37.186092376708984,6054400
2025-03-26,BCP,BCP.BK,36.94304656982422,4142000
2025-03-27,BCP,BCP.BK,36.94304656982422,2602100
2025-03-28,BCP,BCP.BK,36.70000076293945,472900
2025-03-31,BCP,BCP.BK,36.94304656982422,45741300
2025-04-01,BCP,BCP.BK,37.186092376708984,24467000
2025-04-02,BCP,BCP.BK,37.91523361206055,6192200
2025-04-03,BCP,BCP.BK,37.672183990478516,13150000
2025-04-04,BCP,BCP.BK,36.21390914916992,8891300
2025-04-08,BCP,BCP.BK,32.81126022338867,9117800
2025-04-09,BCP,BCP.BK,35.241722106933594,88835185
2025-04-10,BCP,BCP.BK,35.241722106933594,3566600
2025-04-11,BCP,BCP.BK,34.5125846862793,2507700
2025-04-16,BCP,BCP.BK,35.727813720703125,2582300
2025-04-17,BCP,BCP.BK,35.48476791381836,1361200
2025-04-18,BCP,BCP.BK,35.241722106933594,1355100
2025-04-21,BCP,BCP.BK,34.75563049316406,1579500
2025-04-22,BCP,BCP.BK,34.99867630004883,958900
2025-04-23,BCP,BCP.BK,33.783443450927734,4394600
2025-04-24,BCP,BCP.BK,33.2973518371582,6359600
2025-04-25,BCP,BCP.BK,34.5125846862793,8114600
2025-04-28,BCP,BCP.BK,33.54039764404297,5995100
2025-04-29,BCP,BCP.BK,34.0264892578125,4391700
2025-04-30,BCP,BCP.BK,34.75563049316406,6324900
2025-05-02,BCP,BCP.BK,34.75563049316406,3182300
2025-05-06,BCP,BCP.BK,34.75563049316406,1984700
2025-05-07,BCP,BCP.BK,36.94304656982422,6063000
2025-05-08,BCP,BCP.BK,36.70000076293945,4154300
2025-05-09,BCP,BCP.BK,37.42913818359375,4182200
2025-05-13,BCP,BCP.BK,37.42913818359375,5974600
2025-05-14,BCP,BCP.BK,36.45695495605469,8009200
2025-05-15,BCP,BCP.BK,36.45695495605469,1607900
2025-05-16,BCP,BCP.BK,36.45695495605469,2325500
2025-05-19,BCP,BCP.BK,35.727813720703125,2802400
2025-05-20,BCP,BCP.BK,35.727813720703125,1945200
2025-05-21,BCP,BCP.BK,35.727813720703125,3450400
2025-05-22,BCP,BCP.BK,35.48476791381836,1163200
2025-05-23,BCP,BCP.BK,35.97085952758789,2176900
2025-05-26,BCP,BCP.BK,35.48476791381836,2542000
2025-05-27,BCP,BCP.BK,35.48476791381836,3801600
2025-05-28,BCP,BCP.BK,35.727813720703125,2721000
2025-05-29,BCP,BCP.BK,35.48476791381836,2453600
2025-05-30,BCP,BCP.BK,35.241722106933594,9255200
2025-06-04,BCP,BCP.BK,34.5125846862793,4598500
2025-06-05,BCP,BCP.BK,35.241722106933594,5558400
2025-06-06,BCP,BCP.BK,34.269535064697266,2427400
2025-06-09,BCP,BCP.BK,35.727813720703125,3562200
2025-06-10,BCP,BCP.BK,35.97085952758789,2854800
2025-06-11,BCP,BCP.BK,34.5125846862793,3994900
2025-06-12,BCP,BCP.BK,34.269535064697266,1697200
2025-06-13,BCP,BCP.BK,36.21390914916992,14673400
2025-06-16,BCP,BCP.BK,34.99867630004883,8231400
2025-06-17,BCP,BCP.BK,34.5125846862793,6121900
2025-06-18,BCP,BCP.BK,32.56821060180664,9534900
2025-06-19,BCP,BCP.BK,30.380794525146484,8690000
2025-06-20,BCP,BCP.BK,29.894702911376953,11773200
2025-06-23,BCP,BCP.BK,28.922515869140625,9963900
2025-06-24,BCP,BCP.BK,30.380794525146484,11289800
2025-06-25,BCP,BCP.BK,30.380794525146484,3787900
2025-06-26,BCP,BCP.BK,30.380794525146484,2870100
2025-06-27,BCP,BCP.BK,28.922515869140625,3962400
2025-06-30,BCP,BCP.BK,29.651655197143555,11740100
2025-07-01,BCP,BCP.BK,29.894702911376953,5413200
2025-07-02,BCP,BCP.BK,30.13774871826172,4179500
2025-07-03,BCP,BCP.BK,30.13774871826172,2723700
2025-07-04,BCP,BCP.BK,29.40860939025879,1479300
2025-07-07,BCP,BCP.BK,29.165563583374023,2731900
2025-07-08,BCP,BCP.BK,28.922515869140625,2263700
2025-07-09,BCP,BCP.BK,28.67947006225586,2069600
2025-07-11,BCP,BCP.BK,28.922515869140625,4231700
2025-07-14,BCP,BCP.BK,29.651655197143555,3167700
2025-07-15,BCP,BCP.BK,30.13774871826172,3387500
2025-07-16,BCP,BCP.BK,29.651655197143555,3077900
2025-07-17,BCP,BCP.BK,31.109933853149414,5787100
2025-07-18,BCP,BCP.BK,32.08211898803711,9652400
2025-07-21,BCP,BCP.BK,32.08211898803711,2724300
2025-07-22,BCP,BCP.BK,32.56821060180664,6988600
2025-07-23,BCP,BCP.BK,33.54039764404297,3741800
2025-07-24,BCP,BCP.BK,32.56821060180664,9192800
2025-07-25,BCP,BCP.BK,32.81126022338867,5730800
2025-07-29,BCP,BCP.BK,33.2973518371582,5691800
2025-07-30,BCP,BCP.BK,33.783443450927734,6832600
2025-07-31,BCP,BCP.BK,33.05430603027344,3888000
2025-08-01,BCP,BCP.BK,32.81126022338867,4815000
2025-08-04,BCP,BCP.BK,32.81126022338867,3437700
2025-08-05,BCP,BCP.BK,33.54039764404297,5109600
2025-08-06,BCP,BCP.BK,33.54039764404297,2199800
2025-08-07,BCP,BCP.BK,33.05430603027344,3450800
2025-08-08,BCP,BCP.BK,32.56821060180664,2493500
2025-08-13,BCP,BCP.BK,32.81126022338867,2335000
2025-08-14,BCP,BCP.BK,31.35297966003418,4185000
2025-08-15,BCP,BCP.BK,31.839073181152344,1739600
2025-08-18,BCP,BCP.BK,30.86688804626465,3980300
2025-08-19,BCP,BCP.BK,30.86688804626465,4208800
2025-08-20,BCP,BCP.BK,31.839073181152344,3710900
2025-08-21,BCP,BCP.BK,31.839073181152344,4600100
2025-08-22,BCP,BCP.BK,32.08211898803711,1400300
2025-08-25,BCP,BCP.BK,32.325164794921875,1403800
2025-08-26,BCP,BCP.BK,31.839073181152344,2165800
2025-08-27,BCP,BCP.BK,31.109933853149414,1299400
2025-08-28,BCP,BCP.BK,31.839073181152344,3202700
2025-08-29,BCP,BCP.BK,31.35297966003418,3097300
2025-09-01,BCP,BCP.BK,31.596027374267578,4003400
2025-09-02,BCP,BCP.BK,33.05430603027344,8076400
2025-09-03,BCP,BCP.BK,31.596027374267578,8079800
2025-09-04,BCP,BCP.BK,31.109933853149414,4616200
2025-09-05,BCP,BCP.BK,29.894702911376953,22174000
2025-09-08,BCP,BCP.BK,29.894702911376953,9250000
2025-09-09,BCP,BCP.BK,30.380794525146484,3744000
2025-09-10,BCP,BCP.BK,30.62384033203125,5590900
2025-09-11,BCP,BCP.BK,30.62384033203125,6429300
2025-09-12,BCP,BCP.BK,30.13774871826172,4211800
2025-09-15,BCP,BCP.BK,30.380794525146484,3282800
2025-09-16,BCP,BCP.BK,30.86688804626465,5941200
2025-09-17,BCP,BCP.BK,31.109933853149414,3575400
2025-09-18,BCP,BCP.BK,30.62384033203125,2768500
2025-09-19,BCP,BCP.BK,30.380794525146484,3182700
2025-09-22,BCP,BCP.BK,29.894702911376953,2467600
2025-09-23,BCP,BCP.BK,29.40860939025879,2332200
2025-09-24,BCP,BCP.BK,29.40860939025879,1353200
2025-09-25,BCP,BCP.BK,29.894702911376953,2093900
2025-09-26,BCP,BCP.BK,30.13774871826172,3347600
2025-09-29,BCP,BCP.BK,30.380794525146484,2322600
2025-09-30,BCP,BCP.BK,29.894702911376953,1857100
2025-10-01,BCP,BCP.BK,29.651655197143555,1066100
2025-10-02,BCP,BCP.BK,30.13774871826172,1122200
2025-10-03,BCP,BCP.BK,29.894702911376953,1126200
2025-10-06,BCP,BCP.BK,29.651655197143555,1163900
2025-10-07,BCP,BCP.BK,29.651655197143555,0
2025-10-08,BCP,BCP.BK,29.40860939025879,808000
2025-10-09,BCP,BCP.BK,29.40860939025879,1633100
2025-10-10,BCP,BCP.BK,29.165563583374023,1802000
2025-10-14,BCP,BCP.BK,28.436424255371094,2818500
2025-10-15,BCP,BCP.BK,27.95033073425293,7856800
2025-10-16,BCP,BCP.BK,27.707284927368164,4015700
2025-10-17,BCP,BCP.BK,27.4642391204834,1446600
2025-10-20,BCP,BCP.BK,27.707284927368164,2237300
2025-10-21,BCP,BCP.BK,27.95033073425293,1575700
2025-10-22,BCP,BCP.BK,28.436424255371094,5713900
2025-10-24,BCP,BCP.BK,29.40860939025879,6610500
2025-10-27,BCP,BCP.BK,28.922515869140625,8103300
2025-10-28,BCP,BCP.BK,28.922515869140625,5705200
2025-10-29,BCP,BCP.BK,28.922515869140625,4171100
2025-10-30,BCP,BCP.BK,28.436424255371094,3269600
2025-10-31,BCP,BCP.BK,28.67947006225586,2973100
2025-11-03,BCP,BCP.BK,28.67947006225586,3234200
2025-11-04,BCP,BCP.BK,27.95033073425293,3010600
2025-11-05,BCP,BCP.BK,27.95033073425293,2833800
2025-11-06,BCP,BCP.BK,28.436424255371094,2955700
2025-11-07,BCP,BCP.BK,28.193378448486328,2327500
2025-11-10,BCP,BCP.BK,28.193378448486328,1716400
2025-11-11,BCP,BCP.BK,28.436424255371094,2739700
2025-11-12,BCP,BCP.BK,27.95033073425293,6303000
2025-11-13,BCP,BCP.BK,27.95033073425293,4522400
2025-11-14,BCP,BCP.BK,27.22119140625,6155600
2025-11-17,BCP,BCP.BK,28.436424255371094,9712600
2025-11-18,BCP,BCP.BK,27.4642391204834,6654700
2025-11-19,BCP,BCP.BK,27.95033073425293,3255600
2025-11-20,BCP,BCP.BK,27.4642391204834,6046200
2025-11-21,BCP,BCP.BK,27.22119140625,1390200
2025-11-24,BCP,BCP.BK,27.22119140625,3713900
2025-11-25,BCP,BCP.BK,27.4642391204834,2550500
2025-11-26,BCP,BCP.BK,27.22119140625,2917700
2025-11-27,BCP,BCP.BK,27.95033073425293,8226600
2025-11-28,BCP,BCP.BK,24.304636001586914,40708300
2025-12-01,BCP,BCP.BK,26.00596046447754,22232200
2025-12-02,BCP,BCP.BK,26.00596046447754,15802000
2025-12-03,BCP,BCP.BK,26.492053985595703,11032600
2025-12-04,BCP,BCP.BK,26.73509979248047,10927400
2025-12-08,BCP,BCP.BK,26.249006271362305,8174800
2025-12-09,BCP,BCP.BK,26.249006271362305,3745100
2025-12-11,BCP,BCP.BK,25.762914657592773,4017300
2025-12-12,BCP,BCP.BK,26.249006271362305,5211900
2025-12-15,BCP,BCP.BK,26.73509979248047,7141900
2025-12-16,BCP,BCP.BK,25.762914657592773,6536900
2025-12-17,BCP,BCP.BK,25.519866943359375,3995500
2025-12-18,BCP,BCP.BK,25.27682113647461,8695300
2025-12-19,BCP,BCP.BK,25.519866943359375,4666400
2025-12-22,BCP,BCP.BK,25.27682113647461,4790500
2025-12-23,BCP,BCP.BK,25.519866943359375,2566100
2025-12-24,BCP,BCP.BK,26.00596046447754,3526000
2025-12-25,BCP,BCP.BK,25.762914657592773,1278400
2025-12-26,BCP,BCP.BK,25.519866943359375,1161700
2025-12-29,BCP,BCP.BK,25.27682113647461,3272700
2025-12-30,BCP,BCP.BK,25.27682113647461,21938200
2026-01-05,BCP,BCP.BK,25.519866943359375,6382200
2026-01-06,BCP,BCP.BK,27.22119140625,19395400
2026-01-07,BCP,BCP.BK,27.22119140625,4577400
2026-01-08,BCP,BCP.BK,27.4642391204834,9236200
2026-01-09,BCP,BCP.BK,27.707284927368164,6039400
2026-01-12,BCP,BCP.BK,27.95033073425293,5400000
2026-01-13,BCP,BCP.BK,27.707284927368164,4023100
2026-01-14,BCP,BCP.BK,27.22119140625,7915600
2026-01-15,BCP,BCP.BK,28.436424255371094,9840500
2026-01-16,BCP,BCP.BK,28.193378448486328,6040700
2026-01-19,BCP,BCP.BK,28.436424255371094,4644100
2026-01-20,BCP,BCP.BK,29.165563583374023,6202000
2026-01-21,BCP,BCP.BK,29.40860939025879,6014400
2026-01-22,BCP,BCP.BK,28.67947006225586,5030400
2026-01-23,BCP,BCP.BK,28.67947006225586,1976800
2026-01-26,BCP,BCP.BK,29.165563583374023,3215900
2026-01-27,BCP,BCP.BK,28.67947006225586,4480800
2026-01-28,BCP,BCP.BK,29.165563583374023,10047000
2026-01-29,BCP,BCP.BK,29.651655197143555,17011900
2026-01-30,BCP,BCP.BK,29.40860939025879,7789500
2026-02-02,BCP,BCP.BK,29.40860939025879,7749500
2026-02-03,BCP,BCP.BK,29.651655197143555,7520300
2026-02-04,BCP,BCP.BK,30.62384033203125,13190000
2026-02-05,BCP,BCP.BK,30.380794525146484,10894700
2026-02-06,BCP,BCP.BK,31.596027374267578,15727700
2026-02-09,BCP,BCP.BK,32.81126022338867,15903400
2026-02-10,BCP,BCP.BK,32.81126022338867,13497300
2026-02-11,BCP,BCP.BK,32.81126022338867,12397700
2026-02-12,BCP,BCP.BK,34.99867630004883,22538900
2026-02-13,BCP,BCP.BK,34.99867630004883,18592500
2026-02-16,BCP,BCP.BK,34.99867630004883,16341000
2026-02-17,BCP,BCP.BK,35.48476791381836,15591800
2026-02-18,BCP,BCP.BK,35.48476791381836,10487500
2026-02-19,BCP,BCP.BK,36.21390914916992,11763200
2026-02-20,BCP,BCP.BK,35.727813720703125,8291100
2026-02-23,BCP,BCP.BK,35.727813720703125,5871800
2026-02-24,BCP,BCP.BK,36.45695495605469,12334900
2026-02-25,BCP,BCP.BK,36.70000076293945,10817200
2026-02-26,BCP,BCP.BK,36.21390914916992,9105300
2026-02-27,BCP,BCP.BK,36.70000076293945,10362300
2026-03-02,BCP,BCP.BK,36.5,10573800
2026-03-04,BCP,BCP.BK,34.75,12122300
2026-03-05,BCP,BCP.BK,36.0,8865900
2026-03-06,BCP,BCP.BK,37.25,10074900
2026-03-09,BCP,BCP.BK,35.75,12675500
2026-03-10,BCP,BCP.BK,34.5,6645800
2026-03-11,BCP,BCP.BK,36.25,6032500
2026-03-12,BCP,BCP.BK,37.75,10774700
2026-03-13,BCP,BCP.BK,36.5,4786900
2026-03-16,BCP,BCP.BK,36.25,4535100
2026-03-17,BCP,BCP.BK,38.0,6325100
2026-03-18,BCP,BCP.BK,39.0,11266700
2026-03-19,BCP,BCP.BK,40.0,9932600
2026-03-20,BCP,BCP.BK,39.5,8085100
2026-03-23,BCP,BCP.BK,37.75,5419900
2026-03-24,BCP,BCP.BK,39.0,7533500
2026-03-25,BCP,BCP.BK,38.75,6940100
2026-03-26,BCP,BCP.BK,39.5,8383000
2026-03-27,BCP,BCP.BK,39.5,9874100
2026-03-30,BCP,BCP.BK,40.0,7187300
2026-03-31,BCP,BCP.BK,39.25,6054600
2026-04-01,BCP,BCP.BK,39.75,6646700
2026-04-02,BCP,BCP.BK,38.75,9627000
2026-04-03,BCP,BCP.BK,36.5,6140300
2026-04-07,BCP,BCP.BK,37.5,7240000
2026-04-08,BCP,BCP.BK,37.5,4373400
2026-04-09,BCP,BCP.BK,36.5,6722700
2026-04-10,BCP,BCP.BK,36.5,1413400
2026-04-16,BCP,BCP.BK,36.0,9124800
2026-04-17,BCP,BCP.BK,35.75,3466800
2026-04-20,BCP,BCP.BK,35.0,2190800
2026-04-21,BCP,BCP.BK,35.25,2366900
2026-04-22,BCP,BCP.BK,35.75,1988500
2026-04-23,BCP,BCP.BK,34.5,7008900
2026-04-24,BCP,BCP.BK,35.25,4846700
2026-04-27,BCP,BCP.BK,35.5,3912200
2026-04-28,BCP,BCP.BK,36.0,3588800
2026-04-29,BCP,BCP.BK,36.0,4681600
2026-04-30,BCP,BCP.BK,35.75,6169900
2026-05-01,BCP,BCP.BK,35.75,0
2026-05-04,BCP,BCP.BK,35.75,0
2026-05-05,BCP,BCP.BK,37.5,8049500
2026-05-06,BCP,BCP.BK,36.25,4184900
2026-05-07,BCP,BCP.BK,35.5,3770300
2026-05-08,BCP,BCP.BK,35.25,2350300
2026-05-11,BCP,BCP.BK,35.5,3931300
2026-05-12,BCP,BCP.BK,34.75,2431300
2026-05-13,BCP,BCP.BK,34.75,2099600
2026-05-14,BCP,BCP.BK,35.0,6991500
2026-05-15,BCP,BCP.BK,34.5,5365900
2026-05-18,BCP,BCP.BK,35.0,3385200
2026-05-19,BCP,BCP.BK,34.5,4891600
2026-05-20,BCP,BCP.BK,34.75,2049300
2026-05-21,BCP,BCP.BK,34.25,2660700
2026-05-22,BCP,BCP.BK,34.5,2359100
2026-05-25,BCP,BCP.BK,34.25,1669600
2026-05-26,BCP,BCP.BK,34.0,3234800
2026-05-27,BCP,BCP.BK,34.5,3873600
2026-05-28,BCP,BCP.BK,34.25,2032500
2026-05-29,BCP,BCP.BK,33.25,6820000
2026-06-01,BCP,BCP.BK,33.25,0
2026-06-02,BCP,BCP.BK,34.25,3836100
2026-06-03,BCP,BCP.BK,34.25,0
2026-06-04,BCP,BCP.BK,34.0,4786200
2026-06-05,BCP,BCP.BK,34.0,5294800
2026-06-08,BCP,BCP.BK,34.5,4763200
2026-06-09,BCP,BCP.BK,34.0,3325900
2026-06-10,BCP,BCP.BK,33.75,3312300
2026-06-11,BCP,BCP.BK,33.5,4591700
2026-06-12,BCP,BCP.BK,33.0,4683900
2026-06-15,BCP,BCP.BK,32.75,8301100
2026-06-16,BCP,BCP.BK,32.5,2951500
2026-06-17,BCP,BCP.BK,33.0,5650100
2026-06-18,BCP,BCP.BK,33.25,4777400
2026-06-19,BCP,BCP.BK,33.25,8157500
2026-06-22,BCP,BCP.BK,32.75,6147800
2026-06-23,BCP,BCP.BK,32.5,4023600
2026-06-24,BCP,BCP.BK,32.5,3402600
2026-06-25,BCP,BCP.BK,32.0,9525800
2026-06-26,BCP,BCP.BK,33.25,8289700
2026-06-29,BCP,BCP.BK,33.0,7089900
2026-06-30,BCP,BCP.BK,34.0,21782600
2026-07-01,BCP,BCP.BK,34.5,7479300
2026-07-02,BCP,BCP.BK,34.5,5019900
2026-07-03,BCP,BCP.BK,35.25,5827700
2026-07-06,BCP,BCP.BK,35.75,4695200
2026-07-07,BCP,BCP.BK,35.25,6346600
2026-07-08,BCP,BCP.BK,35.75,8315100
2026-07-09,BCP,BCP.BK,35.75,7534500
2026-07-10,BCP,BCP.BK,37.25,10454400
2026-07-13,BCP,BCP.BK,37.5,7868000
2026-07-14,BCP,BCP.BK,37.5,6361900
2026-07-15,BCP,BCP.BK,40.0,16437200
2026-07-16,BCP,BCP.BK,42.25,16022300
2026-07-17,BCP,BCP.BK,42.5,16557600
2026-07-20,BCP,BCP.BK,43.5,13838700
2026-07-21,BCP,BCP.BK,45.0,23719900
2026-07-22,BCP,BCP.BK,44.75,16565900
2026-07-23,BCP,BCP.BK,45.0,17158600
2026-07-24,BCP,BCP.BK,45.0,18069500
2026-07-27,BCP,BCP.BK,44.25,12057900
2026-07-28,BCP,BCP.BK,44.25,0
2026-07-29,BCP,BCP.BK,44.25,0
2026-07-30,BCP,BCP.BK,44.5,14381700
2026-07-31,BCP,BCP.BK,44.75,16339200
2026-08-03,BCP,BCP.BK,45.5,19911000
2026-08-04,BCP,BCP.BK,44.5,9795300
2026-08-05,BCP,BCP.BK,44.25,9024300
2026-08-06,BCP,BCP.BK,44.5,16265900
2026-08-07,BCP,BCP.BK,,16721223
2021-02-11,OR,OR.BK,25.47554588317871,1818125500
2021-02-15,OR,OR.BK,29.612598419189453,1149682700
2021-02-16,OR,OR.BK,28.523900985717773,479377100
2021-02-17,OR,OR.BK,25.693283081054688,338385400
2021-02-18,OR,OR.BK,26.34650421142578,280945100
2021-02-19,OR,OR.BK,27.435205459594727,221276300
2021-02-22,OR,OR.BK,27.652942657470703,175380100
2021-02-23,OR,OR.BK,26.999723434448242,184256000
2021-02-24,OR,OR.BK,26.781982421875,156591000
2021-02-25,OR,OR.BK,25.693283081054688,436978200
2021-03-01,OR,OR.BK,25.693283081054688,138645300
2021-03-02,OR,OR.BK,25.47554588317871,96852000
2021-03-03,OR,OR.BK,25.911026000976562,107158800
2021-03-04,OR,OR.BK,25.911026000976562,79489200
2021-03-05,OR,OR.BK,26.34650421142578,183251300
2021-03-08,OR,OR.BK,25.911026000976562,113311000
2021-03-09,OR,OR.BK,25.911026000976562,64545400
2021-03-10,OR,OR.BK,26.56424331665039,130051100
2021-03-11,OR,OR.BK,26.34650421142578,74421600
2021-03-12,OR,OR.BK,26.34650421142578,90126700
2021-03-15,OR,OR.BK,26.12876319885254,44782100
2021-03-16,OR,OR.BK,25.997682571411133,27863800
2021-03-17,OR,OR.BK,28.837766647338867,379372800
2021-03-18,OR,OR.BK,28.837766647338867,143643000
2021-03-19,OR,OR.BK,27.96389389038086,138127800
2021-03-22,OR,OR.BK,27.745426177978516,111719700
2021-03-23,OR,OR.BK,28.18235969543457,143290300
2021-03-24,OR,OR.BK,28.837766647338867,151559700
2021-03-25,OR,OR.BK,27.96389389038086,152526000
2021-03-26,OR,OR.BK,28.61929702758789,75549200
2021-03-29,OR,OR.BK,28.61929702758789,42527400
2021-03-30,OR,OR.BK,28.400829315185547,58296300
2021-03-31,OR,OR.BK,28.18235969543457,52500600
2021-04-01,OR,OR.BK,28.18235969543457,44728300
2021-04-02,OR,OR.BK,28.18235969543457,46369600
2021-04-05,OR,OR.BK,27.745426177978516,43836000
2021-04-07,OR,OR.BK,27.308490753173828,52073600
2021-04-08,OR,OR.BK,27.526958465576172,43692900
2021-04-09,OR,OR.BK,27.090023040771484,53156300
2021-04-12,OR,OR.BK,26.43461799621582,33425700
2021-04-16,OR,OR.BK,26.653085708618164,62477200
2021-04-19,OR,OR.BK,26.871553421020508,36415100
2021-04-20,OR,OR.BK,26.43461799621582,47373500
2021-04-21,OR,OR.BK,26.43461799621582,16878000
2021-04-22,OR,OR.BK,26.216150283813477,33233000
2021-04-23,OR,OR.BK,26.216150283813477,28225200
2021-04-26,OR,OR.BK,25.779212951660156,38268900
2021-04-27,OR,OR.BK,25.997682571411133,44864200
2021-04-28,OR,OR.BK,26.216150283813477,34751200
2021-04-29,OR,OR.BK,26.871553421020508,49083000
2021-04-30,OR,OR.BK,26.653085708618164,27832400
2021-05-05,OR,OR.BK,25.779212951660156,58179900
2021-05-06,OR,OR.BK,25.997682571411133,28525900
2021-05-07,OR,OR.BK,25.997682571411133,24411000
2021-05-10,OR,OR.BK,25.560745239257812,55446100
2021-05-11,OR,OR.BK,25.34227752685547,46240000
2021-05-12,OR,OR.BK,24.90534210205078,69385600
2021-05-13,OR,OR.BK,24.90534210205078,69097200
2021-05-14,OR,OR.BK,24.90534210205078,36635000
2021-05-17,OR,OR.BK,24.68687629699707,35807700
2021-05-18,OR,OR.BK,25.560745239257812,37234400
2021-05-19,OR,OR.BK,25.560745239257812,25068700
2021-05-20,OR,OR.BK,25.560745239257812,38446900
2021-05-21,OR,OR.BK,25.779212951660156,25516500
2021-05-24,OR,OR.BK,25.997682571411133,41397300
2021-05-25,OR,OR.BK,26.216150283813477,23760600
2021-05-27,OR,OR.BK,26.216150283813477,85248300
2021-05-28,OR,OR.BK,26.43461799621582,43238300
2021-05-31,OR,OR.BK,26.216150283813477,17945100
2021-06-01,OR,OR.BK,27.96389389038086,139797700
2021-06-02,OR,OR.BK,27.308490753173828,79986400
2021-06-04,OR,OR.BK,27.308490753173828,25454200
2021-06-07,OR,OR.BK,27.090023040771484,74439700
2021-06-08,OR,OR.BK,26.216150283813477,56885600
2021-06-09,OR,OR.BK,26.871553421020508,49612000
2021-06-10,OR,OR.BK,26.43461799621582,44326800
2021-06-11,OR,OR.BK,27.090023040771484,46296300
2021-06-14,OR,OR.BK,27.308490753173828,44898200
2021-06-15,OR,OR.BK,27.090023040771484,38978300
2021-06-16,OR,OR.BK,27.308490753173828,54634200
2021-06-17,OR,OR.BK,27.090023040771484,20793200
2021-06-18,OR,OR.BK,27.308490753173828,131493400
2021-06-21,OR,OR.BK,26.871553421020508,28457400
2021-06-22,OR,OR.BK,26.871553421020508,23329500
2021-06-23,OR,OR.BK,26.653085708618164,21214800
2021-06-24,OR,OR.BK,26.43461799621582,29902000
2021-06-25,OR,OR.BK,26.653085708618164,13936700
2021-06-28,OR,OR.BK,26.216150283813477,24971500
2021-06-29,OR,OR.BK,26.43461799621582,12295400
2021-06-30,OR,OR.BK,26.653085708618164,24175000
2021-07-01,OR,OR.BK,26.43461799621582,22246700
2021-07-02,OR,OR.BK,26.216150283813477,27853900
2021-07-05,OR,OR.BK,25.997682571411133,13209500
2021-07-06,OR,OR.BK,26.216150283813477,13238200
2021-07-07,OR,OR.BK,25.997682571411133,15771400
2021-07-08,OR,OR.BK,25.34227752685547,30391500
2021-07-09,OR,OR.BK,25.34227752685547,15189800
2021-07-12,OR,OR.BK,25.34227752685547,20450500
2021-07-13,OR,OR.BK,25.34227752685547,21329500
2021-07-14,OR,OR.BK,25.34227752685547,16542500
2021-07-15,OR,OR.BK,25.123809814453125,19211500
2021-07-16,OR,OR.BK,25.123809814453125,16343500
2021-07-19,OR,OR.BK,25.123809814453125,19979900
2021-07-20,OR,OR.BK,24.90534210205078,24421800
2021-07-21,OR,OR.BK,24.90534210205078,9912800
2021-07-22,OR,OR.BK,24.90534210205078,20003200
2021-07-23,OR,OR.BK,24.90534210205078,13511500
2021-07-27,OR,OR.BK,25.123809814453125,18569100
2021-07-29,OR,OR.BK,24.68687629699707,21719700
2021-07-30,OR,OR.BK,24.24993896484375,29540700
2021-08-02,OR,OR.BK,24.468408584594727,12234900
2021-08-03,OR,OR.BK,24.90534210205078,17835500
2021-08-04,OR,OR.BK,24.468408584594727,24269400
2021-08-05,OR,OR.BK,24.468408584594727,15140800
2021-08-06,OR,OR.BK,24.031471252441406,14291200
2021-08-09,OR,OR.BK,24.68687629699707,19133100
2021-08-10,OR,OR.BK,24.468408584594727,12317800
2021-08-11,OR,OR.BK,24.68687629699707,11527000
2021-08-13,OR,OR.BK,24.468408584594727,13875500
2021-08-16,OR,OR.BK,24.468408584594727,18170700
2021-08-17,OR,OR.BK,24.68687629699707,27542600
2021-08-18,OR,OR.BK,25.123809814453125,29652500
2021-08-19,OR,OR.BK,24.90534210205078,16723900
2021-08-20,OR,OR.BK,25.34227752685547,48830100
2021-08-23,OR,OR.BK,26.216150283813477,41690400
2021-08-24,OR,OR.BK,25.779212951660156,104010200
2021-08-25,OR,OR.BK,25.779212951660156,32550300
2021-08-26,OR,OR.BK,25.779212951660156,28739500
2021-08-27,OR,OR.BK,25.779212951660156,33911500
2021-08-30,OR,OR.BK,26.216150283813477,49318800
2021-08-31,OR,OR.BK,26.43461799621582,47574700
2021-09-01,OR,OR.BK,26.216150283813477,40043900
2021-09-02,OR,OR.BK,25.997682571411133,44372900
2021-09-03,OR,OR.BK,25.560745239257812,27725600
2021-09-06,OR,OR.BK,25.560745239257812,15964200
2021-09-07,OR,OR.BK,25.560745239257812,33506900
2021-09-08,OR,OR.BK,25.798891067504883,12138800
2021-09-09,OR,OR.BK,25.357885360717773,22697800
2021-09-10,OR,OR.BK,25.578388214111328,14241900
2021-09-13,OR,OR.BK,25.578388214111328,18058900
2021-09-14,OR,OR.BK,25.578388214111328,15329200
2021-09-15,OR,OR.BK,25.578388214111328,28595700
2021-09-16,OR,OR.BK,25.357885360717773,29646900
2021-09-17,OR,OR.BK,25.578388214111328,26936200
2021-09-20,OR,OR.BK,25.137380599975586,28922600
2021-09-21,OR,OR.BK,24.916881561279297,32107300
2021-09-22,OR,OR.BK,25.137380599975586,33186300
2021-09-23,OR,OR.BK,25.137380599975586,17035600
2021-09-27,OR,OR.BK,24.696374893188477,36024800
2021-09-28,OR,OR.BK,24.47587013244629,27519000
2021-09-29,OR,OR.BK,24.696374893188477,27593500
2021-09-30,OR,OR.BK,24.255367279052734,28447200
2021-10-01,OR,OR.BK,24.255367279052734,13347100
2021-10-04,OR,OR.BK,24.255367279052734,16349600
2021-10-05,OR,OR.BK,24.47587013244629,27516800
2021-10-06,OR,OR.BK,24.696374893188477,42252700
2021-10-07,OR,OR.BK,25.357885360717773,40957000
2021-10-08,OR,OR.BK,25.357885360717773,45666300
2021-10-11,OR,OR.BK,25.137380599975586,11097500
2021-10-12,OR,OR.BK,25.137380599975586,21394200
2021-10-14,OR,OR.BK,24.916881561279297,15040500
2021-10-15,OR,OR.BK,25.137380599975586,11061100
2021-10-18,OR,OR.BK,24.916881561279297,37541900
2021-10-19,OR,OR.BK,24.47587013244629,37124400
2021-10-20,OR,OR.BK,24.696374893188477,4077700
2021-10-21,OR,OR.BK,24.47587013244629,5944200
2021-10-25,OR,OR.BK,24.47587013244629,9229500
2021-10-26,OR,OR.BK,24.696374893188477,11822000
2021-10-27,OR,OR.BK,24.696374893188477,16447400
2021-10-28,OR,OR.BK,24.47587013244629,46380300
2021-10-29,OR,OR.BK,24.255367279052734,12762300
2021-11-01,OR,OR.BK,23.814359664916992,57807600
2021-11-02,OR,OR.BK,23.814359664916992,13118900
2021-11-03,OR,OR.BK,23.373353958129883,21719900
2021-11-04,OR,OR.BK,22.932348251342773,80738300
2021-11-05,OR,OR.BK,23.15285301208496,21074700
2021-11-08,OR,OR.BK,23.15285301208496,14394800
2021-11-09,OR,OR.BK,22.932348251342773,13673300
2021-11-10,OR,OR.BK,23.15285301208496,33428900
2021-11-11,OR,OR.BK,23.814359664916992,20363500
2021-11-12,OR,OR.BK,23.59385871887207,20577400
2021-11-15,OR,OR.BK,23.59385871887207,12515600
2021-11-16,OR,OR.BK,23.59385871887207,14886100
2021-11-17,OR,OR.BK,23.373353958129883,22483200
2021-11-18,OR,OR.BK,23.373353958129883,11955200
2021-11-19,OR,OR.BK,23.59385871887207,6503500
2021-11-22,OR,OR.BK,23.373353958129883,15919400
2021-11-23,OR,OR.BK,23.15285301208496,8895600
2021-11-24,OR,OR.BK,23.15285301208496,9906100
2021-11-25,OR,OR.BK,22.932348251342773,19463500
2021-11-26,OR,OR.BK,22.49134063720703,47605700
2021-11-29,OR,OR.BK,22.270837783813477,34608200
2021-11-30,OR,OR.BK,22.050334930419922,53875000
2021-12-01,OR,OR.BK,22.050334930419922,37323500
2021-12-02,OR,OR.BK,22.270837783813477,18459200
2021-12-03,OR,OR.BK,22.050334930419922,6801400
2021-12-07,OR,OR.BK,22.270837783813477,17797800
2021-12-08,OR,OR.BK,22.71184539794922,13396200
2021-12-09,OR,OR.BK,22.49134063720703,12396900
2021-12-13,OR,OR.BK,22.49134063720703,14761600
2021-12-14,OR,OR.BK,22.49134063720703,17327100
2021-12-15,OR,OR.BK,22.270837783813477,13167900
2021-12-16,OR,OR.BK,22.71184539794922,11951100
2021-12-17,OR,OR.BK,22.49134063720703,18862700
2021-12-20,OR,OR.BK,22.49134063720703,9902700
2021-12-21,OR,OR.BK,22.270837783813477,12339700
2021-12-22,OR,OR.BK,22.49134063720703,10913500
2021-12-23,OR,OR.BK,22.49134063720703,5324900
2021-12-24,OR,OR.BK,22.932348251342773,18312600
2021-12-27,OR,OR.BK,23.814359664916992,31574000
2021-12-28,OR,OR.BK,24.034866333007812,33265200
2021-12-29,OR,OR.BK,24.034866333007812,11951500
2021-12-30,OR,OR.BK,23.814359664916992,28105000
2022-01-04,OR,OR.BK,24.034866333007812,18503600
2022-01-05,OR,OR.BK,24.034866333007812,30170300
2022-01-06,OR,OR.BK,23.15285301208496,38179200
2022-01-07,OR,OR.BK,23.15285301208496,24287900
2022-01-10,OR,OR.BK,23.15285301208496,5810400
2022-01-11,OR,OR.BK,23.15285301208496,5741000
2022-01-12,OR,OR.BK,22.932348251342773,28939100
2022-01-13,OR,OR.BK,23.15285301208496,11668800
2022-01-14,OR,OR.BK,22.71184539794922,42178700
2022-01-17,OR,OR.BK,22.71184539794922,11679100
2022-01-18,OR,OR.BK,22.49134063720703,29323700
2022-01-19,OR,OR.BK,22.49134063720703,11681600
2022-01-20,OR,OR.BK,22.050334930419922,16577000
2022-01-21,OR,OR.BK,22.270837783813477,11683700
2022-01-24,OR,OR.BK,22.270837783813477,18075800
2022-01-25,OR,OR.BK,22.050334930419922,29202900
2022-01-26,OR,OR.BK,22.050334930419922,13216200
2022-01-27,OR,OR.BK,21.344722747802734,93103200
2022-01-28,OR,OR.BK,21.43292236328125,24709300
2022-01-31,OR,OR.BK,21.697528839111328,22600700
2022-02-01,OR,OR.BK,21.697528839111328,10106900
2022-02-02,OR,OR.BK,21.697528839111328,26712600
2022-02-03,OR,OR.BK,21.609329223632812,19069000
2022-02-04,OR,OR.BK,21.52112579345703,22071400
2022-02-07,OR,OR.BK,21.609329223632812,28077300
2022-02-08,OR,OR.BK,22.270837783813477,55015100
2022-02-09,OR,OR.BK,22.71184539794922,34165300
2022-02-10,OR,OR.BK,22.49134063720703,21440700
2022-02-11,OR,OR.BK,22.050334930419922,12511400
2022-02-14,OR,OR.BK,22.270837783813477,23039200
2022-02-15,OR,OR.BK,22.49134063720703,25269000
2022-02-17,OR,OR.BK,23.814359664916992,103504700
2022-02-18,OR,OR.BK,24.034866333007812,53037200
2022-02-21,OR,OR.BK,23.814359664916992,46497300
2022-02-22,OR,OR.BK,23.59385871887207,30608100
2022-02-23,OR,OR.BK,23.59385871887207,18611300
2022-02-24,OR,OR.BK,23.15285301208496,35727300
2022-02-25,OR,OR.BK,23.15285301208496,11748100
2022-02-28,OR,OR.BK,22.87743377685547,26568200
2022-03-01,OR,OR.BK,23.3216552734375,9254300
2022-03-02,OR,OR.BK,22.87743377685547,17754600
2022-03-03,OR,OR.BK,22.655323028564453,36004600
2022-03-04,OR,OR.BK,22.655323028564453,19545100
2022-03-07,OR,OR.BK,21.944568634033203,57362500
2022-03-08,OR,OR.BK,21.944568634033203,67265000
2022-03-09,OR,OR.BK,22.122251510620117,38711400
2022-03-10,OR,OR.BK,22.21109962463379,24055100
2022-03-11,OR,OR.BK,22.655323028564453,21460300
2022-03-14,OR,OR.BK,22.87743377685547,20075500
2022-03-15,OR,OR.BK,22.433212280273438,27285000
2022-03-16,OR,OR.BK,22.433212280273438,19302600
2022-03-17,OR,OR.BK,22.655323028564453,26137100
2022-03-18,OR,OR.BK,22.433212280273438,19453800
2022-03-21,OR,OR.BK,22.433212280273438,11597100
2022-03-22,OR,OR.BK,22.655323028564453,6337700
2022-03-23,OR,OR.BK,22.21109962463379,14034700
2022-03-24,OR,OR.BK,22.433212280273438,5806100
2022-03-25,OR,OR.BK,22.21109962463379,4623800
2022-03-28,OR,OR.BK,22.433212280273438,10896700
2022-03-29,OR,OR.BK,22.21109962463379,7594400
2022-03-30,OR,OR.BK,22.433212280273438,9458900
2022-03-31,OR,OR.BK,22.21109962463379,6667800
2022-04-01,OR,OR.BK,22.21109962463379,5832300
2022-04-04,OR,OR.BK,22.21109962463379,11809500
2022-04-05,OR,OR.BK,22.655323028564453,27803000
2022-04-07,OR,OR.BK,22.655323028564453,19209200
2022-04-08,OR,OR.BK,22.433212280273438,19146200
2022-04-11,OR,OR.BK,22.433212280273438,3087100
2022-04-12,OR,OR.BK,22.21109962463379,8230300
2022-04-18,OR,OR.BK,22.122251510620117,27949400
2022-04-19,OR,OR.BK,22.21109962463379,6466800
2022-04-20,OR,OR.BK,22.21109962463379,4554000
2022-04-21,OR,OR.BK,22.21109962463379,8308600
2022-04-22,OR,OR.BK,22.122251510620117,15515300
2022-04-25,OR,OR.BK,22.03341293334961,15804400
2022-04-26,OR,OR.BK,21.67803382873535,47401100
2022-04-27,OR,OR.BK,21.589191436767578,19002800
2022-04-28,OR,OR.BK,21.67803382873535,26010700
2022-04-29,OR,OR.BK,22.21109962463379,50610100
2022-05-03,OR,OR.BK,22.122251510620117,22076500
2022-05-05,OR,OR.BK,22.21109962463379,19755100
2022-05-06,OR,OR.BK,22.21109962463379,36678300
2022-05-09,OR,OR.BK,22.433212280273438,26137800
2022-05-10,OR,OR.BK,22.433212280273438,12489900
2022-05-11,OR,OR.BK,23.543764114379883,108244500
2022-05-12,OR,OR.BK,23.099546432495117,45176200
2022-05-13,OR,OR.BK,23.543764114379883,22951100
2022-05-17,OR,OR.BK,23.099546432495117,34854400
2022-05-18,OR,OR.BK,23.543764114379883,26059900
2022-05-19,OR,OR.BK,23.543764114379883,16762500
2022-05-20,OR,OR.BK,23.543764114379883,23160900
2022-05-23,OR,OR.BK,23.76587677001953,22305500
2022-05-24,OR,OR.BK,23.76587677001953,31823200
2022-05-25,OR,OR.BK,23.987987518310547,57569700
2022-05-26,OR,OR.BK,23.987987518310547,16058200
2022-05-27,OR,OR.BK,23.987987518310547,17393800
2022-05-30,OR,OR.BK,24.210100173950195,42817600
2022-05-31,OR,OR.BK,24.654321670532227,69819600
2022-06-01,OR,OR.BK,24.432209014892578,24736500
2022-06-02,OR,OR.BK,24.654321670532227,31505900
2022-06-06,OR,OR.BK,24.654321670532227,21923400
2022-06-07,OR,OR.BK,24.654321670532227,32691500
2022-06-08,OR,OR.BK,24.432209014892578,18974900
2022-06-09,OR,OR.BK,23.987987518310547,36222400
2022-06-10,OR,OR.BK,23.987987518310547,24826500
2022-06-13,OR,OR.BK,23.099546432495117,66472000
2022-06-14,OR,OR.BK,23.3216552734375,15578200
2022-06-15,OR,OR.BK,23.3216552734375,18632700
2022-06-16,OR,OR.BK,22.87743377685547,39760200
2022-06-17,OR,OR.BK,22.87743377685547,50580500
2022-06-20,OR,OR.BK,22.87743377685547,25111800
2022-06-21,OR,OR.BK,23.3216552734375,18773100
2022-06-22,OR,OR.BK,23.099546432495117,12758900
2022-06-23,OR,OR.BK,22.87743377685547,9061700
2022-06-24,OR,OR.BK,23.099546432495117,21171700
2022-06-27,OR,OR.BK,23.3216552734375,9113600
2022-06-28,OR,OR.BK,23.543764114379883,18469000
2022-06-29,OR,OR.BK,23.3216552734375,13387700
2022-06-30,OR,OR.BK,22.655323028564453,31285500
2022-07-01,OR,OR.BK,22.655323028564453,5338600
2022-07-04,OR,OR.BK,22.655323028564453,8266100
2022-07-05,OR,OR.BK,22.655323028564453,17318300
2022-07-06,OR,OR.BK,22.655323028564453,14119200
2022-07-07,OR,OR.BK,22.87743377685547,18001100
2022-07-08,OR,OR.BK,22.87743377685547,17831800
2022-07-11,OR,OR.BK,22.87743377685547,5533700
2022-07-12,OR,OR.BK,22.433212280273438,9849300
2022-07-14,OR,OR.BK,22.87743377685547,14011800
2022-07-15,OR,OR.BK,22.87743377685547,6798800
2022-07-18,OR,OR.BK,23.099546432495117,6330800
2022-07-19,OR,OR.BK,22.655323028564453,11240500
2022-07-20,OR,OR.BK,22.655323028564453,15579800
2022-07-21,OR,OR.BK,22.433212280273438,11538600
2022-07-22,OR,OR.BK,22.87743377685547,14877000
2022-07-25,OR,OR.BK,22.433212280273438,16741200
2022-07-26,OR,OR.BK,22.433212280273438,13182400
2022-07-27,OR,OR.BK,22.433212280273438,13214200
2022-08-01,OR,OR.BK,23.543764114379883,26449700
2022-08-02,OR,OR.BK,23.76587677001953,18253000
2022-08-03,OR,OR.BK,23.76587677001953,22918900
2022-08-04,OR,OR.BK,23.76587677001953,11617700
2022-08-05,OR,OR.BK,23.987987518310547,23073500
2022-08-08,OR,OR.BK,23.987987518310547,15823900
2022-08-09,OR,OR.BK,23.987987518310547,9716000
2022-08-10,OR,OR.BK,23.987987518310547,8680100
2022-08-11,OR,OR.BK,23.987987518310547,33275800
2022-08-15,OR,OR.BK,24.210100173950195,15924900
2022-08-16,OR,OR.BK,23.987987518310547,15161400
2022-08-17,OR,OR.BK,24.210100173950195,12838100
2022-08-18,OR,OR.BK,23.987987518310547,19287900
2022-08-19,OR,OR.BK,23.543764114379883,20859700
2022-08-22,OR,OR.BK,23.76587677001953,5740500
2022-08-23,OR,OR.BK,23.543764114379883,16047600
2022-08-24,OR,OR.BK,23.543764114379883,18045300
2022-08-25,OR,OR.BK,23.987987518310547,38954300
2022-08-26,OR,OR.BK,23.987987518310547,17659600
2022-08-29,OR,OR.BK,23.543764114379883,14160800
2022-08-30,OR,OR.BK,23.76587677001953,12384600
2022-08-31,OR,OR.BK,24.210100173950195,28963500
2022-09-01,OR,OR.BK,23.987987518310547,22988100
2022-09-02,OR,OR.BK,24.077999114990234,12335000
2022-09-05,OR,OR.BK,23.85297203063965,2689500
2022-09-06,OR,OR.BK,24.077999114990234,21499000
2022-09-07,OR,OR.BK,24.077999114990234,19773600
2022-09-08,OR,OR.BK,24.30302619934082,13984500
2022-09-09,OR,OR.BK,24.753080368041992,22755700
2022-09-12,OR,OR.BK,24.52805519104004,18498400
2022-09-13,OR,OR.BK,24.077999114990234,21545200
2022-09-14,OR,OR.BK,24.30302619934082,19588400
2022-09-15,OR,OR.BK,24.077999114990234,12308400
2022-09-16,OR,OR.BK,23.85297203063965,19274900
2022-09-19,OR,OR.BK,23.85297203063965,13048400
2022-09-20,OR,OR.BK,23.85297203063965,16067900
2022-09-21,OR,OR.BK,23.85297203063965,18244400
2022-09-22,OR,OR.BK,24.077999114990234,13204200
2022-09-23,OR,OR.BK,23.627944946289062,27751500
2022-09-26,OR,OR.BK,23.627944946289062,13264200
2022-09-27,OR,OR.BK,23.627944946289062,8500800
2022-09-28,OR,OR.BK,23.40291404724121,20484400
2022-09-29,OR,OR.BK,23.177886962890625,16484500
2022-09-30,OR,OR.BK,23.177886962890625,8175600
2022-10-03,OR,OR.BK,22.952857971191406,38329600
2022-10-04,OR,OR.BK,23.40291404724121,13653000
2022-10-05,OR,OR.BK,23.40291404724121,10092900
2022-10-06,OR,OR.BK,23.40291404724121,16128900
2022-10-07,OR,OR.BK,23.177886962890625,8825800
2022-10-10,OR,OR.BK,22.952857971191406,13647200
2022-10-11,OR,OR.BK,22.952857971191406,16637700
2022-10-12,OR,OR.BK,22.952857971191406,9162600
2022-10-17,OR,OR.BK,22.952857971191406,15199400
2022-10-18,OR,OR.BK,22.72783088684082,13209800
2022-10-19,OR,OR.BK,22.952857971191406,14494000
2022-10-20,OR,OR.BK,23.177886962890625,21840500
2022-10-21,OR,OR.BK,23.177886962890625,2131000
2022-10-25,OR,OR.BK,23.177886962890625,7239600
2022-10-26,OR,OR.BK,22.232770919799805,75153500
2022-10-27,OR,OR.BK,21.692703247070312,130329800
2022-10-28,OR,OR.BK,21.78271484375,66132600
2022-10-31,OR,OR.BK,21.692703247070312,24448900
2022-11-01,OR,OR.BK,21.962736129760742,22434400
2022-11-02,OR,OR.BK,21.962736129760742,32493800
2022-11-03,OR,OR.BK,21.962736129760742,10893900
2022-11-04,OR,OR.BK,21.962736129760742,21781400
2022-11-07,OR,OR.BK,21.962736129760742,7791000
2022-11-08,OR,OR.BK,22.412790298461914,50326700
2022-11-09,OR,OR.BK,21.872722625732422,67453700
2022-11-10,OR,OR.BK,21.872722625732422,17593200
2022-11-11,OR,OR.BK,22.142757415771484,25781800
2022-11-14,OR,OR.BK,21.962736129760742,18504800
2022-11-15,OR,OR.BK,21.962736129760742,10539700
2022-11-16,OR,OR.BK,21.872722625732422,23437300
2022-11-17,OR,OR.BK,21.872722625732422,12923200
2022-11-18,OR,OR.BK,21.78271484375,11035200
2022-11-21,OR,OR.BK,21.872722625732422,7081800
2022-11-22,OR,OR.BK,21.962736129760742,22306400
2022-11-23,OR,OR.BK,21.872722625732422,11365500
2022-11-24,OR,OR.BK,21.78271484375,10747100
2022-11-25,OR,OR.BK,21.872722625732422,8575900
2022-11-28,OR,OR.BK,21.872722625732422,7985000
2022-11-29,OR,OR.BK,21.962736129760742,17584200
2022-11-30,OR,OR.BK,21.962736129760742,14369900
2022-12-01,OR,OR.BK,21.962736129760742,12071900
2022-12-02,OR,OR.BK,21.872722625732422,7444400
2022-12-06,OR,OR.BK,21.872722625732422,11571300
2022-12-07,OR,OR.BK,21.78271484375,14038700
2022-12-08,OR,OR.BK,21.692703247070312,15067600
2022-12-09,OR,OR.BK,21.872722625732422,7752200
2022-12-13,OR,OR.BK,21.78271484375,8266700
2022-12-14,OR,OR.BK,21.872722625732422,6024600
2022-12-15,OR,OR.BK,21.692703247070312,24509500
2022-12-16,OR,OR.BK,21.15263557434082,76064000
2022-12-19,OR,OR.BK,21.062623977661133,16619000
2022-12-20,OR,OR.BK,20.522558212280273,51387700
2022-12-21,OR,OR.BK,20.522558212280273,29830700
2022-12-22,OR,OR.BK,20.792591094970703,13454400
2022-12-23,OR,OR.BK,20.702577590942383,11632000
2022-12-26,OR,OR.BK,20.792591094970703,4872900
2022-12-27,OR,OR.BK,21.15263557434082,28404300
2022-12-28,OR,OR.BK,21.332658767700195,20327800
2022-12-29,OR,OR.BK,21.512678146362305,17222300
2022-12-30,OR,OR.BK,21.422670364379883,14285000
2023-01-03,OR,OR.BK,21.15263557434082,11319300
2023-01-04,OR,OR.BK,21.15263557434082,13523500
2023-01-05,OR,OR.BK,20.972612380981445,18733400
2023-01-06,OR,OR.BK,21.15263557434082,8145300
2023-01-09,OR,OR.BK,21.242645263671875,13381900
2023-01-10,OR,OR.BK,21.602689743041992,25297800
2023-01-11,OR,OR.BK,21.692703247070312,19248600
2023-01-12,OR,OR.BK,21.422670364379883,14772400
2023-01-13,OR,OR.BK,21.242645263671875,21256400
2023-01-16,OR,OR.BK,21.332658767700195,13593000
2023-01-17,OR,OR.BK,21.242645263671875,12265600
2023-01-18,OR,OR.BK,21.242645263671875,7099400
2023-01-19,OR,OR.BK,21.422670364379883,13812000
2023-01-20,OR,OR.BK,21.332658767700195,11007600
2023-01-23,OR,OR.BK,21.15263557434082,7815700
2023-01-24,OR,OR.BK,20.972612380981445,14616500
2023-01-25,OR,OR.BK,20.702577590942383,31312200
2023-01-26,OR,OR.BK,20.522558212280273,24607800
2023-01-27,OR,OR.BK,20.3425350189209,35549200
2023-01-30,OR,OR.BK,20.252525329589844,24650000
2023-01-31,OR,OR.BK,20.162508010864258,24788500
2023-02-01,OR,OR.BK,20.072498321533203,25660900
2023-02-02,OR,OR.BK,20.162508010864258,13333200
2023-02-03,OR,OR.BK,20.252525329589844,8742700
2023-02-06,OR,OR.BK,20.252525329589844,5614300
2023-02-07,OR,OR.BK,20.072498321533203,9977300
2023-02-08,OR,OR.BK,19.982492446899414,15750600
2023-02-09,OR,OR.BK,19.62244415283203,45345500
2023-02-10,OR,OR.BK,19.532434463500977,13057900
2023-02-13,OR,OR.BK,19.44242286682129,10938300
2023-02-14,OR,OR.BK,19.44242286682129,16258700
2023-02-15,OR,OR.BK,20.432544708251953,70342900
2023-02-16,OR,OR.BK,20.432544708251953,41351300
2023-02-17,OR,OR.BK,20.252525329589844,23390400
2023-02-20,OR,OR.BK,20.252525329589844,17983200
2023-02-21,OR,OR.BK,20.702577590942383,27257500
2023-02-22,OR,OR.BK,20.702577590942383,20751000
2023-02-23,OR,OR.BK,20.522558212280273,16693100
2023-02-24,OR,OR.BK,20.252525329589844,25743300
2023-02-27,OR,OR.BK,19.89247703552246,25969900
2023-02-28,OR,OR.BK,19.847164154052734,22219200
2023-03-01,OR,OR.BK,19.575288772583008,16785100
2023-03-02,OR,OR.BK,19.66591453552246,11623800
2023-03-03,OR,OR.BK,19.575288772583008,9718900
2023-03-07,OR,OR.BK,19.66591453552246,13079300
2023-03-08,OR,OR.BK,19.122154235839844,38336900
2023-03-09,OR,OR.BK,18.940900802612305,22396700
2023-03-10,OR,OR.BK,18.669021606445312,21246500
2023-03-13,OR,OR.BK,18.39714241027832,30218200
2023-03-14,OR,OR.BK,17.944011688232422,45399100
2023-03-15,OR,OR.BK,18.3065185546875,29121100
2023-03-16,OR,OR.BK,18.034639358520508,37537200
2023-03-17,OR,OR.BK,18.215892791748047,37194800
2023-03-20,OR,OR.BK,18.39714241027832,36375200
2023-03-21,OR,OR.BK,19.03152847290039,38765100
2023-03-22,OR,OR.BK,19.394033432006836,18984200
2023-03-23,OR,OR.BK,19.30340576171875,9853400
2023-03-24,OR,OR.BK,19.03152847290039,18151700
2023-03-27,OR,OR.BK,19.03152847290039,6195000
2023-03-28,OR,OR.BK,19.122154235839844,15569800
2023-03-29,OR,OR.BK,19.122154235839844,7405200
2023-03-30,OR,OR.BK,18.940900802612305,22949000
2023-03-31,OR,OR.BK,19.30340576171875,12361800
2023-04-03,OR,OR.BK,19.394033432006836,22184800
2023-04-04,OR,OR.BK,19.30340576171875,15174300
2023-04-05,OR,OR.BK,19.03152847290039,12821100
2023-04-07,OR,OR.BK,19.03152847290039,6105800
2023-04-10,OR,OR.BK,19.30340576171875,8993300
2023-04-11,OR,OR.BK,19.212783813476562,6126000
2023-04-12,OR,OR.BK,19.394033432006836,14726000
2023-04-17,OR,OR.BK,19.75653648376465,23996200
2023-04-18,OR,OR.BK,20.119047164916992,63651000
2023-04-19,OR,OR.BK,20.119047164916992,26339600
2023-04-20,OR,OR.BK,19.93779182434082,38681400
2023-04-21,OR,OR.BK,19.847164154052734,20389000
2023-04-24,OR,OR.BK,19.75653648376465,14856700
2023-04-25,OR,OR.BK,19.394033432006836,10886600
2023-04-26,OR,OR.BK,19.575288772583008,11847000
2023-04-27,OR,OR.BK,20.119047164916992,32423300
2023-04-28,OR,OR.BK,20.119047164916992,15756600
2023-05-02,OR,OR.BK,20.20966911315918,14156800
2023-05-03,OR,OR.BK,20.119047164916992,25021800
2023-05-08,OR,OR.BK,20.30029296875,16024200
2023-05-09,OR,OR.BK,20.119047164916992,10301700
2023-05-10,OR,OR.BK,20.662803649902344,23440500
2023-05-11,OR,OR.BK,20.662803649902344,64302000
2023-05-12,OR,OR.BK,20.934680938720703,21172600
2023-05-15,OR,OR.BK,20.481550216674805,18906300
2023-05-16,OR,OR.BK,20.481550216674805,20985200
2023-05-17,OR,OR.BK,20.390926361083984,24607500
2023-05-18,OR,OR.BK,20.028417587280273,13594500
2023-05-19,OR,OR.BK,18.85027503967285,45063300
2023-05-22,OR,OR.BK,19.03152847290039,17906200
2023-05-23,OR,OR.BK,19.122154235839844,9704600
2023-05-24,OR,OR.BK,19.122154235839844,12323200
2023-05-25,OR,OR.BK,18.669021606445312,18101100
2023-05-26,OR,OR.BK,18.85027503967285,15340100
2023-05-29,OR,OR.BK,18.578397750854492,13700900
2023-05-30,OR,OR.BK,18.3065185546875,15111400
2023-05-31,OR,OR.BK,18.125263214111328,14214600
2023-06-01,OR,OR.BK,18.125263214111328,9344400
2023-06-02,OR,OR.BK,18.215892791748047,22337600
2023-06-06,OR,OR.BK,18.125263214111328,18262400
2023-06-07,OR,OR.BK,18.125263214111328,6368000
2023-06-08,OR,OR.BK,18.578397750854492,19476500
2023-06-09,OR,OR.BK,18.85027503967285,20533600
2023-06-12,OR,OR.BK,18.669021606445312,5391100
2023-06-13,OR,OR.BK,18.85027503967285,6399600
2023-06-14,OR,OR.BK,18.85027503967285,7782300
2023-06-15,OR,OR.BK,18.85027503967285,11425000
2023-06-16,OR,OR.BK,19.03152847290039,19821700
2023-06-19,OR,OR.BK,19.03152847290039,7482500
2023-06-20,OR,OR.BK,19.30340576171875,11860300
2023-06-21,OR,OR.BK,19.212783813476562,11890400
2023-06-22,OR,OR.BK,18.940900802612305,13632400
2023-06-23,OR,OR.BK,18.940900802612305,5615600
2023-06-26,OR,OR.BK,18.669021606445312,8300300
2023-06-27,OR,OR.BK,18.669021606445312,3615400
2023-06-28,OR,OR.BK,18.39714241027832,12934800
2023-06-29,OR,OR.BK,18.578397750854492,11432600
2023-06-30,OR,OR.BK,19.212783813476562,13611000
2023-07-03,OR,OR.BK,19.122154235839844,9141300
2023-07-04,OR,OR.BK,19.30340576171875,26737700
2023-07-05,OR,OR.BK,19.122154235839844,26356500
2023-07-06,OR,OR.BK,18.940900802612305,12265900
2023-07-07,OR,OR.BK,18.75965118408203,11952700
2023-07-10,OR,OR.BK,18.940900802612305,8244500
2023-07-11,OR,OR.BK,19.03152847290039,11315600
2023-07-12,OR,OR.BK,18.578397750854492,33141900
2023-07-13,OR,OR.BK,18.75965118408203,9422700
2023-07-14,OR,OR.BK,18.940900802612305,9988000
2023-07-17,OR,OR.BK,19.30340576171875,14754000
2023-07-18,OR,OR.BK,19.394033432006836,14708600
2023-07-19,OR,OR.BK,19.48465919494629,27346400
2023-07-20,OR,OR.BK,19.30340576171875,5996600
2023-07-21,OR,OR.BK,19.30340576171875,17579800
2023-07-24,OR,OR.BK,19.212783813476562,13602500
2023-07-25,OR,OR.BK,19.575288772583008,10642100
2023-07-26,OR,OR.BK,19.394033432006836,17211700
2023-07-27,OR,OR.BK,19.122154235839844,31670900
2023-07-31,OR,OR.BK,19.394033432006836,4298500
2023-08-02,OR,OR.BK,19.30340576171875,6168200
2023-08-03,OR,OR.BK,18.940900802612305,14130100
2023-08-04,OR,OR.BK,18.85027503967285,13019800
2023-08-07,OR,OR.BK,18.940900802612305,11451700
2023-08-08,OR,OR.BK,18.85027503967285,7276600
2023-08-09,OR,OR.BK,18.940900802612305,4415600
2023-08-10,OR,OR.BK,18.669021606445312,25977200
2023-08-11,OR,OR.BK,18.578397750854492,10207900
2023-08-15,OR,OR.BK,18.3065185546875,16252700
2023-08-16,OR,OR.BK,18.39714241027832,11988000
2023-08-17,OR,OR.BK,18.578397750854492,5978600
2023-08-18,OR,OR.BK,18.215892791748047,14108200
2023-08-21,OR,OR.BK,18.39714241027832,3673000
2023-08-22,OR,OR.BK,18.578397750854492,16652400
2023-08-23,OR,OR.BK,18.487770080566406,10890200
2023-08-24,OR,OR.BK,18.578397750854492,14871800
2023-08-25,OR,OR.BK,18.75965118408203,14987500
2023-08-28,OR,OR.BK,18.940900802612305,10408900
2023-08-29,OR,OR.BK,18.85027503967285,7497500
2023-08-30,OR,OR.BK,18.940900802612305,6437000
2023-08-31,OR,OR.BK,18.487770080566406,17222500
2023-09-01,OR,OR.BK,18.3065185546875,18247900
2023-09-04,OR,OR.BK,18.3065185546875,7602500
2023-09-05,OR,OR.BK,18.39714241027832,5380300
2023-09-06,OR,OR.BK,18.443023681640625,8457400
2023-09-07,OR,OR.BK,18.443023681640625,4422900
2023-09-08,OR,OR.BK,18.35126495361328,5378500
2023-09-11,OR,OR.BK,18.167753219604492,28189900
2023-09-12,OR,OR.BK,18.35126495361328,10747600
2023-09-13,OR,OR.BK,17.892484664916992,29999300
2023-09-14,OR,OR.BK,18.07599639892578,11794500
2023-09-15,OR,OR.BK,18.167753219604492,2488100
2023-09-18,OR,OR.BK,18.07599639892578,6508500
2023-09-19,OR,OR.BK,17.80072593688965,7701800
2023-09-20,OR,OR.BK,17.25018882751465,41428700
2023-09-21,OR,OR.BK,17.43370246887207,8342000
2023-09-22,OR,OR.BK,17.43370246887207,8186100
2023-09-25,OR,OR.BK,17.25018882751465,3245700
2023-09-26,OR,OR.BK,17.158432006835938,8917500
2023-09-27,OR,OR.BK,17.066679000854492,6361500
2023-09-28,OR,OR.BK,16.60789680480957,29729500
2023-09-29,OR,OR.BK,17.158432006835938,20489300
2023-10-02,OR,OR.BK,16.88316535949707,7117700
2023-10-03,OR,OR.BK,16.60789680480957,19610700
2023-10-04,OR,OR.BK,16.42438316345215,34425500
2023-10-05,OR,OR.BK,16.60789680480957,17698200
2023-10-06,OR,OR.BK,16.42438316345215,14193400
2023-10-09,OR,OR.BK,16.699649810791016,11010300
2023-10-10,OR,OR.BK,16.699649810791016,8571100
2023-10-11,OR,OR.BK,17.341947555541992,20813200
2023-10-12,OR,OR.BK,17.066679000854492,5524700
2023-10-16,OR,OR.BK,16.79140853881836,12833600
2023-10-17,OR,OR.BK,16.88316535949707,6464600
2023-10-18,OR,OR.BK,16.97492027282715,9027600
2023-10-19,OR,OR.BK,16.60789680480957,14884800
2023-10-20,OR,OR.BK,16.332626342773438,12308800
2023-10-24,OR,OR.BK,16.51613998413086,9942900
2023-10-25,OR,OR.BK,16.699649810791016,10498700
2023-10-26,OR,OR.BK,16.51613998413086,8919100
2023-10-27,OR,OR.BK,16.88316535949707,15345400
2023-10-30,OR,OR.BK,16.88316535949707,9941400
2023-10-31,OR,OR.BK,16.79140853881836,23856400
2023-11-01,OR,OR.BK,16.699649810791016,11257600
2023-11-02,OR,OR.BK,16.88316535949707,7299900
2023-11-03,OR,OR.BK,17.341947555541992,25141600
2023-11-06,OR,OR.BK,17.341947555541992,13835300
2023-11-07,OR,OR.BK,17.066679000854492,9384500
2023-11-08,OR,OR.BK,17.158432006835938,12368800
2023-11-09,OR,OR.BK,17.158432006835938,18034800
2023-11-10,OR,OR.BK,16.699649810791016,21739600
2023-11-13,OR,OR.BK,16.60789680480957,19425400
2023-11-14,OR,OR.BK,17.617216110229492,47455000
2023-11-15,OR,OR.BK,17.70897102355957,23719400
2023-11-16,OR,OR.BK,18.167753219604492,21537600
2023-11-17,OR,OR.BK,18.25950813293457,31428100
2023-11-20,OR,OR.BK,18.167753219604492,15927700
2023-11-21,OR,OR.BK,18.35126495361328,29483100
2023-11-22,OR,OR.BK,18.443023681640625,17637400
2023-11-23,OR,OR.BK,18.35126495361328,12272400
2023-11-24,OR,OR.BK,18.443023681640625,12645400
2023-11-27,OR,OR.BK,18.443023681640625,12882300
2023-11-28,OR,OR.BK,18.443023681640625,15367600
2023-11-29,OR,OR.BK,18.443023681640625,11174700
2023-11-30,OR,OR.BK,18.25950813293457,68273500
2023-12-01,OR,OR.BK,18.534780502319336,9524100
2023-12-04,OR,OR.BK,18.62653350830078,10004400
2023-12-06,OR,OR.BK,18.62653350830078,8599200
2023-12-07,OR,OR.BK,18.534780502319336,4867300
2023-12-08,OR,OR.BK,18.35126495361328,9282700
2023-12-12,OR,OR.BK,18.35126495361328,6273600
2023-12-13,OR,OR.BK,18.07599639892578,11300600
2023-12-14,OR,OR.BK,18.62653350830078,16364000
2023-12-15,OR,OR.BK,18.443023681640625,17247300
2023-12-18,OR,OR.BK,18.443023681640625,5719400
2023-12-19,OR,OR.BK,18.35126495361328,4891000
2023-12-20,OR,OR.BK,18.35126495361328,6522900
2023-12-21,OR,OR.BK,18.25950813293457,7575900
2023-12-22,OR,OR.BK,18.25950813293457,10480100
2023-12-25,OR,OR.BK,18.35126495361328,3014600
2023-12-26,OR,OR.BK,17.892484664916992,22004900
2023-12-27,OR,OR.BK,17.52545928955078,36486900
2023-12-28,OR,OR.BK,17.52545928955078,29142700
2024-01-03,OR,OR.BK,17.70897102355957,11321000
2024-01-04,OR,OR.BK,17.984241485595703,13179300
2024-01-05,OR,OR.BK,17.80072593688965,5506300
2024-01-08,OR,OR.BK,17.617216110229492,7915300
2024-01-09,OR,OR.BK,17.70897102355957,10703800
2024-01-10,OR,OR.BK,17.70897102355957,6647000
2024-01-11,OR,OR.BK,17.70897102355957,4971300
2024-01-12,OR,OR.BK,17.70897102355957,4164900
2024-01-15,OR,OR.BK,17.70897102355957,0
2024-01-16,OR,OR.BK,17.341947555541992,7692300
2024-01-17,OR,OR.BK,16.97492027282715,12619700
2024-01-18,OR,OR.BK,16.88316535949707,9424600
2024-01-19,OR,OR.BK,16.79140853881836,7542100
2024-01-22,OR,OR.BK,16.60789680480957,7997200
2024-01-23,OR,OR.BK,16.60789680480957,5481100
2024-01-24,OR,OR.BK,16.97492027282715,8666800
2024-01-25,OR,OR.BK,16.79140853881836,8120300
2024-01-26,OR,OR.BK,16.699649810791016,6596000
2024-01-29,OR,OR.BK,16.79140853881836,8655500
2024-01-30,OR,OR.BK,16.699649810791016,4592000
2024-01-31,OR,OR.BK,16.42438316345215,16927300
2024-02-01,OR,OR.BK,16.51613998413086,5151600
2024-02-02,OR,OR.BK,16.60789680480957,16190700
2024-02-05,OR,OR.BK,16.51613998413086,4541300
2024-02-06,OR,OR.BK,16.699649810791016,12340500
2024-02-07,OR,OR.BK,16.699649810791016,7431900
2024-02-08,OR,OR.BK,16.51613998413086,15408200
2024-02-09,OR,OR.BK,16.60789680480957,6134100
2024-02-12,OR,OR.BK,16.60789680480957,5775400
2024-02-13,OR,OR.BK,17.25018882751465,26620200
2024-02-14,OR,OR.BK,16.60789680480957,30822100
2024-02-15,OR,OR.BK,16.60789680480957,7448900
2024-02-16,OR,OR.BK,16.88316535949707,11441800
2024-02-19,OR,OR.BK,17.066679000854492,11963800
2024-02-20,OR,OR.BK,17.25018882751465,19681700
2024-02-21,OR,OR.BK,17.158432006835938,10857500
2024-02-22,OR,OR.BK,17.341947555541992,13210900
2024-02-23,OR,OR.BK,17.127849578857422,6834800
2024-02-27,OR,OR.BK,16.941675186157227,13890100
2024-02-28,OR,OR.BK,17.22093391418457,11064100
2024-02-29,OR,OR.BK,16.848590850830078,19753300
2024-03-01,OR,OR.BK,16.848590850830078,8655700
2024-03-04,OR,OR.BK,16.848590850830078,9676400
2024-03-05,OR,OR.BK,16.569332122802734,17591000
2024-03-06,OR,OR.BK,16.662418365478516,6986500
2024-03-07,OR,OR.BK,16.569332122802734,18700400
2024-03-08,OR,OR.BK,16.755504608154297,5214600
2024-03-11,OR,OR.BK,16.848590850830078,8246900
2024-03-12,OR,OR.BK,16.662418365478516,9463000
2024-03-13,OR,OR.BK,16.755504608154297,5942900
2024-03-14,OR,OR.BK,17.03476333618164,14677700
2024-03-15,OR,OR.BK,17.03476333618164,0
2024-03-18,OR,OR.BK,17.127849578857422,6397700
2024-03-19,OR,OR.BK,16.755504608154297,13392100
2024-03-20,OR,OR.BK,16.662418365478516,12700100
2024-03-21,OR,OR.BK,16.755504608154297,8905900
2024-03-22,OR,OR.BK,16.755504608154297,0
2024-03-25,OR,OR.BK,16.569332122802734,18185700
2024-03-26,OR,OR.BK,16.662418365478516,10532300
2024-03-27,OR,OR.BK,16.569332122802734,14757900
2024-03-28,OR,OR.BK,16.383159637451172,15191100
2024-03-29,OR,OR.BK,16.662418365478516,13085700
2024-04-01,OR,OR.BK,16.848590850830078,23378200
2024-04-02,OR,OR.BK,16.941675186157227,12958700
2024-04-03,OR,OR.BK,17.03476333618164,17837200
2024-04-04,OR,OR.BK,17.03476333618164,0
2024-04-05,OR,OR.BK,17.127849578857422,10614700
2024-04-09,OR,OR.BK,17.127849578857422,0
2024-04-10,OR,OR.BK,17.22093391418457,9048600
2024-04-11,OR,OR.BK,17.03476333618164,10237300
2024-04-17,OR,OR.BK,16.848590850830078,13722500
2024-04-18,OR,OR.BK,17.03476333618164,29943000
2024-04-19,OR,OR.BK,16.569332122802734,21983600
2024-04-22,OR,OR.BK,16.755504608154297,7853900
2024-04-23,OR,OR.BK,16.848590850830078,8343300
2024-04-24,OR,OR.BK,16.755504608154297,8430300
2024-04-25,OR,OR.BK,16.755504608154297,5247200
2024-04-26,OR,OR.BK,16.848590850830078,2162200
2024-04-29,OR,OR.BK,17.03476333618164,10283100
2024-04-30,OR,OR.BK,17.407106399536133,29062600
2024-05-02,OR,OR.BK,17.22093391418457,19856600
2024-05-03,OR,OR.BK,17.407106399536133,22128000
2024-05-07,OR,OR.BK,17.407106399536133,0
2024-05-08,OR,OR.BK,17.22093391418457,10560200
2024-05-09,OR,OR.BK,16.848590850830078,38058900
2024-05-10,OR,OR.BK,16.941675186157227,8426300
2024-05-13,OR,OR.BK,17.03476333618164,7570800
2024-05-14,OR,OR.BK,17.03476333618164,8503600
2024-05-15,OR,OR.BK,17.03476333618164,0
2024-05-16,OR,OR.BK,17.03476333618164,0
2024-05-17,OR,OR.BK,16.848590850830078,4991200
2024-05-20,OR,OR.BK,16.848590850830078,14280500
2024-05-21,OR,OR.BK,16.755504608154297,17636100
2024-05-23,OR,OR.BK,16.755504608154297,8051400
2024-05-24,OR,OR.BK,16.755504608154297,3695900
2024-05-27,OR,OR.BK,16.755504608154297,9336100
2024-05-28,OR,OR.BK,16.755504608154297,11829800
2024-05-29,OR,OR.BK,16.569332122802734,12568600
2024-05-30,OR,OR.BK,16.569332122802734,8514600
2024-05-31,OR,OR.BK,16.848590850830078,62288900
2024-06-04,OR,OR.BK,16.569332122802734,15685900
2024-06-05,OR,OR.BK,16.476245880126953,14033600
2024-06-06,OR,OR.BK,16.196989059448242,25693300
2024-06-07,OR,OR.BK,16.010814666748047,33679000
2024-06-10,OR,OR.BK,15.73155689239502,20134400
2024-06-11,OR,OR.BK,15.638470649719238,11132100
2024-06-12,OR,OR.BK,15.452299118041992,12330300
2024-06-13,OR,OR.BK,15.452299118041992,7013000
2024-06-14,OR,OR.BK,15.079955101013184,19781200
2024-06-17,OR,OR.BK,15.079955101013184,0
2024-06-18,OR,OR.BK,14.986867904663086,15215800
2024-06-19,OR,OR.BK,14.893781661987305,22779700
2024-06-20,OR,OR.BK,14.893781661987305,13526800
2024-06-21,OR,OR.BK,15.079955101013184,14270200
2024-06-24,OR,OR.BK,15.173039436340332,4305700
2024-06-25,OR,OR.BK,15.266124725341797,15104900
2024-06-26,OR,OR.BK,15.266124725341797,0
2024-06-27,OR,OR.BK,14.893781661987305,17454900
2024-06-28,OR,OR.BK,14.893781661987305,12152600
2024-07-01,OR,OR.BK,14.893781661987305,4941100
2024-07-02,OR,OR.BK,14.707610130310059,11768900
2024-07-03,OR,OR.BK,14.800694465637207,4812400
2024-07-04,OR,OR.BK,14.800694465637207,6981100
2024-07-05,OR,OR.BK,14.986867904663086,3738400
2024-07-08,OR,OR.BK,15.266124725341797,8649800
2024-07-09,OR,OR.BK,15.079955101013184,6162700
2024-07-10,OR,OR.BK,15.079955101013184,7228000
2024-07-11,OR,OR.BK,15.079955101013184,6502800
2024-07-12,OR,OR.BK,15.359212875366211,15346300
2024-07-15,OR,OR.BK,15.359212875366211,0
2024-07-16,OR,OR.BK,15.173039436340332,19245600
2024-07-17,OR,OR.BK,15.079955101013184,3772000
2024-07-18,OR,OR.BK,15.173039436340332,5806800
2024-07-19,OR,OR.BK,15.079955101013184,7519200
2024-07-23,OR,OR.BK,14.893781661987305,11112300
2024-07-24,OR,OR.BK,14.800694465637207,9191500
2024-07-25,OR,OR.BK,14.52143669128418,11295700
2024-07-26,OR,OR.BK,14.614522933959961,11888700
2024-07-30,OR,OR.BK,14.614522933959961,0
2024-07-31,OR,OR.BK,14.707610130310059,7791300
2024-08-01,OR,OR.BK,14.707610130310059,7051200
2024-08-02,OR,OR.BK,14.707610130310059,0
2024-08-05,OR,OR.BK,13.962919235229492,15947800
2024-08-06,OR,OR.BK,13.683661460876465,9689100
2024-08-07,OR,OR.BK,13.869833946228027,9601500
2024-08-08,OR,OR.BK,13.776747703552246,6610900
2024-08-09,OR,OR.BK,13.032058715820312,24547300
2024-08-13,OR,OR.BK,12.84588623046875,8919900
2024-08-14,OR,OR.BK,13.032058715820312,12656000
2024-08-15,OR,OR.BK,13.032058715820312,10108700
2024-08-16,OR,OR.BK,13.125144958496094,7715900
2024-08-19,OR,OR.BK,13.125144958496094,0
2024-08-20,OR,OR.BK,13.404402732849121,12741900
2024-08-21,OR,OR.BK,13.776747703552246,10870500
2024-08-22,OR,OR.BK,14.335264205932617,20197500
2024-08-23,OR,OR.BK,14.428350448608398,11941600
2024-08-26,OR,OR.BK,14.242177963256836,20480800
2024-08-27,OR,OR.BK,14.52143669128418,21848400
2024-08-28,OR,OR.BK,14.52143669128418,10694200
2024-08-29,OR,OR.BK,14.52143669128418,4693100
2024-08-30,OR,OR.BK,14.428350448608398,20579200
2024-09-02,OR,OR.BK,14.210455894470215,13335800
2024-09-03,OR,OR.BK,14.305193901062012,13451900
2024-09-04,OR,OR.BK,14.494665145874023,5877300
2024-09-05,OR,OR.BK,15.347294807434082,41832300
2024-09-06,OR,OR.BK,16.199922561645508,28237400
2024-09-09,OR,OR.BK,16.199922561645508,0
2024-09-10,OR,OR.BK,16.010448455810547,16690600
2024-09-11,OR,OR.BK,15.820974349975586,27665600
2024-09-12,OR,OR.BK,15.820974349975586,7444100
2024-09-13,OR,OR.BK,15.820974349975586,6537700
2024-09-16,OR,OR.BK,16.10518455505371,28819800
2024-09-17,OR,OR.BK,15.915711402893066,7958800
2024-09-18,OR,OR.BK,16.010448455810547,6488600
2024-09-19,OR,OR.BK,16.484130859375,17829100
2024-09-20,OR,OR.BK,16.38939094543457,27352500
2024-09-23,OR,OR.BK,16.199922561645508,9473100
2024-09-24,OR,OR.BK,16.38939094543457,15451700
2024-09-25,OR,OR.BK,16.29465675354004,12957100
2024-09-26,OR,OR.BK,16.673603057861328,58439500
2024-09-27,OR,OR.BK,16.484130859375,34813400
2024-09-30,OR,OR.BK,16.673603057861328,31486800
2024-10-01,OR,OR.BK,16.673603057861328,9607100
2024-10-02,OR,OR.BK,16.38939094543457,16982600
2024-10-03,OR,OR.BK,16.199922561645508,11498400
2024-10-04,OR,OR.BK,15.915711402893066,20533800
2024-10-07,OR,OR.BK,16.010448455810547,3875300
2024-10-08,OR,OR.BK,16.010448455810547,7630100
2024-10-09,OR,OR.BK,15.820974349975586,4481000
2024-10-10,OR,OR.BK,15.820974349975586,10426700
2024-10-11,OR,OR.BK,15.726240158081055,7088600
2024-10-15,OR,OR.BK,15.915711402893066,11725700
2024-10-16,OR,OR.BK,15.915711402893066,0
2024-10-17,OR,OR.BK,15.915711402893066,4572000
2024-10-18,OR,OR.BK,15.726240158081055,3469900
2024-10-21,OR,OR.BK,15.631503105163574,4495000
2024-10-22,OR,OR.BK,15.252557754516602,13300500
2024-10-24,OR,OR.BK,14.778875350952148,11659100
2024-10-25,OR,OR.BK,14.968348503112793,7510400
2024-10-28,OR,OR.BK,15.06308364868164,9781300
2024-10-29,OR,OR.BK,14.873611450195312,5412400
2024-10-30,OR,OR.BK,14.589402198791504,7896500
2024-10-31,OR,OR.BK,14.589402198791504,10988600
2024-11-01,OR,OR.BK,14.589402198791504,4715600
2024-11-04,OR,OR.BK,14.494665145874023,6210300
2024-11-05,OR,OR.BK,14.684138298034668,9198700
2024-11-06,OR,OR.BK,14.210455894470215,10459400
2024-11-07,OR,OR.BK,14.210455894470215,7601100
2024-11-08,OR,OR.BK,13.736774444580078,17302300
2024-11-11,OR,OR.BK,13.736774444580078,5217700
2024-11-12,OR,OR.BK,13.642038345336914,5052200
2024-11-13,OR,OR.BK,13.642038345336914,3857600
2024-11-14,OR,OR.BK,13.357829093933105,9710200
2024-11-15,OR,OR.BK,13.452566146850586,4161000
2024-11-18,OR,OR.BK,13.831512451171875,6905600
2024-11-19,OR,OR.BK,14.115720748901367,8312100
2024-11-20,OR,OR.BK,13.926247596740723,7887400
2024-11-21,OR,OR.BK,14.020983695983887,12197800
2024-11-22,OR,OR.BK,14.210455894470215,4089600
2024-11-25,OR,OR.BK,13.642038345336914,23509400
2024-11-26,OR,OR.BK,13.54730224609375,7190600
2024-11-27,OR,OR.BK,13.452566146850586,11684400
2024-11-28,OR,OR.BK,12.884147644042969,30853600
2024-11-29,OR,OR.BK,13.357829093933105,25754600
2024-12-02,OR,OR.BK,13.357829093933105,10850700
2024-12-03,OR,OR.BK,13.54730224609375,5921900
2024-12-04,OR,OR.BK,13.357829093933105,4270200
2024-12-06,OR,OR.BK,13.357829093933105,6112100
2024-12-09,OR,OR.BK,13.168356895446777,6942300
2024-12-11,OR,OR.BK,13.357829093933105,5352500
2024-12-12,OR,OR.BK,13.073619842529297,7159400
2024-12-13,OR,OR.BK,13.073619842529297,6157900
2024-12-16,OR,OR.BK,13.073619842529297,6001900
2024-12-17,OR,OR.BK,12.50520133972168,12739600
2024-12-18,OR,OR.BK,12.59993839263916,10512500
2024-12-19,OR,OR.BK,12.410466194152832,7454200
2024-12-20,OR,OR.BK,12.410466194152832,12047300
2024-12-23,OR,OR.BK,12.694674491882324,6754500
2024-12-24,OR,OR.BK,12.694674491882324,4323100
2024-12-25,OR,OR.BK,12.789410591125488,8975100
2024-12-26,OR,OR.BK,12.789410591125488,4867600
2024-12-27,OR,OR.BK,12.789410591125488,11069500
2024-12-30,OR,OR.BK,12.59993839263916,4091300
2025-01-02,OR,OR.BK,12.315729141235352,13595100
2025-01-03,OR,OR.BK,12.315729141235352,12208500
2025-01-06,OR,OR.BK,11.747310638427734,22543600
2025-01-07,OR,OR.BK,11.842047691345215,16813200
2025-01-08,OR,OR.BK,11.55783748626709,13308900
2025-01-09,OR,OR.BK,11.273629188537598,16130900
2025-01-10,OR,OR.BK,11.084156036376953,21154500
2025-01-13,OR,OR.BK,11.084156036376953,14897300
2025-01-14,OR,OR.BK,11.273629188537598,20062200
2025-01-15,OR,OR.BK,11.55783748626709,15073200
2025-01-16,OR,OR.BK,11.368366241455078,9753200
2025-01-17,OR,OR.BK,11.273629188537598,9007500
2025-01-20,OR,OR.BK,11.178893089294434,5026700
2025-01-21,OR,OR.BK,11.178893089294434,18420900
2025-01-22,OR,OR.BK,11.178893089294434,11080500
2025-01-23,OR,OR.BK,10.894682884216309,10921700
2025-01-24,OR,OR.BK,10.989420890808105,4798200
2025-01-27,OR,OR.BK,10.894682884216309,6189400
2025-01-28,OR,OR.BK,11.273629188537598,26554400
2025-01-29,OR,OR.BK,11.084156036376953,11555800
2025-01-30,OR,OR.BK,11.178893089294434,23817700
2025-01-31,OR,OR.BK,10.989420890808105,29421500
2025-02-03,OR,OR.BK,10.799947738647461,22703400
2025-02-04,OR,OR.BK,10.705211639404297,13921700
2025-02-05,OR,OR.BK,10.705211639404297,11594400
2025-02-06,OR,OR.BK,10.326264381408691,20522200
2025-02-07,OR,OR.BK,10.705211639404297,23890100
2025-02-10,OR,OR.BK,10.515739440917969,9100500
2025-02-11,OR,OR.BK,10.799947738647461,12353100
2025-02-13,OR,OR.BK,11.55783748626709,49190100
2025-02-14,OR,OR.BK,11.747310638427734,19165400
2025-02-17,OR,OR.BK,11.747310638427734,35095300
2025-02-18,OR,OR.BK,11.65257453918457,10365800
2025-02-19,OR,OR.BK,11.842047691345215,10619700
2025-02-20,OR,OR.BK,11.65257453918457,16867700
2025-02-21,OR,OR.BK,11.55783748626709,7303400
2025-02-24,OR,OR.BK,11.395051956176758,15290800
2025-02-25,OR,OR.BK,10.916268348693848,18418400
2025-02-26,OR,OR.BK,11.012025833129883,15014700
2025-02-27,OR,OR.BK,10.72475528717041,12792400
2025-02-28,OR,OR.BK,10.533241271972656,31089700
2025-03-03,OR,OR.BK,11.012025833129883,13390000
2025-03-04,OR,OR.BK,10.341728210449219,14197400
2025-03-05,OR,OR.BK,10.916268348693848,17768900
2025-03-06,OR,OR.BK,10.533241271972656,22458600
2025-03-07,OR,OR.BK,10.72475528717041,10832200
2025-03-10,OR,OR.BK,10.341728210449219,17397200
2025-03-11,OR,OR.BK,10.437484741210938,27758600
2025-03-12,OR,OR.BK,10.054457664489746,16914200
2025-03-13,OR,OR.BK,9.958700180053711,11351400
2025-03-14,OR,OR.BK,10.054457664489746,22867500
2025-03-17,OR,OR.BK,10.054457664489746,11516200
2025-03-18,OR,OR.BK,9.958700180053711,20934000
2025-03-19,OR,OR.BK,10.341728210449219,30242200
2025-03-20,OR,OR.BK,10.245970726013184,16485900
2025-03-21,OR,OR.BK,10.150215148925781,20936800
2025-03-24,OR,OR.BK,10.245970726013184,6435100
2025-03-25,OR,OR.BK,10.054457664489746,13192500
2025-03-26,OR,OR.BK,10.628998756408691,39754700
2025-03-27,OR,OR.BK,10.916268348693848,26514200
2025-03-28,OR,OR.BK,11.395051956176758,49459200
2025-03-31,OR,OR.BK,11.299296379089355,48476100
2025-04-01,OR,OR.BK,11.395051956176758,10685700
2025-04-02,OR,OR.BK,11.77807903289795,40259200
2025-04-03,OR,OR.BK,11.873834609985352,28127700
2025-04-04,OR,OR.BK,11.490809440612793,26234700
2025-04-08,OR,OR.BK,11.012025833129883,30936000
2025-04-09,OR,OR.BK,11.586565017700195,28937800
2025-04-10,OR,OR.BK,12.065349578857422,50239800
2025-04-11,OR,OR.BK,11.873834609985352,21156800
2025-04-16,OR,OR.BK,12.065349578857422,37299900
2025-04-17,OR,OR.BK,11.969592094421387,16964100
2025-04-18,OR,OR.BK,12.161105155944824,17161600
2025-04-21,OR,OR.BK,12.352619171142578,25772000
2025-04-22,OR,OR.BK,12.544133186340332,21097100
2025-04-23,OR,OR.BK,12.63988971710205,23387300
2025-04-24,OR,OR.BK,12.352619171142578,16465200
2025-04-25,OR,OR.BK,12.544133186340332,23636900
2025-04-28,OR,OR.BK,13.118673324584961,32339200
2025-04-29,OR,OR.BK,13.597456932067871,31735500
2025-04-30,OR,OR.BK,13.884727478027344,31485300
2025-05-02,OR,OR.BK,13.884727478027344,16473700
2025-05-06,OR,OR.BK,14.076240539550781,27003300
2025-05-07,OR,OR.BK,14.076240539550781,13732900
2025-05-08,OR,OR.BK,13.884727478027344,182234908
2025-05-09,OR,OR.BK,13.693214416503906,28921800
2025-05-13,OR,OR.BK,13.022916793823242,45442000
2025-05-14,OR,OR.BK,12.927160263061523,35195800
2025-05-15,OR,OR.BK,12.63988971710205,35910100
2025-05-16,OR,OR.BK,12.25686264038086,19152400
2025-05-19,OR,OR.BK,12.448375701904297,51715800
2025-05-20,OR,OR.BK,12.25686264038086,25616400
2025-05-21,OR,OR.BK,12.065349578857422,25398900
2025-05-22,OR,OR.BK,11.969592094421387,12149700
2025-05-23,OR,OR.BK,12.448375701904297,22309200
2025-05-26,OR,OR.BK,12.065349578857422,24322800
2025-05-27,OR,OR.BK,11.682321548461914,19695300
2025-05-28,OR,OR.BK,11.682321548461914,8173500
2025-05-29,OR,OR.BK,11.586565017700195,21760300
2025-05-30,OR,OR.BK,11.299296379089355,59815500
2025-06-04,OR,OR.BK,11.395051956176758,25793000
2025-06-05,OR,OR.BK,11.299296379089355,17877700
2025-06-06,OR,OR.BK,11.490809440612793,15791000
2025-06-09,OR,OR.BK,11.586565017700195,7632800
2025-06-10,OR,OR.BK,11.299296379089355,14599300
2025-06-11,OR,OR.BK,11.395051956176758,11203400
2025-06-12,OR,OR.BK,11.107782363891602,10060200
2025-06-13,OR,OR.BK,11.012025833129883,16775100
2025-06-16,OR,OR.BK,10.820511817932129,17099700
2025-06-17,OR,OR.BK,10.820511817932129,9433400
2025-06-18,OR,OR.BK,10.533241271972656,15387500
2025-06-19,OR,OR.BK,10.054457664489746,17578600
2025-06-20,OR,OR.BK,10.054457664489746,21931700
2025-06-23,OR,OR.BK,9.767187118530273,25946300
2025-06-24,OR,OR.BK,10.150215148925781,33488000
2025-06-25,OR,OR.BK,10.341728210449219,23358600
2025-06-26,OR,OR.BK,10.628998756408691,24679400
2025-06-27,OR,OR.BK,10.341728210449219,18701700
2025-06-30,OR,OR.BK,10.820511817932129,20722500
2025-07-01,OR,OR.BK,10.916268348693848,16476700
2025-07-02,OR,OR.BK,10.916268348693848,12582100
2025-07-03,OR,OR.BK,10.820511817932129,5835000
2025-07-04,OR,OR.BK,10.628998756408691,7417600
2025-07-07,OR,OR.BK,10.628998756408691,14752300
2025-07-08,OR,OR.BK,10.72475528717041,9434200
2025-07-09,OR,OR.BK,10.533241271972656,7427100
2025-07-11,OR,OR.BK,10.916268348693848,9186000
2025-07-14,OR,OR.BK,11.107782363891602,13205500
2025-07-15,OR,OR.BK,11.299296379089355,13594600
2025-07-16,OR,OR.BK,11.490809440612793,17467700
2025-07-17,OR,OR.BK,11.969592094421387,25065300
2025-07-18,OR,OR.BK,12.161105155944824,13367500
2025-07-21,OR,OR.BK,12.065349578857422,13053200
2025-07-22,OR,OR.BK,12.065349578857422,21241600
2025-07-23,OR,OR.BK,12.73564624786377,28000700
2025-07-24,OR,OR.BK,12.448375701904297,18127700
2025-07-25,OR,OR.BK,12.448375701904297,20072900
2025-07-29,OR,OR.BK,12.73564624786377,23348800
2025-07-30,OR,OR.BK,13.405943870544434,34864900
2025-07-31,OR,OR.BK,13.310186386108398,17512900
2025-08-01,OR,OR.BK,12.63988971710205,21439900
2025-08-04,OR,OR.BK,13.022916793823242,9525500
2025-08-05,OR,OR.BK,12.544133186340332,27285100
2025-08-06,OR,OR.BK,12.544133186340332,40471800
2025-08-07,OR,OR.BK,12.352619171142578,24953800
2025-08-08,OR,OR.BK,12.352619171142578,32970200
2025-08-13,OR,OR.BK,12.448375701904297,73370100
2025-08-14,OR,OR.BK,12.927160263061523,50298700
2025-08-15,OR,OR.BK,12.544133186340332,28806900
2025-08-18,OR,OR.BK,12.544133186340332,35675300
2025-08-19,OR,OR.BK,12.448375701904297,33011200
2025-08-20,OR,OR.BK,12.544133186340332,43052800
2025-08-21,OR,OR.BK,12.161105155944824,40339800
2025-08-22,OR,OR.BK,12.25686264038086,25025100
2025-08-25,OR,OR.BK,12.352619171142578,31563700
2025-08-26,OR,OR.BK,11.873834609985352,344195000
2025-08-27,OR,OR.BK,11.969592094421387,56440400
2025-08-28,OR,OR.BK,12.448375701904297,55014600
2025-08-29,OR,OR.BK,12.73564624786377,61550100
2025-09-01,OR,OR.BK,12.73564624786377,34747200
2025-09-02,OR,OR.BK,12.63988971710205,49728700
2025-09-03,OR,OR.BK,13.022916793823242,67007100
2025-09-04,OR,OR.BK,13.512500762939453,48874700
2025-09-05,OR,OR.BK,14.100000381469727,61768900
2025-09-08,OR,OR.BK,14.295833587646484,47052100
2025-09-09,OR,OR.BK,14.197916984558105,48167800
2025-09-10,OR,OR.BK,14.197916984558105,23825000
2025-09-11,OR,OR.BK,14.197916984558105,23010600
2025-09-12,OR,OR.BK,13.904167175292969,15594200
2025-09-15,OR,OR.BK,14.002083778381348,26764700
2025-09-16,OR,OR.BK,14.100000381469727,25329000
2025-09-17,OR,OR.BK,13.80625057220459,21354600
2025-09-18,OR,OR.BK,13.512500762939453,26971400
2025-09-19,OR,OR.BK,13.512500762939453,26586300
2025-09-22,OR,OR.BK,13.414583206176758,11525200
2025-09-23,OR,OR.BK,13.21875,13365700
2025-09-24,OR,OR.BK,13.316667556762695,9729100
2025-09-25,OR,OR.BK,13.414583206176758,23285100
2025-09-26,OR,OR.BK,14.197916984558105,54958000
2025-09-29,OR,OR.BK,14.197916984558105,26523900
2025-09-30,OR,OR.BK,13.904167175292969,27897200
2025-10-01,OR,OR.BK,13.708333969116211,17375600
2025-10-02,OR,OR.BK,13.80625057220459,18686600
2025-10-03,OR,OR.BK,13.708333969116211,12273100
2025-10-06,OR,OR.BK,13.610416412353516,15763600
2025-10-07,OR,OR.BK,13.610416412353516,0
2025-10-08,OR,OR.BK,13.21875,22358000
2025-10-09,OR,OR.BK,13.120833396911621,23021400
2025-10-10,OR,OR.BK,13.120833396911621,34854000
2025-10-14,OR,OR.BK,12.729166984558105,21227400
2025-10-15,OR,OR.BK,13.414583206176758,28702100
2025-10-16,OR,OR.BK,13.316667556762695,13914300
2025-10-17,OR,OR.BK,13.21875,15082900
2025-10-20,OR,OR.BK,13.414583206176758,12381500
2025-10-21,OR,OR.BK,13.610416412353516,14481600
2025-10-22,OR,OR.BK,13.512500762939453,15944200
2025-10-24,OR,OR.BK,13.610416412353516,10212800
2025-10-27,OR,OR.BK,14.100000381469727,30962800
2025-10-28,OR,OR.BK,14.002083778381348,68056600
2025-10-29,OR,OR.BK,14.002083778381348,13033700
2025-10-30,OR,OR.BK,14.393750190734863,26923500
2025-10-31,OR,OR.BK,14.393750190734863,8942500
2025-11-03,OR,OR.BK,14.197916984558105,29613200
2025-11-04,OR,OR.BK,14.295833587646484,39383300
2025-11-05,OR,OR.BK,14.197916984558105,10809900
2025-11-06,OR,OR.BK,14.197916984558105,12323100
2025-11-07,OR,OR.BK,13.904167175292969,18290100
2025-11-10,OR,OR.BK,14.002083778381348,9097300
2025-11-11,OR,OR.BK,13.904167175292969,9960700
2025-11-12,OR,OR.BK,13.708333969116211,11692200
2025-11-13,OR,OR.BK,13.414583206176758,17963300
2025-11-14,OR,OR.BK,13.414583206176758,6291100
2025-11-17,OR,OR.BK,13.316667556762695,15713900
2025-11-18,OR,OR.BK,13.022916793823242,10548700
2025-11-19,OR,OR.BK,12.925000190734863,9350000
2025-11-20,OR,OR.BK,13.022916793823242,13299000
2025-11-21,OR,OR.BK,12.63124942779541,25547600
2025-11-24,OR,OR.BK,12.827083587646484,9266800
2025-11-25,OR,OR.BK,12.827083587646484,9114500
2025-11-26,OR,OR.BK,12.827083587646484,6237600
2025-11-27,OR,OR.BK,12.925000190734863,6390600
2025-11-28,OR,OR.BK,13.21875,16506600
2025-12-01,OR,OR.BK,13.610416412353516,14841600
2025-12-02,OR,OR.BK,13.512500762939453,8173700
2025-12-03,OR,OR.BK,13.120833396911621,10738000
2025-12-04,OR,OR.BK,12.925000190734863,7895400
2025-12-08,OR,OR.BK,12.827083587646484,18821300
2025-12-09,OR,OR.BK,12.729166984558105,8906300
2025-12-11,OR,OR.BK,12.729166984558105,8439900
2025-12-12,OR,OR.BK,13.022916793823242,14540600
2025-12-15,OR,OR.BK,12.827083587646484,20063400
2025-12-16,OR,OR.BK,12.729166984558105,8276400
2025-12-17,OR,OR.BK,12.827083587646484,7253400
2025-12-18,OR,OR.BK,12.435417175292969,20096900
2025-12-19,OR,OR.BK,12.925000190734863,15375400
2025-12-22,OR,OR.BK,13.022916793823242,7333500
2025-12-23,OR,OR.BK,13.21875,9743000
2025-12-24,OR,OR.BK,13.21875,4748800
2025-12-25,OR,OR.BK,13.022916793823242,3640100
2025-12-26,OR,OR.BK,12.925000190734863,4233100
2025-12-29,OR,OR.BK,12.729166984558105,6003800
2025-12-30,OR,OR.BK,13.022916793823242,10427100
2026-01-05,OR,OR.BK,13.21875,15295400
2026-01-06,OR,OR.BK,12.827083587646484,15261500
2026-01-07,OR,OR.BK,13.414583206176758,23123600
2026-01-08,OR,OR.BK,13.512500762939453,26196000
2026-01-09,OR,OR.BK,13.512500762939453,12648000
2026-01-12,OR,OR.BK,13.414583206176758,11337600
2026-01-13,OR,OR.BK,13.414583206176758,16962000
2026-01-14,OR,OR.BK,13.21875,13904200
2026-01-15,OR,OR.BK,13.414583206176758,12828600
2026-01-16,OR,OR.BK,13.904167175292969,40189800
2026-01-19,OR,OR.BK,13.904167175292969,18801500
2026-01-20,OR,OR.BK,14.197916984558105,34649600
2026-01-21,OR,OR.BK,15.27500057220459,70891100
2026-01-22,OR,OR.BK,14.981250762939453,26498300
2026-01-23,OR,OR.BK,14.883333206176758,14626200
2026-01-26,OR,OR.BK,14.100000381469727,50362900
2026-01-27,OR,OR.BK,13.708333969116211,33575300
2026-01-28,OR,OR.BK,13.610416412353516,38300300
2026-01-29,OR,OR.BK,13.120833396911621,46859100
2026-01-30,OR,OR.BK,13.316667556762695,25393900
2026-02-02,OR,OR.BK,13.120833396911621,21599500
2026-02-03,OR,OR.BK,13.21875,37930700
2026-02-04,OR,OR.BK,13.21875,19430400
2026-02-05,OR,OR.BK,13.414583206176758,40608100
2026-02-06,OR,OR.BK,13.512500762939453,10227700
2026-02-09,OR,OR.BK,13.904167175292969,43640000
2026-02-10,OR,OR.BK,13.610416412353516,36141500
2026-02-11,OR,OR.BK,13.708333969116211,70367100
2026-02-12,OR,OR.BK,14.002083778381348,59978500
2026-02-13,OR,OR.BK,13.904167175292969,33441100
2026-02-16,OR,OR.BK,13.904167175292969,14675500
2026-02-17,OR,OR.BK,13.904167175292969,31997800
2026-02-18,OR,OR.BK,14.197916984558105,70113900
2026-02-19,OR,OR.BK,14.393750190734863,88771200
2026-02-20,OR,OR.BK,14.100000381469727,43039100
2026-02-23,OR,OR.BK,13.899999618530273,34231200
2026-02-24,OR,OR.BK,13.699999809265137,43450400
2026-02-25,OR,OR.BK,13.600000381469727,32162500
2026-02-26,OR,OR.BK,13.600000381469727,28241000
2026-02-27,OR,OR.BK,13.399999618530273,47610900
2026-03-02,OR,OR.BK,12.399999618530273,81166400
2026-03-04,OR,OR.BK,11.800000190734863,103255200
2026-03-05,OR,OR.BK,11.399999618530273,92738600
2026-03-06,OR,OR.BK,11.300000190734863,50929700
2026-03-09,OR,OR.BK,11.100000381469727,84726000
2026-03-10,OR,OR.BK,11.199999809265137,33446300
2026-03-11,OR,OR.BK,11.100000381469727,31084300
2026-03-12,OR,OR.BK,11.300000190734863,22658500
2026-03-13,OR,OR.BK,11.100000381469727,34080900
2026-03-16,OR,OR.BK,11.100000381469727,24450000
2026-03-17,OR,OR.BK,11.699999809265137,61059300
2026-03-18,OR,OR.BK,11.300000190734863,45525500
2026-03-19,OR,OR.BK,11.100000381469727,26163200
2026-03-20,OR,OR.BK,11.300000190734863,15295700
2026-03-23,OR,OR.BK,11.100000381469727,16912100
2026-03-24,OR,OR.BK,11.199999809265137,7700500
2026-03-25,OR,OR.BK,11.399999618530273,22162400
2026-03-26,OR,OR.BK,12.300000190734863,161305000
2026-03-27,OR,OR.BK,12.300000190734863,55387300
2026-03-30,OR,OR.BK,12.300000190734863,18338200
2026-03-31,OR,OR.BK,13.100000381469727,64388500
2026-04-01,OR,OR.BK,12.800000190734863,61098900
2026-04-02,OR,OR.BK,12.899999618530273,29887800
2026-04-03,OR,OR.BK,12.300000190734863,59053800
2026-04-07,OR,OR.BK,12.5,36848300
2026-04-08,OR,OR.BK,12.699999809265137,24418300
2026-04-09,OR,OR.BK,12.100000381469727,48517500
2026-04-10,OR,OR.BK,12.199999809265137,14960800
2026-04-16,OR,OR.BK,12.100000381469727,22372700
2026-04-17,OR,OR.BK,12.0,4099700
2026-04-20,OR,OR.BK,12.300000190734863,17405200
2026-04-21,OR,OR.BK,12.199999809265137,14412900
2026-04-22,OR,OR.BK,12.100000381469727,6177400
2026-04-23,OR,OR.BK,12.0,17189500
2026-04-24,OR,OR.BK,11.899999618530273,9468500
2026-04-27,OR,OR.BK,12.199999809265137,28890100
2026-04-28,OR,OR.BK,11.899999618530273,20657700
2026-04-29,OR,OR.BK,12.199999809265137,38458300
2026-04-30,OR,OR.BK,12.300000190734863,21112700
2026-05-01,OR,OR.BK,12.300000190734863,0
2026-05-04,OR,OR.BK,12.300000190734863,0
2026-05-05,OR,OR.BK,12.300000190734863,12430200
2026-05-06,OR,OR.BK,12.5,32635300
2026-05-07,OR,OR.BK,12.399999618530273,11745300
2026-05-08,OR,OR.BK,12.300000190734863,17400300
2026-05-11,OR,OR.BK,12.399999618530273,4585600
2026-05-12,OR,OR.BK,12.300000190734863,10854200
2026-05-13,OR,OR.BK,12.5,29637100
2026-05-14,OR,OR.BK,12.699999809265137,17319900
2026-05-15,OR,OR.BK,12.600000381469727,7984400
2026-05-18,OR,OR.BK,12.5,21316100
2026-05-19,OR,OR.BK,12.5,14846500
2026-05-20,OR,OR.BK,12.600000381469727,11687200
2026-05-21,OR,OR.BK,12.699999809265137,20472800
2026-05-22,OR,OR.BK,12.699999809265137,16543000
2026-05-25,OR,OR.BK,12.600000381469727,12192000
2026-05-26,OR,OR.BK,12.5,20759900
2026-05-27,OR,OR.BK,12.5,14063800
2026-05-28,OR,OR.BK,12.399999618530273,8706400
2026-05-29,OR,OR.BK,12.399999618530273,5134500
2026-06-01,OR,OR.BK,12.399999618530273,0
2026-06-02,OR,OR.BK,12.5,27272600
2026-06-03,OR,OR.BK,12.5,0
2026-06-04,OR,OR.BK,12.399999618530273,20134700
2026-06-05,OR,OR.BK,12.5,7689400
2026-06-08,OR,OR.BK,12.300000190734863,15952000
2026-06-09,OR,OR.BK,12.399999618530273,4148800
2026-06-10,OR,OR.BK,12.100000381469727,14147400
2026-06-11,OR,OR.BK,11.899999618530273,39144700
2026-06-12,OR,OR.BK,12.100000381469727,16932100
2026-06-15,OR,OR.BK,12.199999809265137,9024200
2026-06-16,OR,OR.BK,12.300000190734863,3490200
2026-06-17,OR,OR.BK,12.399999618530273,19415700
2026-06-18,OR,OR.BK,12.300000190734863,9069300
2026-06-19,OR,OR.BK,12.399999618530273,10527300
2026-06-22,OR,OR.BK,12.199999809265137,20202900
2026-06-23,OR,OR.BK,12.100000381469727,4584900
2026-06-24,OR,OR.BK,12.199999809265137,9850700
2026-06-25,OR,OR.BK,12.100000381469727,11686900
2026-06-26,OR,OR.BK,12.199999809265137,23068900
2026-06-29,OR,OR.BK,12.300000190734863,20166400
2026-06-30,OR,OR.BK,12.5,45563500
2026-07-01,OR,OR.BK,12.300000190734863,18376400
2026-07-02,OR,OR.BK,12.5,15164500
2026-07-03,OR,OR.BK,12.699999809265137,34096900
2026-07-06,OR,OR.BK,12.800000190734863,23857900
2026-07-07,OR,OR.BK,12.699999809265137,20623800
2026-07-08,OR,OR.BK,12.5,18129500
2026-07-09,OR,OR.BK,12.600000381469727,14421200
2026-07-10,OR,OR.BK,12.699999809265137,13270600
2026-07-13,OR,OR.BK,12.800000190734863,12598600
2026-07-14,OR,OR.BK,12.600000381469727,18263700
2026-07-15,OR,OR.BK,12.800000190734863,26009400
2026-07-16,OR,OR.BK,12.899999618530273,48352000
2026-07-17,OR,OR.BK,13.0,26414800
2026-07-20,OR,OR.BK,13.100000381469727,26040800
2026-07-21,OR,OR.BK,13.100000381469727,22277400
2026-07-22,OR,OR.BK,13.0,29669500
2026-07-23,OR,OR.BK,12.699999809265137,41895700
2026-07-24,OR,OR.BK,12.800000190734863,17514400
2026-07-27,OR,OR.BK,12.800000190734863,16767500
2026-07-28,OR,OR.BK,12.800000190734863,0
2026-07-29,OR,OR.BK,12.800000190734863,0
2026-07-30,OR,OR.BK,12.800000190734863,13177400
2026-07-31,OR,OR.BK,12.800000190734863,10409700
2026-08-03,OR,OR.BK,12.800000190734863,18894200
2026-08-04,OR,OR.BK,12.800000190734863,15921100
2026-08-05,OR,OR.BK,12.600000381469727,16226300
2026-08-06,OR,OR.BK,12.699999809265137,12606700
2026-08-07,OR,OR.BK,,26486420
