Year,Month,Item,Quantity,Unit
1986,January,Crude Production,36394,Barrels/Day
1986,January,Crude Import,130765,Barrels/Day
1986,January,Crude Throughput,167640,Barrels/Day
1986,January,Oil Products Production,188981,Barrels/Day
1986,January,Oil Products Import,45463,Barrels/Day
1986,January,Oil Products Supply,234444,Barrels/Day
1986,January,Oil Products Consumption,236592,Barrels/Day
1986,January,Mogas Consumption,36898,Barrels/Day
1986,January,Diesel Oil Consumption,105548,Barrels/Day
1986,January,Others Consumption,94145,Barrels/Day
1986,January,Oil Products Demand,236592,Barrels/Day
1986,February,Crude Production,36323,Barrels/Day
1986,February,Crude Import,140657,Barrels/Day
1986,February,Crude Throughput,185835,Barrels/Day
1986,February,Oil Products Production,195232,Barrels/Day
1986,February,Oil Products Import,50098,Barrels/Day
1986,February,Oil Products Supply,245330,Barrels/Day
1986,February,Oil Products Consumption,230499,Barrels/Day
1986,February,Mogas Consumption,37934,Barrels/Day
1986,February,Diesel Oil Consumption,104468,Barrels/Day
1986,February,Others Consumption,88096,Barrels/Day
1986,February,Oil Products Demand,230499,Barrels/Day
1986,March,Crude Production,36765,Barrels/Day
1986,March,Crude Import,176945,Barrels/Day
1986,March,Crude Throughput,181892,Barrels/Day
1986,March,Oil Products Production,192149,Barrels/Day
1986,March,Oil Products Import,24071,Barrels/Day
1986,March,Oil Products Supply,216220,Barrels/Day
1986,March,Oil Products Consumption,237694,Barrels/Day
1986,March,Mogas Consumption,38185,Barrels/Day
1986,March,Diesel Oil Consumption,105195,Barrels/Day
1986,March,Others Consumption,94312,Barrels/Day
1986,March,Oil Products Demand,237694,Barrels/Day
1986,April,Crude Production,31269,Barrels/Day
1986,April,Crude Import,155277,Barrels/Day
1986,April,Crude Throughput,185381,Barrels/Day
1986,April,Oil Products Production,194937,Barrels/Day
1986,April,Oil Products Import,60284,Barrels/Day
1986,April,Oil Products Supply,255222,Barrels/Day
1986,April,Oil Products Consumption,238464,Barrels/Day
1986,April,Mogas Consumption,41556,Barrels/Day
1986,April,Diesel Oil Consumption,102542,Barrels/Day
1986,April,Others Consumption,94364,Barrels/Day
1986,April,Oil Products Demand,238464,Barrels/Day
1986,May,Crude Production,35300,Barrels/Day
1986,May,Crude Import,122429,Barrels/Day
1986,May,Crude Throughput,183815,Barrels/Day
1986,May,Oil Products Production,192929,Barrels/Day
1986,May,Oil Products Import,46185,Barrels/Day
1986,May,Oil Products Supply,239114,Barrels/Day
1986,May,Oil Products Consumption,226747,Barrels/Day
1986,May,Mogas Consumption,38365,Barrels/Day
1986,May,Diesel Oil Consumption,100133,Barrels/Day
1986,May,Others Consumption,88248,Barrels/Day
1986,May,Oil Products Demand,226747,Barrels/Day
1986,June,Crude Production,34932,Barrels/Day
1986,June,Crude Import,164559,Barrels/Day
1986,June,Crude Throughput,149912,Barrels/Day
1986,June,Oil Products Production,155796,Barrels/Day
1986,June,Oil Products Import,58798,Barrels/Day
1986,June,Oil Products Supply,214594,Barrels/Day
1986,June,Oil Products Consumption,219537,Barrels/Day
1986,June,Mogas Consumption,35554,Barrels/Day
1986,June,Diesel Oil Consumption,94205,Barrels/Day
1986,June,Others Consumption,89776,Barrels/Day
1986,June,Oil Products Demand,219537,Barrels/Day
1986,July,Crude Production,33982,Barrels/Day
1986,July,Crude Import,171141,Barrels/Day
1986,July,Crude Throughput,193546,Barrels/Day
1986,July,Oil Products Production,200654,Barrels/Day
1986,July,Oil Products Import,50539,Barrels/Day
1986,July,Oil Products Supply,251193,Barrels/Day
1986,July,Oil Products Consumption,236185,Barrels/Day
1986,July,Mogas Consumption,41725,Barrels/Day
1986,July,Diesel Oil Consumption,99061,Barrels/Day
1986,July,Others Consumption,95399,Barrels/Day
1986,July,Oil Products Demand,236185,Barrels/Day
1986,August,Crude Production,33623,Barrels/Day
1986,August,Crude Import,95559,Barrels/Day
1986,August,Crude Throughput,126030,Barrels/Day
1986,August,Oil Products Production,137055,Barrels/Day
1986,August,Oil Products Import,32749,Barrels/Day
1986,August,Oil Products Supply,169805,Barrels/Day
1986,August,Oil Products Consumption,221002,Barrels/Day
1986,August,Mogas Consumption,38694,Barrels/Day
1986,August,Diesel Oil Consumption,92930,Barrels/Day
1986,August,Others Consumption,89377,Barrels/Day
1986,August,Oil Products Demand,221002,Barrels/Day
1986,September,Crude Production,33152,Barrels/Day
1986,September,Crude Import,163922,Barrels/Day
1986,September,Crude Throughput,180887,Barrels/Day
1986,September,Oil Products Production,188945,Barrels/Day
1986,September,Oil Products Import,28998,Barrels/Day
1986,September,Oil Products Supply,217943,Barrels/Day
1986,September,Oil Products Consumption,233641,Barrels/Day
1986,September,Mogas Consumption,39016,Barrels/Day
1986,September,Diesel Oil Consumption,95368,Barrels/Day
1986,September,Others Consumption,99256,Barrels/Day
1986,September,Oil Products Demand,233641,Barrels/Day
1986,October,Crude Production,33298,Barrels/Day
1986,October,Crude Import,136154,Barrels/Day
1986,October,Crude Throughput,173151,Barrels/Day
1986,October,Oil Products Production,182670,Barrels/Day
1986,October,Oil Products Import,47065,Barrels/Day
1986,October,Oil Products Supply,229735,Barrels/Day
1986,October,Oil Products Consumption,229178,Barrels/Day
1986,October,Mogas Consumption,40109,Barrels/Day
1986,October,Diesel Oil Consumption,92370,Barrels/Day
1986,October,Others Consumption,96698,Barrels/Day
1986,October,Oil Products Demand,229178,Barrels/Day
1986,November,Crude Production,33247,Barrels/Day
1986,November,Crude Import,183145,Barrels/Day
1986,November,Crude Throughput,184796,Barrels/Day
1986,November,Oil Products Production,188720,Barrels/Day
1986,November,Oil Products Import,46512,Barrels/Day
1986,November,Oil Products Supply,235233,Barrels/Day
1986,November,Oil Products Consumption,234499,Barrels/Day
1986,November,Mogas Consumption,39969,Barrels/Day
1986,November,Diesel Oil Consumption,94147,Barrels/Day
1986,November,Others Consumption,100382,Barrels/Day
1986,November,Oil Products Demand,234499,Barrels/Day
1986,December,Crude Production,33405,Barrels/Day
1986,December,Crude Import,105767,Barrels/Day
1986,December,Crude Throughput,178409,Barrels/Day
1986,December,Oil Products Production,189646,Barrels/Day
1986,December,Oil Products Import,50790,Barrels/Day
1986,December,Oil Products Supply,240436,Barrels/Day
1986,December,Oil Products Consumption,236328,Barrels/Day
1986,December,Mogas Consumption,41049,Barrels/Day
1986,December,Diesel Oil Consumption,100602,Barrels/Day
1986,December,Others Consumption,94677,Barrels/Day
1986,December,Oil Products Demand,236328,Barrels/Day
1987,January,Crude Production,33268,Barrels/Day
1987,January,Crude Import,168130,Barrels/Day
1987,January,Crude Throughput,180265,Barrels/Day
1987,January,Oil Products Production,190297,Barrels/Day
1987,January,Oil Products Import,44376,Barrels/Day
1987,January,Oil Products Supply,234673,Barrels/Day
1987,January,Oil Products Consumption,263368,Barrels/Day
1987,January,Mogas Consumption,45402,Barrels/Day
1987,January,Diesel Oil Consumption,115903,Barrels/Day
1987,January,Others Consumption,102062,Barrels/Day
1987,January,Oil Products Demand,263368,Barrels/Day
1987,February,Crude Production,32718,Barrels/Day
1987,February,Crude Import,144857,Barrels/Day
1987,February,Crude Throughput,162868,Barrels/Day
1987,February,Oil Products Production,174121,Barrels/Day
1987,February,Oil Products Import,71414,Barrels/Day
1987,February,Oil Products Supply,245535,Barrels/Day
1987,February,Oil Products Consumption,255590,Barrels/Day
1987,February,Mogas Consumption,43552,Barrels/Day
1987,February,Diesel Oil Consumption,117058,Barrels/Day
1987,February,Others Consumption,94979,Barrels/Day
1987,February,Oil Products Demand,255590,Barrels/Day
1987,March,Crude Production,32257,Barrels/Day
1987,March,Crude Import,192884,Barrels/Day
1987,March,Crude Throughput,182809,Barrels/Day
1987,March,Oil Products Production,192555,Barrels/Day
1987,March,Oil Products Import,80570,Barrels/Day
1987,March,Oil Products Supply,273125,Barrels/Day
1987,March,Oil Products Consumption,254371,Barrels/Day
1987,March,Mogas Consumption,44296,Barrels/Day
1987,March,Diesel Oil Consumption,116257,Barrels/Day
1987,March,Others Consumption,93817,Barrels/Day
1987,March,Oil Products Demand,254371,Barrels/Day
1987,April,Crude Production,31099,Barrels/Day
1987,April,Crude Import,157986,Barrels/Day
1987,April,Crude Throughput,191282,Barrels/Day
1987,April,Oil Products Production,199588,Barrels/Day
1987,April,Oil Products Import,64104,Barrels/Day
1987,April,Oil Products Supply,263692,Barrels/Day
1987,April,Oil Products Consumption,256022,Barrels/Day
1987,April,Mogas Consumption,47369,Barrels/Day
1987,April,Diesel Oil Consumption,116004,Barrels/Day
1987,April,Others Consumption,92648,Barrels/Day
1987,April,Oil Products Demand,256022,Barrels/Day
1987,May,Crude Production,30842,Barrels/Day
1987,May,Crude Import,136558,Barrels/Day
1987,May,Crude Throughput,160477,Barrels/Day
1987,May,Oil Products Production,164486,Barrels/Day
1987,May,Oil Products Import,77895,Barrels/Day
1987,May,Oil Products Supply,242382,Barrels/Day
1987,May,Oil Products Consumption,251459,Barrels/Day
1987,May,Mogas Consumption,42823,Barrels/Day
1987,May,Diesel Oil Consumption,110700,Barrels/Day
1987,May,Others Consumption,97935,Barrels/Day
1987,May,Oil Products Demand,251459,Barrels/Day
1987,June,Crude Production,32067,Barrels/Day
1987,June,Crude Import,154485,Barrels/Day
1987,June,Crude Throughput,175293,Barrels/Day
1987,June,Oil Products Production,185598,Barrels/Day
1987,June,Oil Products Import,71867,Barrels/Day
1987,June,Oil Products Supply,257465,Barrels/Day
1987,June,Oil Products Consumption,250190,Barrels/Day
1987,June,Mogas Consumption,44837,Barrels/Day
1987,June,Diesel Oil Consumption,108607,Barrels/Day
1987,June,Others Consumption,96745,Barrels/Day
1987,June,Oil Products Demand,250190,Barrels/Day
1987,July,Crude Production,30695,Barrels/Day
1987,July,Crude Import,166680,Barrels/Day
1987,July,Crude Throughput,195317,Barrels/Day
1987,July,Oil Products Production,204507,Barrels/Day
1987,July,Oil Products Import,60331,Barrels/Day
1987,July,Oil Products Supply,264839,Barrels/Day
1987,July,Oil Products Consumption,253019,Barrels/Day
1987,July,Mogas Consumption,45454,Barrels/Day
1987,July,Diesel Oil Consumption,110575,Barrels/Day
1987,July,Others Consumption,96988,Barrels/Day
1987,July,Oil Products Demand,253019,Barrels/Day
1987,August,Crude Production,30226,Barrels/Day
1987,August,Crude Import,167600,Barrels/Day
1987,August,Crude Throughput,186350,Barrels/Day
1987,August,Oil Products Production,199229,Barrels/Day
1987,August,Oil Products Import,91835,Barrels/Day
1987,August,Oil Products Supply,291064,Barrels/Day
1987,August,Oil Products Consumption,242617,Barrels/Day
1987,August,Mogas Consumption,42870,Barrels/Day
1987,August,Diesel Oil Consumption,108261,Barrels/Day
1987,August,Others Consumption,91486,Barrels/Day
1987,August,Oil Products Demand,242617,Barrels/Day
1987,September,Crude Production,30951,Barrels/Day
1987,September,Crude Import,147713,Barrels/Day
1987,September,Crude Throughput,160094,Barrels/Day
1987,September,Oil Products Production,171664,Barrels/Day
1987,September,Oil Products Import,80039,Barrels/Day
1987,September,Oil Products Supply,251703,Barrels/Day
1987,September,Oil Products Consumption,245743,Barrels/Day
1987,September,Mogas Consumption,43412,Barrels/Day
1987,September,Diesel Oil Consumption,103196,Barrels/Day
1987,September,Others Consumption,99135,Barrels/Day
1987,September,Oil Products Demand,245743,Barrels/Day
1987,October,Crude Production,31356,Barrels/Day
1987,October,Crude Import,168702,Barrels/Day
1987,October,Crude Throughput,187531,Barrels/Day
1987,October,Oil Products Production,193161,Barrels/Day
1987,October,Oil Products Import,79402,Barrels/Day
1987,October,Oil Products Supply,272564,Barrels/Day
1987,October,Oil Products Consumption,247089,Barrels/Day
1987,October,Mogas Consumption,46258,Barrels/Day
1987,October,Diesel Oil Consumption,105299,Barrels/Day
1987,October,Others Consumption,95531,Barrels/Day
1987,October,Oil Products Demand,247089,Barrels/Day
1987,November,Crude Production,34226,Barrels/Day
1987,November,Crude Import,175914,Barrels/Day
1987,November,Crude Throughput,181781,Barrels/Day
1987,November,Oil Products Production,183184,Barrels/Day
1987,November,Oil Products Import,63340,Barrels/Day
1987,November,Oil Products Supply,246524,Barrels/Day
1987,November,Oil Products Consumption,250019,Barrels/Day
1987,November,Mogas Consumption,45475,Barrels/Day
1987,November,Diesel Oil Consumption,106488,Barrels/Day
1987,November,Others Consumption,98056,Barrels/Day
1987,November,Oil Products Demand,250019,Barrels/Day
1987,December,Crude Production,33399,Barrels/Day
1987,December,Crude Import,153430,Barrels/Day
1987,December,Crude Throughput,175071,Barrels/Day
1987,December,Oil Products Production,189506,Barrels/Day
1987,December,Oil Products Import,52470,Barrels/Day
1987,December,Oil Products Supply,241977,Barrels/Day
1987,December,Oil Products Consumption,260788,Barrels/Day
1987,December,Mogas Consumption,45153,Barrels/Day
1987,December,Diesel Oil Consumption,111278,Barrels/Day
1987,December,Others Consumption,104356,Barrels/Day
1987,December,Oil Products Demand,260788,Barrels/Day
1988,January,Crude Production,35915,Barrels/Day
1988,January,Crude Import,141921,Barrels/Day
1988,January,Crude Throughput,200540,Barrels/Day
1988,January,Oil Products Production,210527,Barrels/Day
1988,January,Oil Products Import,36393,Barrels/Day
1988,January,Oil Products Supply,246920,Barrels/Day
1988,January,Oil Products Consumption,267885,Barrels/Day
1988,January,Mogas Consumption,46436,Barrels/Day
1988,January,Diesel Oil Consumption,122448,Barrels/Day
1988,January,Others Consumption,99001,Barrels/Day
1988,January,Oil Products Demand,267885,Barrels/Day
1988,February,Crude Production,42359,Barrels/Day
1988,February,Crude Import,147599,Barrels/Day
1988,February,Crude Throughput,197547,Barrels/Day
1988,February,Oil Products Production,209008,Barrels/Day
1988,February,Oil Products Import,77529,Barrels/Day
1988,February,Oil Products Supply,286538,Barrels/Day
1988,February,Oil Products Consumption,282734,Barrels/Day
1988,February,Mogas Consumption,50682,Barrels/Day
1988,February,Diesel Oil Consumption,128913,Barrels/Day
1988,February,Others Consumption,103138,Barrels/Day
1988,February,Oil Products Demand,282734,Barrels/Day
1988,March,Crude Production,39150,Barrels/Day
1988,March,Crude Import,89611,Barrels/Day
1988,March,Crude Throughput,154678,Barrels/Day
1988,March,Oil Products Production,165518,Barrels/Day
1988,March,Oil Products Import,95303,Barrels/Day
1988,March,Oil Products Supply,260821,Barrels/Day
1988,March,Oil Products Consumption,282334,Barrels/Day
1988,March,Mogas Consumption,49089,Barrels/Day
1988,March,Diesel Oil Consumption,130044,Barrels/Day
1988,March,Others Consumption,103200,Barrels/Day
1988,March,Oil Products Demand,282334,Barrels/Day
1988,April,Crude Production,28452,Barrels/Day
1988,April,Crude Import,147339,Barrels/Day
1988,April,Crude Throughput,136164,Barrels/Day
1988,April,Oil Products Production,147961,Barrels/Day
1988,April,Oil Products Import,122380,Barrels/Day
1988,April,Oil Products Supply,270341,Barrels/Day
1988,April,Oil Products Consumption,280794,Barrels/Day
1988,April,Mogas Consumption,51582,Barrels/Day
1988,April,Diesel Oil Consumption,125967,Barrels/Day
1988,April,Others Consumption,103245,Barrels/Day
1988,April,Oil Products Demand,280794,Barrels/Day
1988,May,Crude Production,35618,Barrels/Day
1988,May,Crude Import,194961,Barrels/Day
1988,May,Crude Throughput,182773,Barrels/Day
1988,May,Oil Products Production,192573,Barrels/Day
1988,May,Oil Products Import,99545,Barrels/Day
1988,May,Oil Products Supply,292118,Barrels/Day
1988,May,Oil Products Consumption,271260,Barrels/Day
1988,May,Mogas Consumption,46401,Barrels/Day
1988,May,Diesel Oil Consumption,119479,Barrels/Day
1988,May,Others Consumption,105379,Barrels/Day
1988,May,Oil Products Demand,271260,Barrels/Day
1988,June,Crude Production,36530,Barrels/Day
1988,June,Crude Import,129945,Barrels/Day
1988,June,Crude Throughput,197461,Barrels/Day
1988,June,Oil Products Production,207967,Barrels/Day
1988,June,Oil Products Import,96193,Barrels/Day
1988,June,Oil Products Supply,304160,Barrels/Day
1988,June,Oil Products Consumption,280521,Barrels/Day
1988,June,Mogas Consumption,49025,Barrels/Day
1988,June,Diesel Oil Consumption,124143,Barrels/Day
1988,June,Others Consumption,107352,Barrels/Day
1988,June,Oil Products Demand,280521,Barrels/Day
1988,July,Crude Production,37419,Barrels/Day
1988,July,Crude Import,179000,Barrels/Day
1988,July,Crude Throughput,191472,Barrels/Day
1988,July,Oil Products Production,201761,Barrels/Day
1988,July,Oil Products Import,60476,Barrels/Day
1988,July,Oil Products Supply,262237,Barrels/Day
1988,July,Oil Products Consumption,270729,Barrels/Day
1988,July,Mogas Consumption,47734,Barrels/Day
1988,July,Diesel Oil Consumption,115779,Barrels/Day
1988,July,Others Consumption,107215,Barrels/Day
1988,July,Oil Products Demand,270729,Barrels/Day
1988,August,Crude Production,39188,Barrels/Day
1988,August,Crude Import,160762,Barrels/Day
1988,August,Crude Throughput,196565,Barrels/Day
1988,August,Oil Products Production,205676,Barrels/Day
1988,August,Oil Products Import,93639,Barrels/Day
1988,August,Oil Products Supply,299316,Barrels/Day
1988,August,Oil Products Consumption,278005,Barrels/Day
1988,August,Mogas Consumption,49339,Barrels/Day
1988,August,Diesel Oil Consumption,117092,Barrels/Day
1988,August,Others Consumption,111573,Barrels/Day
1988,August,Oil Products Demand,278005,Barrels/Day
1988,September,Crude Production,37779,Barrels/Day
1988,September,Crude Import,188649,Barrels/Day
1988,September,Crude Throughput,183183,Barrels/Day
1988,September,Oil Products Production,193305,Barrels/Day
1988,September,Oil Products Import,81936,Barrels/Day
1988,September,Oil Products Supply,275242,Barrels/Day
1988,September,Oil Products Consumption,282444,Barrels/Day
1988,September,Mogas Consumption,48342,Barrels/Day
1988,September,Diesel Oil Consumption,116813,Barrels/Day
1988,September,Others Consumption,117289,Barrels/Day
1988,September,Oil Products Demand,282444,Barrels/Day
1988,October,Crude Production,34786,Barrels/Day
1988,October,Crude Import,147729,Barrels/Day
1988,October,Crude Throughput,173184,Barrels/Day
1988,October,Oil Products Production,181756,Barrels/Day
1988,October,Oil Products Import,95053,Barrels/Day
1988,October,Oil Products Supply,276809,Barrels/Day
1988,October,Oil Products Consumption,267971,Barrels/Day
1988,October,Mogas Consumption,46952,Barrels/Day
1988,October,Diesel Oil Consumption,108356,Barrels/Day
1988,October,Others Consumption,112661,Barrels/Day
1988,October,Oil Products Demand,267971,Barrels/Day
1988,November,Crude Production,32485,Barrels/Day
1988,November,Crude Import,112974,Barrels/Day
1988,November,Crude Throughput,146057,Barrels/Day
1988,November,Oil Products Production,158190,Barrels/Day
1988,November,Oil Products Import,95421,Barrels/Day
1988,November,Oil Products Supply,253611,Barrels/Day
1988,November,Oil Products Consumption,286508,Barrels/Day
1988,November,Mogas Consumption,49365,Barrels/Day
1988,November,Diesel Oil Consumption,119947,Barrels/Day
1988,November,Others Consumption,117195,Barrels/Day
1988,November,Oil Products Demand,286508,Barrels/Day
1988,December,Crude Production,33895,Barrels/Day
1988,December,Crude Import,168438,Barrels/Day
1988,December,Crude Throughput,192236,Barrels/Day
1988,December,Oil Products Production,203110,Barrels/Day
1988,December,Oil Products Import,116419,Barrels/Day
1988,December,Oil Products Supply,319529,Barrels/Day
1988,December,Oil Products Consumption,299916,Barrels/Day
1988,December,Mogas Consumption,52133,Barrels/Day
1988,December,Diesel Oil Consumption,134320,Barrels/Day
1988,December,Others Consumption,113462,Barrels/Day
1988,December,Oil Products Demand,299916,Barrels/Day
1989,January,Crude Production,39295,Barrels/Day
1989,January,Crude Import,189068,Barrels/Day
1989,January,Crude Throughput,226474,Barrels/Day
1989,January,Oil Products Production,236126,Barrels/Day
1989,January,Oil Products Import,82746,Barrels/Day
1989,January,Oil Products Supply,318873,Barrels/Day
1989,January,Oil Products Consumption,332518,Barrels/Day
1989,January,Mogas Consumption,55021,Barrels/Day
1989,January,Diesel Oil Consumption,144499,Barrels/Day
1989,January,Others Consumption,132998,Barrels/Day
1989,January,Oil Products Export,2,Barrels/Day
1989,January,Oil Products Demand,332520,Barrels/Day
1989,February,Crude Production,35935,Barrels/Day
1989,February,Crude Import,214915,Barrels/Day
1989,February,Crude Throughput,189810,Barrels/Day
1989,February,Oil Products Production,197693,Barrels/Day
1989,February,Oil Products Import,154114,Barrels/Day
1989,February,Oil Products Supply,351807,Barrels/Day
1989,February,Oil Products Consumption,330864,Barrels/Day
1989,February,Mogas Consumption,55773,Barrels/Day
1989,February,Diesel Oil Consumption,148840,Barrels/Day
1989,February,Others Consumption,126250,Barrels/Day
1989,February,Oil Products Export,6,Barrels/Day
1989,February,Oil Products Demand,330870,Barrels/Day
1989,March,Crude Production,38615,Barrels/Day
1989,March,Crude Import,154803,Barrels/Day
1989,March,Crude Throughput,169690,Barrels/Day
1989,March,Oil Products Production,180531,Barrels/Day
1989,March,Oil Products Import,143738,Barrels/Day
1989,March,Oil Products Supply,324270,Barrels/Day
1989,March,Oil Products Consumption,343619,Barrels/Day
1989,March,Mogas Consumption,57500,Barrels/Day
1989,March,Diesel Oil Consumption,157743,Barrels/Day
1989,March,Others Consumption,128376,Barrels/Day
1989,March,Oil Products Export,51,Barrels/Day
1989,March,Oil Products Demand,343670,Barrels/Day
1989,April,Crude Production,33826,Barrels/Day
1989,April,Crude Import,182938,Barrels/Day
1989,April,Crude Throughput,170548,Barrels/Day
1989,April,Oil Products Production,180866,Barrels/Day
1989,April,Oil Products Import,142266,Barrels/Day
1989,April,Oil Products Supply,323133,Barrels/Day
1989,April,Oil Products Consumption,342636,Barrels/Day
1989,April,Mogas Consumption,58787,Barrels/Day
1989,April,Diesel Oil Consumption,157496,Barrels/Day
1989,April,Others Consumption,126352,Barrels/Day
1989,April,Oil Products Export,5,Barrels/Day
1989,April,Oil Products Demand,342641,Barrels/Day
1989,May,Crude Production,40425,Barrels/Day
1989,May,Crude Import,152012,Barrels/Day
1989,May,Crude Throughput,218135,Barrels/Day
1989,May,Oil Products Production,216059,Barrels/Day
1989,May,Oil Products Import,137149,Barrels/Day
1989,May,Oil Products Supply,353209,Barrels/Day
1989,May,Oil Products Consumption,337465,Barrels/Day
1989,May,Mogas Consumption,56634,Barrels/Day
1989,May,Diesel Oil Consumption,154878,Barrels/Day
1989,May,Others Consumption,125952,Barrels/Day
1989,May,Oil Products Export,160,Barrels/Day
1989,May,Oil Products Demand,337626,Barrels/Day
1989,June,Crude Production,42315,Barrels/Day
1989,June,Crude Import,249124,Barrels/Day
1989,June,Crude Throughput,237440,Barrels/Day
1989,June,Oil Products Production,234399,Barrels/Day
1989,June,Oil Products Import,105221,Barrels/Day
1989,June,Oil Products Supply,339621,Barrels/Day
1989,June,Oil Products Consumption,346450,Barrels/Day
1989,June,Mogas Consumption,57147,Barrels/Day
1989,June,Diesel Oil Consumption,152007,Barrels/Day
1989,June,Others Consumption,137295,Barrels/Day
1989,June,Oil Products Export,264,Barrels/Day
1989,June,Oil Products Demand,346714,Barrels/Day
1989,July,Crude Production,40615,Barrels/Day
1989,July,Crude Import,217461,Barrels/Day
1989,July,Crude Throughput,254147,Barrels/Day
1989,July,Oil Products Production,249534,Barrels/Day
1989,July,Oil Products Import,139142,Barrels/Day
1989,July,Oil Products Supply,388676,Barrels/Day
1989,July,Oil Products Consumption,333967,Barrels/Day
1989,July,Mogas Consumption,56713,Barrels/Day
1989,July,Diesel Oil Consumption,146257,Barrels/Day
1989,July,Others Consumption,130997,Barrels/Day
1989,July,Oil Products Export,63,Barrels/Day
1989,July,Oil Products Demand,334031,Barrels/Day
1989,August,Crude Production,41533,Barrels/Day
1989,August,Crude Import,229860,Barrels/Day
1989,August,Crude Throughput,253942,Barrels/Day
1989,August,Oil Products Production,253900,Barrels/Day
1989,August,Oil Products Import,82249,Barrels/Day
1989,August,Oil Products Supply,336150,Barrels/Day
1989,August,Oil Products Consumption,340113,Barrels/Day
1989,August,Mogas Consumption,55875,Barrels/Day
1989,August,Diesel Oil Consumption,145837,Barrels/Day
1989,August,Others Consumption,138400,Barrels/Day
1989,August,Oil Products Export,547,Barrels/Day
1989,August,Oil Products Demand,340661,Barrels/Day
1989,September,Crude Production,41911,Barrels/Day
1989,September,Crude Import,210113,Barrels/Day
1989,September,Crude Throughput,255070,Barrels/Day
1989,September,Oil Products Production,249215,Barrels/Day
1989,September,Oil Products Import,94073,Barrels/Day
1989,September,Oil Products Supply,343289,Barrels/Day
1989,September,Oil Products Consumption,331593,Barrels/Day
1989,September,Mogas Consumption,56364,Barrels/Day
1989,September,Diesel Oil Consumption,141963,Barrels/Day
1989,September,Others Consumption,133264,Barrels/Day
1989,September,Oil Products Export,424,Barrels/Day
1989,September,Oil Products Demand,332017,Barrels/Day
1989,October,Crude Production,42099,Barrels/Day
1989,October,Crude Import,241468,Barrels/Day
1989,October,Crude Throughput,241208,Barrels/Day
1989,October,Oil Products Production,239752,Barrels/Day
1989,October,Oil Products Import,89472,Barrels/Day
1989,October,Oil Products Supply,329225,Barrels/Day
1989,October,Oil Products Consumption,335705,Barrels/Day
1989,October,Mogas Consumption,57857,Barrels/Day
1989,October,Diesel Oil Consumption,137058,Barrels/Day
1989,October,Others Consumption,140789,Barrels/Day
1989,October,Oil Products Export,324,Barrels/Day
1989,October,Oil Products Demand,336029,Barrels/Day
1989,November,Crude Production,40344,Barrels/Day
1989,November,Crude Import,204345,Barrels/Day
1989,November,Crude Throughput,241900,Barrels/Day
1989,November,Oil Products Production,250022,Barrels/Day
1989,November,Oil Products Import,81272,Barrels/Day
1989,November,Oil Products Supply,331294,Barrels/Day
1989,November,Oil Products Consumption,362880,Barrels/Day
1989,November,Mogas Consumption,60020,Barrels/Day
1989,November,Diesel Oil Consumption,146948,Barrels/Day
1989,November,Others Consumption,155912,Barrels/Day
1989,November,Oil Products Export,10,Barrels/Day
1989,November,Oil Products Demand,362891,Barrels/Day
1989,December,Crude Production,40187,Barrels/Day
1989,December,Crude Import,206116,Barrels/Day
1989,December,Crude Throughput,243331,Barrels/Day
1989,December,Oil Products Production,253708,Barrels/Day
1989,December,Oil Products Import,85335,Barrels/Day
1989,December,Oil Products Supply,339044,Barrels/Day
1989,December,Oil Products Consumption,360755,Barrels/Day
1989,December,Mogas Consumption,59157,Barrels/Day
1989,December,Diesel Oil Consumption,155137,Barrels/Day
1989,December,Others Consumption,146460,Barrels/Day
1989,December,Oil Products Export,153,Barrels/Day
1989,December,Oil Products Demand,360908,Barrels/Day
1990,January,Crude Production,42257,Barrels/Day
1990,January,Crude Import,226383,Barrels/Day
1990,January,Crude Throughput,257062,Barrels/Day
1990,January,Oil Products Production,257230,Barrels/Day
1990,January,Oil Products Import,145762,Barrels/Day
1990,January,Oil Products Supply,402992,Barrels/Day
1990,January,Oil Products Consumption,399957,Barrels/Day
1990,January,Mogas Consumption,64282,Barrels/Day
1990,January,Diesel Oil Consumption,171504,Barrels/Day
1990,January,Others Consumption,164170,Barrels/Day
1990,January,Oil Products Export,203,Barrels/Day
1990,January,Oil Products Demand,400160,Barrels/Day
1990,February,Crude Production,41978,Barrels/Day
1990,February,Crude Import,196187,Barrels/Day
1990,February,Crude Throughput,205841,Barrels/Day
1990,February,Oil Products Production,213915,Barrels/Day
1990,February,Oil Products Import,193244,Barrels/Day
1990,February,Oil Products Supply,407159,Barrels/Day
1990,February,Oil Products Consumption,413758,Barrels/Day
1990,February,Mogas Consumption,62517,Barrels/Day
1990,February,Diesel Oil Consumption,177587,Barrels/Day
1990,February,Others Consumption,173653,Barrels/Day
1990,February,Oil Products Export,469,Barrels/Day
1990,February,Oil Products Demand,414227,Barrels/Day
1990,March,Crude Production,42528,Barrels/Day
1990,March,Crude Import,201856,Barrels/Day
1990,March,Crude Throughput,202265,Barrels/Day
1990,March,Oil Products Production,212675,Barrels/Day
1990,March,Oil Products Import,170874,Barrels/Day
1990,March,Oil Products Supply,383550,Barrels/Day
1990,March,Oil Products Consumption,411235,Barrels/Day
1990,March,Mogas Consumption,65044,Barrels/Day
1990,March,Diesel Oil Consumption,176735,Barrels/Day
1990,March,Others Consumption,169455,Barrels/Day
1990,March,Oil Products Export,595,Barrels/Day
1990,March,Oil Products Demand,411831,Barrels/Day
1990,April,Crude Production,42039,Barrels/Day
1990,April,Crude Import,186240,Barrels/Day
1990,April,Crude Throughput,246357,Barrels/Day
1990,April,Oil Products Production,251741,Barrels/Day
1990,April,Oil Products Import,165633,Barrels/Day
1990,April,Oil Products Supply,417374,Barrels/Day
1990,April,Oil Products Consumption,395501,Barrels/Day
1990,April,Mogas Consumption,67219,Barrels/Day
1990,April,Diesel Oil Consumption,169762,Barrels/Day
1990,April,Others Consumption,158518,Barrels/Day
1990,April,Oil Products Export,322,Barrels/Day
1990,April,Oil Products Demand,395823,Barrels/Day
1990,May,Crude Production,42120,Barrels/Day
1990,May,Crude Import,178597,Barrels/Day
1990,May,Crude Throughput,221917,Barrels/Day
1990,May,Oil Products Production,225952,Barrels/Day
1990,May,Oil Products Import,222266,Barrels/Day
1990,May,Oil Products Supply,448218,Barrels/Day
1990,May,Oil Products Consumption,402926,Barrels/Day
1990,May,Mogas Consumption,63351,Barrels/Day
1990,May,Diesel Oil Consumption,170028,Barrels/Day
1990,May,Others Consumption,169546,Barrels/Day
1990,May,Oil Products Export,281,Barrels/Day
1990,May,Oil Products Demand,403208,Barrels/Day
1990,June,Crude Production,38555,Barrels/Day
1990,June,Crude Import,257378,Barrels/Day
1990,June,Crude Throughput,232129,Barrels/Day
1990,June,Oil Products Production,240717,Barrels/Day
1990,June,Oil Products Import,151714,Barrels/Day
1990,June,Oil Products Supply,392431,Barrels/Day
1990,June,Oil Products Consumption,421705,Barrels/Day
1990,June,Mogas Consumption,64395,Barrels/Day
1990,June,Diesel Oil Consumption,172175,Barrels/Day
1990,June,Others Consumption,185134,Barrels/Day
1990,June,Oil Products Export,440,Barrels/Day
1990,June,Oil Products Demand,422146,Barrels/Day
1990,July,Crude Production,43705,Barrels/Day
1990,July,Crude Import,188357,Barrels/Day
1990,July,Crude Throughput,262371,Barrels/Day
1990,July,Oil Products Production,270390,Barrels/Day
1990,July,Oil Products Import,143438,Barrels/Day
1990,July,Oil Products Supply,413829,Barrels/Day
1990,July,Oil Products Consumption,413081,Barrels/Day
1990,July,Mogas Consumption,62300,Barrels/Day
1990,July,Diesel Oil Consumption,167039,Barrels/Day
1990,July,Others Consumption,183741,Barrels/Day
1990,July,Oil Products Export,377,Barrels/Day
1990,July,Oil Products Demand,413459,Barrels/Day
1990,August,Crude Production,44218,Barrels/Day
1990,August,Crude Import,238769,Barrels/Day
1990,August,Crude Throughput,249683,Barrels/Day
1990,August,Oil Products Production,261488,Barrels/Day
1990,August,Oil Products Import,140282,Barrels/Day
1990,August,Oil Products Supply,401770,Barrels/Day
1990,August,Oil Products Consumption,445715,Barrels/Day
1990,August,Mogas Consumption,65459,Barrels/Day
1990,August,Diesel Oil Consumption,182180,Barrels/Day
1990,August,Others Consumption,198074,Barrels/Day
1990,August,Oil Products Export,481,Barrels/Day
1990,August,Oil Products Demand,446196,Barrels/Day
1990,September,Crude Production,45004,Barrels/Day
1990,September,Crude Import,218096,Barrels/Day
1990,September,Crude Throughput,251737,Barrels/Day
1990,September,Oil Products Production,260854,Barrels/Day
1990,September,Oil Products Import,167102,Barrels/Day
1990,September,Oil Products Supply,427957,Barrels/Day
1990,September,Oil Products Consumption,433532,Barrels/Day
1990,September,Mogas Consumption,65512,Barrels/Day
1990,September,Diesel Oil Consumption,178796,Barrels/Day
1990,September,Others Consumption,189223,Barrels/Day
1990,September,Oil Products Export,516,Barrels/Day
1990,September,Oil Products Demand,434049,Barrels/Day
1990,October,Crude Production,45034,Barrels/Day
1990,October,Crude Import,239251,Barrels/Day
1990,October,Crude Throughput,252260,Barrels/Day
1990,October,Oil Products Production,267270,Barrels/Day
1990,October,Oil Products Import,140901,Barrels/Day
1990,October,Oil Products Supply,408171,Barrels/Day
1990,October,Oil Products Consumption,387175,Barrels/Day
1990,October,Mogas Consumption,58821,Barrels/Day
1990,October,Diesel Oil Consumption,153122,Barrels/Day
1990,October,Others Consumption,175232,Barrels/Day
1990,October,Oil Products Export,612,Barrels/Day
1990,October,Oil Products Demand,387787,Barrels/Day
1990,November,Crude Production,45544,Barrels/Day
1990,November,Crude Import,203026,Barrels/Day
1990,November,Crude Throughput,248007,Barrels/Day
1990,November,Oil Products Production,265198,Barrels/Day
1990,November,Oil Products Import,139360,Barrels/Day
1990,November,Oil Products Supply,404559,Barrels/Day
1990,November,Oil Products Consumption,412915,Barrels/Day
1990,November,Mogas Consumption,62192,Barrels/Day
1990,November,Diesel Oil Consumption,167587,Barrels/Day
1990,November,Others Consumption,183135,Barrels/Day
1990,November,Oil Products Export,343,Barrels/Day
1990,November,Oil Products Demand,413259,Barrels/Day
1990,December,Crude Production,45689,Barrels/Day
1990,December,Crude Import,185329,Barrels/Day
1990,December,Crude Throughput,257103,Barrels/Day
1990,December,Oil Products Production,278570,Barrels/Day
1990,December,Oil Products Import,119181,Barrels/Day
1990,December,Oil Products Supply,397751,Barrels/Day
1990,December,Oil Products Consumption,405716,Barrels/Day
1990,December,Mogas Consumption,61367,Barrels/Day
1990,December,Diesel Oil Consumption,167204,Barrels/Day
1990,December,Others Consumption,177143,Barrels/Day
1990,December,Oil Products Export,341,Barrels/Day
1990,December,Oil Products Demand,406058,Barrels/Day
1991,January,Crude Production,47388,Barrels/Day
1991,January,Crude Import,263184,Barrels/Day
1991,January,Crude Throughput,236782,Barrels/Day
1991,January,Oil Products Production,260759,Barrels/Day
1991,January,Oil Products Import,183927,Barrels/Day
1991,January,Oil Products Supply,444687,Barrels/Day
1991,January,Oil Products Consumption,463548,Barrels/Day
1991,January,Mogas Consumption,67159,Barrels/Day
1991,January,Diesel Oil Consumption,190874,Barrels/Day
1991,January,Others Consumption,205514,Barrels/Day
1991,January,Oil Products Export,529,Barrels/Day
1991,January,Oil Products Demand,464077,Barrels/Day
1991,February,Crude Production,47583,Barrels/Day
1991,February,Crude Import,223073,Barrels/Day
1991,February,Crude Throughput,254685,Barrels/Day
1991,February,Oil Products Production,275260,Barrels/Day
1991,February,Oil Products Import,182213,Barrels/Day
1991,February,Oil Products Supply,457474,Barrels/Day
1991,February,Oil Products Consumption,441217,Barrels/Day
1991,February,Mogas Consumption,64943,Barrels/Day
1991,February,Diesel Oil Consumption,185264,Barrels/Day
1991,February,Others Consumption,191009,Barrels/Day
1991,February,Oil Products Export,244,Barrels/Day
1991,February,Oil Products Demand,441461,Barrels/Day
1991,March,Crude Production,47186,Barrels/Day
1991,March,Crude Import,175110,Barrels/Day
1991,March,Crude Throughput,253524,Barrels/Day
1991,March,Oil Products Production,272191,Barrels/Day
1991,March,Oil Products Import,170799,Barrels/Day
1991,March,Oil Products Supply,442990,Barrels/Day
1991,March,Oil Products Consumption,436594,Barrels/Day
1991,March,Mogas Consumption,65180,Barrels/Day
1991,March,Diesel Oil Consumption,180037,Barrels/Day
1991,March,Others Consumption,191377,Barrels/Day
1991,March,Oil Products Export,767,Barrels/Day
1991,March,Oil Products Demand,437362,Barrels/Day
1991,April,Crude Production,46834,Barrels/Day
1991,April,Crude Import,250888,Barrels/Day
1991,April,Crude Throughput,247158,Barrels/Day
1991,April,Oil Products Production,263169,Barrels/Day
1991,April,Oil Products Import,146814,Barrels/Day
1991,April,Oil Products Supply,409983,Barrels/Day
1991,April,Oil Products Consumption,441387,Barrels/Day
1991,April,Mogas Consumption,70043,Barrels/Day
1991,April,Diesel Oil Consumption,181023,Barrels/Day
1991,April,Others Consumption,190319,Barrels/Day
1991,April,Oil Products Export,568,Barrels/Day
1991,April,Oil Products Demand,441955,Barrels/Day
1991,May,Crude Production,47001,Barrels/Day
1991,May,Crude Import,244766,Barrels/Day
1991,May,Crude Throughput,265279,Barrels/Day
1991,May,Oil Products Production,279177,Barrels/Day
1991,May,Oil Products Import,174147,Barrels/Day
1991,May,Oil Products Supply,453325,Barrels/Day
1991,May,Oil Products Consumption,432481,Barrels/Day
1991,May,Mogas Consumption,64244,Barrels/Day
1991,May,Diesel Oil Consumption,178729,Barrels/Day
1991,May,Others Consumption,189507,Barrels/Day
1991,May,Oil Products Export,687,Barrels/Day
1991,May,Oil Products Demand,433168,Barrels/Day
1991,June,Crude Production,45667,Barrels/Day
1991,June,Crude Import,180450,Barrels/Day
1991,June,Crude Throughput,221902,Barrels/Day
1991,June,Oil Products Production,230107,Barrels/Day
1991,June,Oil Products Import,159125,Barrels/Day
1991,June,Oil Products Supply,389233,Barrels/Day
1991,June,Oil Products Consumption,419886,Barrels/Day
1991,June,Mogas Consumption,66995,Barrels/Day
1991,June,Diesel Oil Consumption,174840,Barrels/Day
1991,June,Others Consumption,178050,Barrels/Day
1991,June,Oil Products Export,901,Barrels/Day
1991,June,Oil Products Demand,420787,Barrels/Day
1991,July,Crude Production,40337,Barrels/Day
1991,July,Crude Import,186296,Barrels/Day
1991,July,Crude Throughput,239608,Barrels/Day
1991,July,Oil Products Production,259885,Barrels/Day
1991,July,Oil Products Import,200497,Barrels/Day
1991,July,Oil Products Supply,460383,Barrels/Day
1991,July,Oil Products Consumption,442944,Barrels/Day
1991,July,Mogas Consumption,67288,Barrels/Day
1991,July,Diesel Oil Consumption,172518,Barrels/Day
1991,July,Others Consumption,203137,Barrels/Day
1991,July,Oil Products Export,1035,Barrels/Day
1991,July,Oil Products Demand,443979,Barrels/Day
1991,August,Crude Production,47124,Barrels/Day
1991,August,Crude Import,256200,Barrels/Day
1991,August,Crude Throughput,270522,Barrels/Day
1991,August,Oil Products Production,293889,Barrels/Day
1991,August,Oil Products Import,160220,Barrels/Day
1991,August,Oil Products Supply,454110,Barrels/Day
1991,August,Oil Products Consumption,443271,Barrels/Day
1991,August,Mogas Consumption,68514,Barrels/Day
1991,August,Diesel Oil Consumption,168887,Barrels/Day
1991,August,Others Consumption,205869,Barrels/Day
1991,August,Oil Products Export,432,Barrels/Day
1991,August,Oil Products Demand,443704,Barrels/Day
1991,September,Crude Production,47652,Barrels/Day
1991,September,Crude Import,298501,Barrels/Day
1991,September,Crude Throughput,274615,Barrels/Day
1991,September,Oil Products Production,297948,Barrels/Day
1991,September,Oil Products Import,144911,Barrels/Day
1991,September,Oil Products Supply,442860,Barrels/Day
1991,September,Oil Products Consumption,430769,Barrels/Day
1991,September,Mogas Consumption,64815,Barrels/Day
1991,September,Diesel Oil Consumption,154125,Barrels/Day
1991,September,Others Consumption,211829,Barrels/Day
1991,September,Oil Products Export,910,Barrels/Day
1991,September,Oil Products Demand,431679,Barrels/Day
1991,October,Crude Production,45171,Barrels/Day
1991,October,Crude Import,138950,Barrels/Day
1991,October,Crude Throughput,209351,Barrels/Day
1991,October,Oil Products Production,236131,Barrels/Day
1991,October,Oil Products Import,167766,Barrels/Day
1991,October,Oil Products Supply,403898,Barrels/Day
1991,October,Oil Products Consumption,423785,Barrels/Day
1991,October,Mogas Consumption,67899,Barrels/Day
1991,October,Diesel Oil Consumption,148402,Barrels/Day
1991,October,Others Consumption,207483,Barrels/Day
1991,October,Oil Products Export,474,Barrels/Day
1991,October,Oil Products Demand,424260,Barrels/Day
1991,November,Crude Production,45150,Barrels/Day
1991,November,Crude Import,237957,Barrels/Day
1991,November,Crude Throughput,237486,Barrels/Day
1991,November,Oil Products Production,262095,Barrels/Day
1991,November,Oil Products Import,119619,Barrels/Day
1991,November,Oil Products Supply,381715,Barrels/Day
1991,November,Oil Products Consumption,421343,Barrels/Day
1991,November,Mogas Consumption,69186,Barrels/Day
1991,November,Diesel Oil Consumption,160952,Barrels/Day
1991,November,Others Consumption,191204,Barrels/Day
1991,November,Oil Products Export,1666,Barrels/Day
1991,November,Oil Products Demand,423010,Barrels/Day
1991,December,Crude Production,48120,Barrels/Day
1991,December,Crude Import,196452,Barrels/Day
1991,December,Crude Throughput,272751,Barrels/Day
1991,December,Oil Products Production,293106,Barrels/Day
1991,December,Oil Products Import,159197,Barrels/Day
1991,December,Oil Products Supply,452304,Barrels/Day
1991,December,Oil Products Consumption,447818,Barrels/Day
1991,December,Mogas Consumption,68086,Barrels/Day
1991,December,Diesel Oil Consumption,162832,Barrels/Day
1991,December,Others Consumption,216899,Barrels/Day
1991,December,Oil Products Export,893,Barrels/Day
1991,December,Oil Products Demand,448712,Barrels/Day
1992,January,Crude Production,46464,Barrels/Day
1992,January,Crude Import,248867,Barrels/Day
1992,January,Crude Throughput,254086,Barrels/Day
1992,January,Oil Products Production,289749,Barrels/Day
1992,January,Oil Products Import,167051,Barrels/Day
1992,January,Oil Products Supply,456800,Barrels/Day
1992,January,Oil Products Consumption,451779,Barrels/Day
1992,January,Mogas Consumption,66317,Barrels/Day
1992,January,Diesel Oil Consumption,171260,Barrels/Day
1992,January,Others Consumption,214202,Barrels/Day
1992,January,Oil Products Export,7821,Barrels/Day
1992,January,Oil Products Demand,459600,Barrels/Day
1992,February,Crude Production,47171,Barrels/Day
1992,February,Crude Import,188807,Barrels/Day
1992,February,Crude Throughput,266232,Barrels/Day
1992,February,Oil Products Production,303043,Barrels/Day
1992,February,Oil Products Import,165819,Barrels/Day
1992,February,Oil Products Supply,468863,Barrels/Day
1992,February,Oil Products Consumption,481653,Barrels/Day
1992,February,Mogas Consumption,71856,Barrels/Day
1992,February,Diesel Oil Consumption,183947,Barrels/Day
1992,February,Others Consumption,225849,Barrels/Day
1992,February,Oil Products Export,4164,Barrels/Day
1992,February,Oil Products Demand,485818,Barrels/Day
1992,March,Crude Production,47987,Barrels/Day
1992,March,Crude Import,271284,Barrels/Day
1992,March,Crude Throughput,263063,Barrels/Day
1992,March,Oil Products Production,299054,Barrels/Day
1992,March,Oil Products Import,180867,Barrels/Day
1992,March,Oil Products Supply,479921,Barrels/Day
1992,March,Oil Products Consumption,476339,Barrels/Day
1992,March,Mogas Consumption,70892,Barrels/Day
1992,March,Diesel Oil Consumption,175067,Barrels/Day
1992,March,Others Consumption,230379,Barrels/Day
1992,March,Oil Products Export,11628,Barrels/Day
1992,March,Oil Products Demand,487968,Barrels/Day
1992,April,Crude Production,51496,Barrels/Day
1992,April,Crude Import,245158,Barrels/Day
1992,April,Crude Throughput,259731,Barrels/Day
1992,April,Oil Products Production,293931,Barrels/Day
1992,April,Oil Products Import,211984,Barrels/Day
1992,April,Oil Products Supply,505916,Barrels/Day
1992,April,Oil Products Consumption,480658,Barrels/Day
1992,April,Mogas Consumption,76177,Barrels/Day
1992,April,Diesel Oil Consumption,173342,Barrels/Day
1992,April,Others Consumption,231137,Barrels/Day
1992,April,Oil Products Export,7902,Barrels/Day
1992,April,Oil Products Demand,488561,Barrels/Day
1992,May,Crude Production,51123,Barrels/Day
1992,May,Crude Import,268152,Barrels/Day
1992,May,Crude Throughput,256873,Barrels/Day
1992,May,Oil Products Production,286211,Barrels/Day
1992,May,Oil Products Import,203309,Barrels/Day
1992,May,Oil Products Supply,489520,Barrels/Day
1992,May,Oil Products Consumption,466282,Barrels/Day
1992,May,Mogas Consumption,71249,Barrels/Day
1992,May,Diesel Oil Consumption,171119,Barrels/Day
1992,May,Others Consumption,223913,Barrels/Day
1992,May,Oil Products Export,8473,Barrels/Day
1992,May,Oil Products Demand,474756,Barrels/Day
1992,June,Crude Production,51117,Barrels/Day
1992,June,Crude Import,221351,Barrels/Day
1992,June,Crude Throughput,262444,Barrels/Day
1992,June,Oil Products Production,302664,Barrels/Day
1992,June,Oil Products Import,216579,Barrels/Day
1992,June,Oil Products Supply,519243,Barrels/Day
1992,June,Oil Products Consumption,484126,Barrels/Day
1992,June,Mogas Consumption,73322,Barrels/Day
1992,June,Diesel Oil Consumption,171282,Barrels/Day
1992,June,Others Consumption,239521,Barrels/Day
1992,June,Oil Products Export,4590,Barrels/Day
1992,June,Oil Products Demand,488717,Barrels/Day
1992,July,Crude Production,49934,Barrels/Day
1992,July,Crude Import,275061,Barrels/Day
1992,July,Crude Throughput,298197,Barrels/Day
1992,July,Oil Products Production,333269,Barrels/Day
1992,July,Oil Products Import,160111,Barrels/Day
1992,July,Oil Products Supply,493380,Barrels/Day
1992,July,Oil Products Consumption,460202,Barrels/Day
1992,July,Mogas Consumption,72140,Barrels/Day
1992,July,Diesel Oil Consumption,163588,Barrels/Day
1992,July,Others Consumption,224473,Barrels/Day
1992,July,Oil Products Export,6419,Barrels/Day
1992,July,Oil Products Demand,466621,Barrels/Day
1992,August,Crude Production,54601,Barrels/Day
1992,August,Crude Import,263723,Barrels/Day
1992,August,Crude Throughput,341474,Barrels/Day
1992,August,Oil Products Production,379601,Barrels/Day
1992,August,Oil Products Import,128907,Barrels/Day
1992,August,Oil Products Supply,508509,Barrels/Day
1992,August,Oil Products Consumption,451203,Barrels/Day
1992,August,Mogas Consumption,70206,Barrels/Day
1992,August,Diesel Oil Consumption,159231,Barrels/Day
1992,August,Others Consumption,221765,Barrels/Day
1992,August,Oil Products Export,9571,Barrels/Day
1992,August,Oil Products Demand,460775,Barrels/Day
1992,September,Crude Production,54781,Barrels/Day
1992,September,Crude Import,377145,Barrels/Day
1992,September,Crude Throughput,336800,Barrels/Day
1992,September,Oil Products Production,378526,Barrels/Day
1992,September,Oil Products Import,79051,Barrels/Day
1992,September,Oil Products Supply,457577,Barrels/Day
1992,September,Oil Products Consumption,463579,Barrels/Day
1992,September,Mogas Consumption,72606,Barrels/Day
1992,September,Diesel Oil Consumption,164474,Barrels/Day
1992,September,Others Consumption,226499,Barrels/Day
1992,September,Oil Products Export,12119,Barrels/Day
1992,September,Oil Products Demand,475698,Barrels/Day
1992,October,Crude Production,52938,Barrels/Day
1992,October,Crude Import,249674,Barrels/Day
1992,October,Crude Throughput,336433,Barrels/Day
1992,October,Oil Products Production,370898,Barrels/Day
1992,October,Oil Products Import,116760,Barrels/Day
1992,October,Oil Products Supply,487658,Barrels/Day
1992,October,Oil Products Consumption,457672,Barrels/Day
1992,October,Mogas Consumption,73634,Barrels/Day
1992,October,Diesel Oil Consumption,166193,Barrels/Day
1992,October,Others Consumption,217844,Barrels/Day
1992,October,Oil Products Export,13935,Barrels/Day
1992,October,Oil Products Demand,471607,Barrels/Day
1992,November,Crude Production,54071,Barrels/Day
1992,November,Crude Import,316486,Barrels/Day
1992,November,Crude Throughput,343562,Barrels/Day
1992,November,Oil Products Production,380422,Barrels/Day
1992,November,Oil Products Import,100056,Barrels/Day
1992,November,Oil Products Supply,480478,Barrels/Day
1992,November,Oil Products Consumption,479822,Barrels/Day
1992,November,Mogas Consumption,73208,Barrels/Day
1992,November,Diesel Oil Consumption,174671,Barrels/Day
1992,November,Others Consumption,231943,Barrels/Day
1992,November,Oil Products Export,17758,Barrels/Day
1992,November,Oil Products Demand,497580,Barrels/Day
1992,December,Crude Production,55512,Barrels/Day
1992,December,Crude Import,311914,Barrels/Day
1992,December,Crude Throughput,350242,Barrels/Day
1992,December,Oil Products Production,390556,Barrels/Day
1992,December,Oil Products Import,152207,Barrels/Day
1992,December,Oil Products Supply,542763,Barrels/Day
1992,December,Oil Products Consumption,520521,Barrels/Day
1992,December,Mogas Consumption,78871,Barrels/Day
1992,December,Diesel Oil Consumption,205939,Barrels/Day
1992,December,Others Consumption,235709,Barrels/Day
1992,December,Oil Products Export,14922,Barrels/Day
1992,December,Oil Products Demand,535443,Barrels/Day
1993,January,Crude Production,52345,Barrels/Day
1993,January,Crude Import,251903,Barrels/Day
1993,January,Crude Throughput,276195,Barrels/Day
1993,January,Oil Products Production,331782,Barrels/Day
1993,January,Oil Products Import,263539,Barrels/Day
1993,January,Oil Products Supply,595321,Barrels/Day
1993,January,Oil Products Consumption,521589,Barrels/Day
1993,January,Mogas Consumption,79168,Barrels/Day
1993,January,Diesel Oil Consumption,203468,Barrels/Day
1993,January,Others Consumption,238952,Barrels/Day
1993,January,Oil Products Export,14241,Barrels/Day
1993,January,Oil Products Demand,535831,Barrels/Day
1993,February,Crude Production,54828,Barrels/Day
1993,February,Crude Import,317340,Barrels/Day
1993,February,Crude Throughput,333081,Barrels/Day
1993,February,Oil Products Production,377581,Barrels/Day
1993,February,Oil Products Import,283327,Barrels/Day
1993,February,Oil Products Supply,660909,Barrels/Day
1993,February,Oil Products Consumption,548933,Barrels/Day
1993,February,Mogas Consumption,79225,Barrels/Day
1993,February,Diesel Oil Consumption,218145,Barrels/Day
1993,February,Others Consumption,251563,Barrels/Day
1993,February,Oil Products Export,12560,Barrels/Day
1993,February,Oil Products Demand,561494,Barrels/Day
1993,March,Crude Production,55658,Barrels/Day
1993,March,Crude Import,221687,Barrels/Day
1993,March,Crude Throughput,299945,Barrels/Day
1993,March,Oil Products Production,332234,Barrels/Day
1993,March,Oil Products Import,206278,Barrels/Day
1993,March,Oil Products Supply,538512,Barrels/Day
1993,March,Oil Products Consumption,559086,Barrels/Day
1993,March,Mogas Consumption,83332,Barrels/Day
1993,March,Diesel Oil Consumption,214042,Barrels/Day
1993,March,Others Consumption,261711,Barrels/Day
1993,March,Oil Products Export,17434,Barrels/Day
1993,March,Oil Products Demand,576521,Barrels/Day
1993,April,Crude Production,54037,Barrels/Day
1993,April,Crude Import,323103,Barrels/Day
1993,April,Crude Throughput,363241,Barrels/Day
1993,April,Oil Products Production,409943,Barrels/Day
1993,April,Oil Products Import,192440,Barrels/Day
1993,April,Oil Products Supply,602383,Barrels/Day
1993,April,Oil Products Consumption,550810,Barrels/Day
1993,April,Mogas Consumption,87627,Barrels/Day
1993,April,Diesel Oil Consumption,211782,Barrels/Day
1993,April,Others Consumption,251400,Barrels/Day
1993,April,Oil Products Export,16519,Barrels/Day
1993,April,Oil Products Demand,567329,Barrels/Day
1993,May,Crude Production,56114,Barrels/Day
1993,May,Crude Import,369581,Barrels/Day
1993,May,Crude Throughput,378586,Barrels/Day
1993,May,Oil Products Production,414996,Barrels/Day
1993,May,Oil Products Import,216038,Barrels/Day
1993,May,Oil Products Supply,631034,Barrels/Day
1993,May,Oil Products Consumption,547734,Barrels/Day
1993,May,Mogas Consumption,83203,Barrels/Day
1993,May,Diesel Oil Consumption,210163,Barrels/Day
1993,May,Others Consumption,254367,Barrels/Day
1993,May,Oil Products Export,19737,Barrels/Day
1993,May,Oil Products Demand,567471,Barrels/Day
1993,June,Crude Production,55912,Barrels/Day
1993,June,Crude Import,309903,Barrels/Day
1993,June,Crude Throughput,330967,Barrels/Day
1993,June,Oil Products Production,373044,Barrels/Day
1993,June,Oil Products Import,194060,Barrels/Day
1993,June,Oil Products Supply,567105,Barrels/Day
1993,June,Oil Products Consumption,552051,Barrels/Day
1993,June,Mogas Consumption,85056,Barrels/Day
1993,June,Diesel Oil Consumption,210577,Barrels/Day
1993,June,Others Consumption,256418,Barrels/Day
1993,June,Oil Products Export,22476,Barrels/Day
1993,June,Oil Products Demand,574528,Barrels/Day
1993,July,Crude Production,55216,Barrels/Day
1993,July,Crude Import,262730,Barrels/Day
1993,July,Crude Throughput,367471,Barrels/Day
1993,July,Oil Products Production,408490,Barrels/Day
1993,July,Oil Products Import,152616,Barrels/Day
1993,July,Oil Products Supply,561106,Barrels/Day
1993,July,Oil Products Consumption,541175,Barrels/Day
1993,July,Mogas Consumption,86530,Barrels/Day
1993,July,Diesel Oil Consumption,205638,Barrels/Day
1993,July,Others Consumption,249006,Barrels/Day
1993,July,Oil Products Export,16850,Barrels/Day
1993,July,Oil Products Demand,558026,Barrels/Day
1993,August,Crude Production,51874,Barrels/Day
1993,August,Crude Import,386978,Barrels/Day
1993,August,Crude Throughput,378103,Barrels/Day
1993,August,Oil Products Production,421092,Barrels/Day
1993,August,Oil Products Import,134869,Barrels/Day
1993,August,Oil Products Supply,555961,Barrels/Day
1993,August,Oil Products Consumption,533027,Barrels/Day
1993,August,Mogas Consumption,84838,Barrels/Day
1993,August,Diesel Oil Consumption,194060,Barrels/Day
1993,August,Others Consumption,254129,Barrels/Day
1993,August,Oil Products Export,15839,Barrels/Day
1993,August,Oil Products Demand,548866,Barrels/Day
1993,September,Crude Production,53365,Barrels/Day
1993,September,Crude Import,377900,Barrels/Day
1993,September,Crude Throughput,406102,Barrels/Day
1993,September,Oil Products Production,449092,Barrels/Day
1993,September,Oil Products Import,127979,Barrels/Day
1993,September,Oil Products Supply,577071,Barrels/Day
1993,September,Oil Products Consumption,534524,Barrels/Day
1993,September,Mogas Consumption,84154,Barrels/Day
1993,September,Diesel Oil Consumption,196704,Barrels/Day
1993,September,Others Consumption,253665,Barrels/Day
1993,September,Oil Products Export,15243,Barrels/Day
1993,September,Oil Products Demand,549768,Barrels/Day
1993,October,Crude Production,46884,Barrels/Day
1993,October,Crude Import,341418,Barrels/Day
1993,October,Crude Throughput,399307,Barrels/Day
1993,October,Oil Products Production,435806,Barrels/Day
1993,October,Oil Products Import,145307,Barrels/Day
1993,October,Oil Products Supply,581113,Barrels/Day
1993,October,Oil Products Consumption,547456,Barrels/Day
1993,October,Mogas Consumption,84423,Barrels/Day
1993,October,Diesel Oil Consumption,196175,Barrels/Day
1993,October,Others Consumption,266857,Barrels/Day
1993,October,Oil Products Export,15371,Barrels/Day
1993,October,Oil Products Demand,562827,Barrels/Day
1993,November,Crude Production,55793,Barrels/Day
1993,November,Crude Import,340942,Barrels/Day
1993,November,Crude Throughput,334693,Barrels/Day
1993,November,Oil Products Production,373790,Barrels/Day
1993,November,Oil Products Import,170464,Barrels/Day
1993,November,Oil Products Supply,544254,Barrels/Day
1993,November,Oil Products Consumption,578668,Barrels/Day
1993,November,Mogas Consumption,89679,Barrels/Day
1993,November,Diesel Oil Consumption,214358,Barrels/Day
1993,November,Others Consumption,274631,Barrels/Day
1993,November,Oil Products Export,16319,Barrels/Day
1993,November,Oil Products Demand,594988,Barrels/Day
1993,December,Crude Production,52831,Barrels/Day
1993,December,Crude Import,384011,Barrels/Day
1993,December,Crude Throughput,422675,Barrels/Day
1993,December,Oil Products Production,463726,Barrels/Day
1993,December,Oil Products Import,146934,Barrels/Day
1993,December,Oil Products Supply,610660,Barrels/Day
1993,December,Oil Products Consumption,567734,Barrels/Day
1993,December,Mogas Consumption,88181,Barrels/Day
1993,December,Diesel Oil Consumption,214354,Barrels/Day
1993,December,Others Consumption,265198,Barrels/Day
1993,December,Oil Products Export,15032,Barrels/Day
1993,December,Oil Products Demand,582767,Barrels/Day
1994,January,Crude Production,51878,Barrels/Day
1994,January,Crude Import,309427,Barrels/Day
1994,January,Crude Throughput,391417,Barrels/Day
1994,January,Oil Products Production,432235,Barrels/Day
1994,January,Oil Products Import,157459,Barrels/Day
1994,January,Oil Products Supply,589695,Barrels/Day
1994,January,Oil Products Consumption,580127,Barrels/Day
1994,January,Mogas Consumption,88321,Barrels/Day
1994,January,Diesel Oil Consumption,219136,Barrels/Day
1994,January,Others Consumption,272668,Barrels/Day
1994,January,Oil Products Export,14349,Barrels/Day
1994,January,Oil Products Demand,594477,Barrels/Day
1994,February,Crude Production,58571,Barrels/Day
1994,February,Crude Import,351291,Barrels/Day
1994,February,Crude Throughput,411068,Barrels/Day
1994,February,Oil Products Production,446936,Barrels/Day
1994,February,Oil Products Import,168108,Barrels/Day
1994,February,Oil Products Supply,615045,Barrels/Day
1994,February,Oil Products Consumption,599101,Barrels/Day
1994,February,Mogas Consumption,92842,Barrels/Day
1994,February,Diesel Oil Consumption,228870,Barrels/Day
1994,February,Others Consumption,277389,Barrels/Day
1994,February,Oil Products Export,14116,Barrels/Day
1994,February,Oil Products Demand,613218,Barrels/Day
1994,March,Crude Production,54643,Barrels/Day
1994,March,Crude Import,376303,Barrels/Day
1994,March,Crude Throughput,385245,Barrels/Day
1994,March,Oil Products Production,397372,Barrels/Day
1994,March,Oil Products Import,162757,Barrels/Day
1994,March,Oil Products Supply,560130,Barrels/Day
1994,March,Oil Products Consumption,576180,Barrels/Day
1994,March,Mogas Consumption,92125,Barrels/Day
1994,March,Diesel Oil Consumption,223801,Barrels/Day
1994,March,Others Consumption,260254,Barrels/Day
1994,March,Oil Products Export,10507,Barrels/Day
1994,March,Oil Products Demand,586687,Barrels/Day
1994,April,Crude Production,55231,Barrels/Day
1994,April,Crude Import,358878,Barrels/Day
1994,April,Crude Throughput,397751,Barrels/Day
1994,April,Oil Products Production,425022,Barrels/Day
1994,April,Oil Products Import,207395,Barrels/Day
1994,April,Oil Products Supply,632417,Barrels/Day
1994,April,Oil Products Consumption,598137,Barrels/Day
1994,April,Mogas Consumption,99936,Barrels/Day
1994,April,Diesel Oil Consumption,229103,Barrels/Day
1994,April,Others Consumption,269097,Barrels/Day
1994,April,Oil Products Export,15222,Barrels/Day
1994,April,Oil Products Demand,613359,Barrels/Day
1994,May,Crude Production,54743,Barrels/Day
1994,May,Crude Import,371407,Barrels/Day
1994,May,Crude Throughput,391754,Barrels/Day
1994,May,Oil Products Production,421316,Barrels/Day
1994,May,Oil Products Import,239474,Barrels/Day
1994,May,Oil Products Supply,660790,Barrels/Day
1994,May,Oil Products Consumption,604481,Barrels/Day
1994,May,Mogas Consumption,92887,Barrels/Day
1994,May,Diesel Oil Consumption,224552,Barrels/Day
1994,May,Others Consumption,287041,Barrels/Day
1994,May,Oil Products Export,16605,Barrels/Day
1994,May,Oil Products Demand,621087,Barrels/Day
1994,June,Crude Production,54970,Barrels/Day
1994,June,Crude Import,338916,Barrels/Day
1994,June,Crude Throughput,411596,Barrels/Day
1994,June,Oil Products Production,446602,Barrels/Day
1994,June,Oil Products Import,229693,Barrels/Day
1994,June,Oil Products Supply,676296,Barrels/Day
1994,June,Oil Products Consumption,611971,Barrels/Day
1994,June,Mogas Consumption,95828,Barrels/Day
1994,June,Diesel Oil Consumption,237590,Barrels/Day
1994,June,Others Consumption,278552,Barrels/Day
1994,June,Oil Products Export,13365,Barrels/Day
1994,June,Oil Products Demand,625336,Barrels/Day
1994,July,Crude Production,56709,Barrels/Day
1994,July,Crude Import,404248,Barrels/Day
1994,July,Crude Export,4007,Barrels/Day
1994,July,Crude Throughput,412037,Barrels/Day
1994,July,Oil Products Production,445971,Barrels/Day
1994,July,Oil Products Import,187324,Barrels/Day
1994,July,Oil Products Supply,633295,Barrels/Day
1994,July,Oil Products Consumption,598291,Barrels/Day
1994,July,Mogas Consumption,96470,Barrels/Day
1994,July,Diesel Oil Consumption,230024,Barrels/Day
1994,July,Others Consumption,271796,Barrels/Day
1994,July,Oil Products Export,8011,Barrels/Day
1994,July,Oil Products Demand,606302,Barrels/Day
1994,August,Crude Production,60034,Barrels/Day
1994,August,Crude Import,361085,Barrels/Day
1994,August,Crude Throughput,411671,Barrels/Day
1994,August,Oil Products Production,451474,Barrels/Day
1994,August,Oil Products Import,221300,Barrels/Day
1994,August,Oil Products Supply,672774,Barrels/Day
1994,August,Oil Products Consumption,598295,Barrels/Day
1994,August,Mogas Consumption,97221,Barrels/Day
1994,August,Diesel Oil Consumption,222435,Barrels/Day
1994,August,Others Consumption,278638,Barrels/Day
1994,August,Oil Products Export,11234,Barrels/Day
1994,August,Oil Products Demand,609529,Barrels/Day
1994,September,Crude Production,61955,Barrels/Day
1994,September,Crude Import,406093,Barrels/Day
1994,September,Crude Throughput,414631,Barrels/Day
1994,September,Oil Products Production,454807,Barrels/Day
1994,September,Oil Products Import,153057,Barrels/Day
1994,September,Oil Products Supply,607864,Barrels/Day
1994,September,Oil Products Consumption,601843,Barrels/Day
1994,September,Mogas Consumption,96835,Barrels/Day
1994,September,Diesel Oil Consumption,218153,Barrels/Day
1994,September,Others Consumption,286854,Barrels/Day
1994,September,Oil Products Export,9923,Barrels/Day
1994,September,Oil Products Demand,611767,Barrels/Day
1994,October,Crude Production,60192,Barrels/Day
1994,October,Crude Import,390437,Barrels/Day
1994,October,Crude Throughput,446946,Barrels/Day
1994,October,Oil Products Production,488762,Barrels/Day
1994,October,Oil Products Import,104729,Barrels/Day
1994,October,Oil Products Supply,593491,Barrels/Day
1994,October,Oil Products Consumption,606933,Barrels/Day
1994,October,Mogas Consumption,97783,Barrels/Day
1994,October,Diesel Oil Consumption,223648,Barrels/Day
1994,October,Others Consumption,285501,Barrels/Day
1994,October,Oil Products Export,12341,Barrels/Day
1994,October,Oil Products Demand,619274,Barrels/Day
1994,November,Crude Production,56559,Barrels/Day
1994,November,Crude Import,381151,Barrels/Day
1994,November,Crude Throughput,456332,Barrels/Day
1994,November,Oil Products Production,503635,Barrels/Day
1994,November,Oil Products Import,155138,Barrels/Day
1994,November,Oil Products Supply,658773,Barrels/Day
1994,November,Oil Products Consumption,638890,Barrels/Day
1994,November,Mogas Consumption,101122,Barrels/Day
1994,November,Diesel Oil Consumption,240536,Barrels/Day
1994,November,Others Consumption,297230,Barrels/Day
1994,November,Oil Products Export,10253,Barrels/Day
1994,November,Oil Products Demand,649144,Barrels/Day
1994,December,Crude Production,60660,Barrels/Day
1994,December,Crude Import,423090,Barrels/Day
1994,December,Crude Export,4041,Barrels/Day
1994,December,Crude Throughput,438285,Barrels/Day
1994,December,Oil Products Production,480056,Barrels/Day
1994,December,Oil Products Import,179759,Barrels/Day
1994,December,Oil Products Supply,659815,Barrels/Day
1994,December,Oil Products Consumption,649491,Barrels/Day
1994,December,Mogas Consumption,104723,Barrels/Day
1994,December,Diesel Oil Consumption,250364,Barrels/Day
1994,December,Others Consumption,294403,Barrels/Day
1994,December,Oil Products Export,6308,Barrels/Day
1994,December,Oil Products Demand,655800,Barrels/Day
1995,January,Crude Production,59158,Barrels/Day
1995,January,Crude Import,413991,Barrels/Day
1995,January,Crude Export,4191,Barrels/Day
1995,January,Crude Throughput,474855,Barrels/Day
1995,January,Oil Products Production,511964,Barrels/Day
1995,January,Oil Products Import,177686,Barrels/Day
1995,January,Oil Products Supply,689651,Barrels/Day
1995,January,Oil Products Consumption,639743,Barrels/Day
1995,January,Mogas Consumption,102202,Barrels/Day
1995,January,Diesel Oil Consumption,249449,Barrels/Day
1995,January,Others Consumption,288090,Barrels/Day
1995,January,Oil Products Export,9721,Barrels/Day
1995,January,Oil Products Demand,649464,Barrels/Day
1995,February,Crude Production,58493,Barrels/Day
1995,February,Crude Import,409752,Barrels/Day
1995,February,Crude Export,2932,Barrels/Day
1995,February,Crude Throughput,481346,Barrels/Day
1995,February,Oil Products Production,523695,Barrels/Day
1995,February,Oil Products Import,188615,Barrels/Day
1995,February,Oil Products Supply,712310,Barrels/Day
1995,February,Oil Products Consumption,677344,Barrels/Day
1995,February,Mogas Consumption,104627,Barrels/Day
1995,February,Diesel Oil Consumption,264014,Barrels/Day
1995,February,Others Consumption,308702,Barrels/Day
1995,February,Oil Products Export,12162,Barrels/Day
1995,February,Oil Products Demand,689507,Barrels/Day
1995,March,Crude Production,55093,Barrels/Day
1995,March,Crude Import,491178,Barrels/Day
1995,March,Crude Throughput,478162,Barrels/Day
1995,March,Oil Products Production,517673,Barrels/Day
1995,March,Oil Products Import,213983,Barrels/Day
1995,March,Oil Products Supply,731656,Barrels/Day
1995,March,Oil Products Consumption,711877,Barrels/Day
1995,March,Mogas Consumption,108965,Barrels/Day
1995,March,Diesel Oil Consumption,279191,Barrels/Day
1995,March,Others Consumption,323720,Barrels/Day
1995,March,Oil Products Export,15147,Barrels/Day
1995,March,Oil Products Demand,727025,Barrels/Day
1995,April,Crude Production,55302,Barrels/Day
1995,April,Crude Import,488645,Barrels/Day
1995,April,Crude Export,3967,Barrels/Day
1995,April,Crude Throughput,476775,Barrels/Day
1995,April,Oil Products Production,513244,Barrels/Day
1995,April,Oil Products Import,207263,Barrels/Day
1995,April,Oil Products Supply,720508,Barrels/Day
1995,April,Oil Products Consumption,681578,Barrels/Day
1995,April,Mogas Consumption,114637,Barrels/Day
1995,April,Diesel Oil Consumption,274811,Barrels/Day
1995,April,Others Consumption,292129,Barrels/Day
1995,April,Oil Products Export,20458,Barrels/Day
1995,April,Oil Products Demand,702036,Barrels/Day
1995,May,Crude Production,53470,Barrels/Day
1995,May,Crude Import,468816,Barrels/Day
1995,May,Crude Export,4633,Barrels/Day
1995,May,Crude Throughput,473073,Barrels/Day
1995,May,Oil Products Production,509548,Barrels/Day
1995,May,Oil Products Import,224798,Barrels/Day
1995,May,Oil Products Supply,734346,Barrels/Day
1995,May,Oil Products Consumption,717830,Barrels/Day
1995,May,Mogas Consumption,109937,Barrels/Day
1995,May,Diesel Oil Consumption,290894,Barrels/Day
1995,May,Others Consumption,316997,Barrels/Day
1995,May,Oil Products Export,19366,Barrels/Day
1995,May,Oil Products Demand,737196,Barrels/Day
1995,June,Crude Production,48309,Barrels/Day
1995,June,Crude Import,456431,Barrels/Day
1995,June,Crude Throughput,488011,Barrels/Day
1995,June,Oil Products Production,519662,Barrels/Day
1995,June,Oil Products Import,186762,Barrels/Day
1995,June,Oil Products Supply,706424,Barrels/Day
1995,June,Oil Products Consumption,705376,Barrels/Day
1995,June,Mogas Consumption,111342,Barrels/Day
1995,June,Diesel Oil Consumption,287647,Barrels/Day
1995,June,Others Consumption,306386,Barrels/Day
1995,June,Oil Products Export,19001,Barrels/Day
1995,June,Oil Products Demand,724377,Barrels/Day
1995,July,Crude Production,54760,Barrels/Day
1995,July,Crude Import,454465,Barrels/Day
1995,July,Crude Export,6844,Barrels/Day
1995,July,Crude Throughput,517069,Barrels/Day
1995,July,Oil Products Production,543765,Barrels/Day
1995,July,Oil Products Import,226252,Barrels/Day
1995,July,Oil Products Supply,770018,Barrels/Day
1995,July,Oil Products Consumption,648511,Barrels/Day
1995,July,Mogas Consumption,108656,Barrels/Day
1995,July,Diesel Oil Consumption,265082,Barrels/Day
1995,July,Others Consumption,274772,Barrels/Day
1995,July,Oil Products Export,8911,Barrels/Day
1995,July,Oil Products Demand,657422,Barrels/Day
1995,August,Crude Production,54203,Barrels/Day
1995,August,Crude Import,440125,Barrels/Day
1995,August,Crude Export,2752,Barrels/Day
1995,August,Crude Throughput,475224,Barrels/Day
1995,August,Oil Products Production,509752,Barrels/Day
1995,August,Oil Products Import,209607,Barrels/Day
1995,August,Oil Products Supply,719359,Barrels/Day
1995,August,Oil Products Consumption,643577,Barrels/Day
1995,August,Mogas Consumption,107407,Barrels/Day
1995,August,Diesel Oil Consumption,263886,Barrels/Day
1995,August,Others Consumption,272282,Barrels/Day
1995,August,Oil Products Export,7491,Barrels/Day
1995,August,Oil Products Demand,651068,Barrels/Day
1995,September,Crude Production,45188,Barrels/Day
1995,September,Crude Import,443506,Barrels/Day
1995,September,Crude Export,5542,Barrels/Day
1995,September,Crude Throughput,486812,Barrels/Day
1995,September,Oil Products Production,522956,Barrels/Day
1995,September,Oil Products Import,166721,Barrels/Day
1995,September,Oil Products Supply,689678,Barrels/Day
1995,September,Oil Products Consumption,625452,Barrels/Day
1995,September,Mogas Consumption,106214,Barrels/Day
1995,September,Diesel Oil Consumption,248482,Barrels/Day
1995,September,Others Consumption,270755,Barrels/Day
1995,September,Oil Products Export,18741,Barrels/Day
1995,September,Oil Products Demand,644194,Barrels/Day
1995,October,Crude Production,50217,Barrels/Day
1995,October,Crude Import,427445,Barrels/Day
1995,October,Crude Export,5402,Barrels/Day
1995,October,Crude Throughput,476129,Barrels/Day
1995,October,Oil Products Production,533133,Barrels/Day
1995,October,Oil Products Import,160263,Barrels/Day
1995,October,Oil Products Supply,693397,Barrels/Day
1995,October,Oil Products Consumption,661685,Barrels/Day
1995,October,Mogas Consumption,105359,Barrels/Day
1995,October,Diesel Oil Consumption,256279,Barrels/Day
1995,October,Others Consumption,300046,Barrels/Day
1995,October,Oil Products Export,33240,Barrels/Day
1995,October,Oil Products Demand,694925,Barrels/Day
1995,November,Crude Production,53309,Barrels/Day
1995,November,Crude Import,432557,Barrels/Day
1995,November,Crude Export,5667,Barrels/Day
1995,November,Crude Throughput,492000,Barrels/Day
1995,November,Oil Products Production,527017,Barrels/Day
1995,November,Oil Products Import,135846,Barrels/Day
1995,November,Oil Products Supply,662863,Barrels/Day
1995,November,Oil Products Consumption,704854,Barrels/Day
1995,November,Mogas Consumption,109700,Barrels/Day
1995,November,Diesel Oil Consumption,272230,Barrels/Day
1995,November,Others Consumption,322923,Barrels/Day
1995,November,Oil Products Export,27193,Barrels/Day
1995,November,Oil Products Demand,732047,Barrels/Day
1995,December,Crude Production,57269,Barrels/Day
1995,December,Crude Import,494773,Barrels/Day
1995,December,Crude Throughput,506075,Barrels/Day
1995,December,Oil Products Production,560210,Barrels/Day
1995,December,Oil Products Import,218595,Barrels/Day
1995,December,Oil Products Supply,778805,Barrels/Day
1995,December,Oil Products Consumption,704711,Barrels/Day
1995,December,Mogas Consumption,112199,Barrels/Day
1995,December,Diesel Oil Consumption,277530,Barrels/Day
1995,December,Others Consumption,314981,Barrels/Day
1995,December,Oil Products Export,29708,Barrels/Day
1995,December,Oil Products Demand,734419,Barrels/Day
1996,January,Crude Production,54483,Barrels/Day
1996,January,Crude Import,501780,Barrels/Day
1996,January,Crude Export,6764,Barrels/Day
1996,January,Crude Throughput,523324,Barrels/Day
1996,January,Oil Products Production,538853,Barrels/Day
1996,January,Oil Products Import,153974,Barrels/Day
1996,January,Oil Products Supply,692827,Barrels/Day
1996,January,Oil Products Consumption,687039,Barrels/Day
1996,January,Mogas Consumption,107661,Barrels/Day
1996,January,Diesel Oil Consumption,270414,Barrels/Day
1996,January,Others Consumption,308963,Barrels/Day
1996,January,Oil Products Export,16022,Barrels/Day
1996,January,Oil Products Demand,703061,Barrels/Day
1996,February,Crude Production,55301,Barrels/Day
1996,February,Crude Import,507249,Barrels/Day
1996,February,Crude Export,8383,Barrels/Day
1996,February,Crude Throughput,578498,Barrels/Day
1996,February,Oil Products Production,618367,Barrels/Day
1996,February,Oil Products Import,235885,Barrels/Day
1996,February,Oil Products Supply,854253,Barrels/Day
1996,February,Oil Products Consumption,760450,Barrels/Day
1996,February,Mogas Consumption,117574,Barrels/Day
1996,February,Diesel Oil Consumption,306235,Barrels/Day
1996,February,Others Consumption,336641,Barrels/Day
1996,February,Oil Products Export,44573,Barrels/Day
1996,February,Oil Products Demand,805024,Barrels/Day
1996,March,Crude Production,54621,Barrels/Day
1996,March,Crude Import,585581,Barrels/Day
1996,March,Crude Export,3798,Barrels/Day
1996,March,Crude Throughput,576758,Barrels/Day
1996,March,Oil Products Production,576032,Barrels/Day
1996,March,Oil Products Import,287798,Barrels/Day
1996,March,Oil Products Supply,863830,Barrels/Day
1996,March,Oil Products Consumption,739114,Barrels/Day
1996,March,Mogas Consumption,115282,Barrels/Day
1996,March,Diesel Oil Consumption,299169,Barrels/Day
1996,March,Others Consumption,324663,Barrels/Day
1996,March,Oil Products Export,53017,Barrels/Day
1996,March,Oil Products Demand,792132,Barrels/Day
1996,April,Crude Production,57029,Barrels/Day
1996,April,Crude Import,601033,Barrels/Day
1996,April,Crude Export,4297,Barrels/Day
1996,April,Crude Throughput,580725,Barrels/Day
1996,April,Oil Products Production,610828,Barrels/Day
1996,April,Oil Products Import,181507,Barrels/Day
1996,April,Oil Products Supply,792335,Barrels/Day
1996,April,Oil Products Consumption,734710,Barrels/Day
1996,April,Mogas Consumption,122198,Barrels/Day
1996,April,Diesel Oil Consumption,295549,Barrels/Day
1996,April,Others Consumption,316961,Barrels/Day
1996,April,Oil Products Export,20301,Barrels/Day
1996,April,Oil Products Demand,755012,Barrels/Day
1996,May,Crude Production,58852,Barrels/Day
1996,May,Crude Import,597981,Barrels/Day
1996,May,Crude Export,7288,Barrels/Day
1996,May,Crude Throughput,593798,Barrels/Day
1996,May,Oil Products Production,646491,Barrels/Day
1996,May,Oil Products Import,208512,Barrels/Day
1996,May,Oil Products Supply,855004,Barrels/Day
1996,May,Oil Products Consumption,741248,Barrels/Day
1996,May,Mogas Consumption,113209,Barrels/Day
1996,May,Diesel Oil Consumption,305230,Barrels/Day
1996,May,Others Consumption,322808,Barrels/Day
1996,May,Oil Products Export,52010,Barrels/Day
1996,May,Oil Products Demand,793258,Barrels/Day
1996,June,Crude Production,55347,Barrels/Day
1996,June,Crude Import,655044,Barrels/Day
1996,June,Crude Export,7873,Barrels/Day
1996,June,Crude Throughput,637923,Barrels/Day
1996,June,Oil Products Production,663562,Barrels/Day
1996,June,Oil Products Import,177777,Barrels/Day
1996,June,Oil Products Supply,841340,Barrels/Day
1996,June,Oil Products Consumption,752116,Barrels/Day
1996,June,Mogas Consumption,116244,Barrels/Day
1996,June,Diesel Oil Consumption,321517,Barrels/Day
1996,June,Others Consumption,314354,Barrels/Day
1996,June,Oil Products Export,64683,Barrels/Day
1996,June,Oil Products Demand,816800,Barrels/Day
1996,July,Crude Production,61222,Barrels/Day
1996,July,Crude Import,568127,Barrels/Day
1996,July,Crude Export,7857,Barrels/Day
1996,July,Crude Throughput,640282,Barrels/Day
1996,July,Oil Products Production,687078,Barrels/Day
1996,July,Oil Products Import,116843,Barrels/Day
1996,July,Oil Products Supply,803921,Barrels/Day
1996,July,Oil Products Consumption,736001,Barrels/Day
1996,July,Mogas Consumption,115710,Barrels/Day
1996,July,Diesel Oil Consumption,311147,Barrels/Day
1996,July,Others Consumption,309143,Barrels/Day
1996,July,Oil Products Export,85014,Barrels/Day
1996,July,Oil Products Demand,821015,Barrels/Day
1996,August,Crude Production,61645,Barrels/Day
1996,August,Crude Import,701283,Barrels/Day
1996,August,Crude Export,7913,Barrels/Day
1996,August,Crude Throughput,725493,Barrels/Day
1996,August,Oil Products Production,750493,Barrels/Day
1996,August,Oil Products Import,139063,Barrels/Day
1996,August,Oil Products Supply,889556,Barrels/Day
1996,August,Oil Products Consumption,728447,Barrels/Day
1996,August,Mogas Consumption,116497,Barrels/Day
1996,August,Diesel Oil Consumption,303439,Barrels/Day
1996,August,Others Consumption,308510,Barrels/Day
1996,August,Oil Products Export,67086,Barrels/Day
1996,August,Oil Products Demand,795534,Barrels/Day
1996,September,Crude Production,63367,Barrels/Day
1996,September,Crude Import,610785,Barrels/Day
1996,September,Crude Export,9665,Barrels/Day
1996,September,Crude Throughput,704807,Barrels/Day
1996,September,Oil Products Production,740419,Barrels/Day
1996,September,Oil Products Import,107929,Barrels/Day
1996,September,Oil Products Supply,848348,Barrels/Day
1996,September,Oil Products Consumption,710848,Barrels/Day
1996,September,Mogas Consumption,110834,Barrels/Day
1996,September,Diesel Oil Consumption,279690,Barrels/Day
1996,September,Others Consumption,320324,Barrels/Day
1996,September,Oil Products Export,118442,Barrels/Day
1996,September,Oil Products Demand,829290,Barrels/Day
1996,October,Crude Production,66192,Barrels/Day
1996,October,Crude Import,762952,Barrels/Day
1996,October,Crude Export,10501,Barrels/Day
1996,October,Crude Throughput,686651,Barrels/Day
1996,October,Oil Products Production,734044,Barrels/Day
1996,October,Oil Products Import,86446,Barrels/Day
1996,October,Oil Products Supply,820490,Barrels/Day
1996,October,Oil Products Consumption,712527,Barrels/Day
1996,October,Mogas Consumption,113581,Barrels/Day
1996,October,Diesel Oil Consumption,284481,Barrels/Day
1996,October,Others Consumption,314464,Barrels/Day
1996,October,Oil Products Export,130497,Barrels/Day
1996,October,Oil Products Demand,843025,Barrels/Day
1996,November,Crude Production,66177,Barrels/Day
1996,November,Crude Import,613631,Barrels/Day
1996,November,Crude Export,10922,Barrels/Day
1996,November,Crude Throughput,695393,Barrels/Day
1996,November,Oil Products Production,727995,Barrels/Day
1996,November,Oil Products Import,78988,Barrels/Day
1996,November,Oil Products Supply,806984,Barrels/Day
1996,November,Oil Products Consumption,715102,Barrels/Day
1996,November,Mogas Consumption,118852,Barrels/Day
1996,November,Diesel Oil Consumption,294141,Barrels/Day
1996,November,Others Consumption,302107,Barrels/Day
1996,November,Oil Products Export,89703,Barrels/Day
1996,November,Oil Products Demand,804805,Barrels/Day
1996,December,Crude Production,70492,Barrels/Day
1996,December,Crude Import,682845,Barrels/Day
1996,December,Crude Export,10813,Barrels/Day
1996,December,Crude Throughput,753335,Barrels/Day
1996,December,Oil Products Production,793394,Barrels/Day
1996,December,Oil Products Import,73654,Barrels/Day
1996,December,Oil Products Supply,867049,Barrels/Day
1996,December,Oil Products Consumption,738064,Barrels/Day
1996,December,Mogas Consumption,121573,Barrels/Day
1996,December,Diesel Oil Consumption,308420,Barrels/Day
1996,December,Others Consumption,308070,Barrels/Day
1996,December,Oil Products Export,158031,Barrels/Day
1996,December,Oil Products Demand,896095,Barrels/Day
1997,January,Crude Production,70291,Barrels/Day
1997,January,Crude Import,691485,Barrels/Day
1997,January,Crude Export,9486,Barrels/Day
1997,January,Crude Throughput,746200,Barrels/Day
1997,January,Oil Products Production,802458,Barrels/Day
1997,January,Oil Products Import,56758,Barrels/Day
1997,January,Oil Products Supply,859217,Barrels/Day
1997,January,Oil Products Consumption,774455,Barrels/Day
1997,January,Mogas Consumption,119708,Barrels/Day
1997,January,Diesel Oil Consumption,316570,Barrels/Day
1997,January,Others Consumption,338175,Barrels/Day
1997,January,Oil Products Export,112046,Barrels/Day
1997,January,Oil Products Demand,886502,Barrels/Day
1997,February,Crude Production,70907,Barrels/Day
1997,February,Crude Import,667586,Barrels/Day
1997,February,Crude Export,9320,Barrels/Day
1997,February,Crude Throughput,761968,Barrels/Day
1997,February,Oil Products Production,815650,Barrels/Day
1997,February,Oil Products Import,89157,Barrels/Day
1997,February,Oil Products Supply,904808,Barrels/Day
1997,February,Oil Products Consumption,801148,Barrels/Day
1997,February,Mogas Consumption,128044,Barrels/Day
1997,February,Diesel Oil Consumption,327473,Barrels/Day
1997,February,Others Consumption,345630,Barrels/Day
1997,February,Oil Products Export,118213,Barrels/Day
1997,February,Oil Products Demand,919361,Barrels/Day
1997,March,Crude Production,72554,Barrels/Day
1997,March,Crude Import,822410,Barrels/Day
1997,March,Crude Export,12231,Barrels/Day
1997,March,Crude Throughput,793872,Barrels/Day
1997,March,Oil Products Production,798711,Barrels/Day
1997,March,Oil Products Import,105258,Barrels/Day
1997,March,Oil Products Supply,903970,Barrels/Day
1997,March,Oil Products Consumption,864420,Barrels/Day
1997,March,Mogas Consumption,128466,Barrels/Day
1997,March,Diesel Oil Consumption,337555,Barrels/Day
1997,March,Others Consumption,398398,Barrels/Day
1997,March,Oil Products Export,57953,Barrels/Day
1997,March,Oil Products Demand,922373,Barrels/Day
1997,April,Crude Production,70077,Barrels/Day
1997,April,Crude Import,786653,Barrels/Day
1997,April,Crude Export,7535,Barrels/Day
1997,April,Crude Throughput,787480,Barrels/Day
1997,April,Oil Products Production,822912,Barrels/Day
1997,April,Oil Products Import,73299,Barrels/Day
1997,April,Oil Products Supply,896211,Barrels/Day
1997,April,Oil Products Consumption,835604,Barrels/Day
1997,April,Mogas Consumption,134088,Barrels/Day
1997,April,Diesel Oil Consumption,321033,Barrels/Day
1997,April,Others Consumption,380482,Barrels/Day
1997,April,Oil Products Export,89061,Barrels/Day
1997,April,Oil Products Demand,924666,Barrels/Day
1997,May,Crude Production,69938,Barrels/Day
1997,May,Crude Import,764109,Barrels/Day
1997,May,Crude Export,9867,Barrels/Day
1997,May,Crude Throughput,785698,Barrels/Day
1997,May,Oil Products Production,824651,Barrels/Day
1997,May,Oil Products Import,161456,Barrels/Day
1997,May,Oil Products Supply,986108,Barrels/Day
1997,May,Oil Products Consumption,869323,Barrels/Day
1997,May,Mogas Consumption,133524,Barrels/Day
1997,May,Diesel Oil Consumption,339795,Barrels/Day
1997,May,Others Consumption,396002,Barrels/Day
1997,May,Oil Products Export,84135,Barrels/Day
1997,May,Oil Products Demand,953458,Barrels/Day
1997,June,Crude Production,74031,Barrels/Day
1997,June,Crude Import,796374,Barrels/Day
1997,June,Crude Export,9622,Barrels/Day
1997,June,Crude Throughput,748675,Barrels/Day
1997,June,Oil Products Production,793065,Barrels/Day
1997,June,Oil Products Import,119632,Barrels/Day
1997,June,Oil Products Supply,912698,Barrels/Day
1997,June,Oil Products Consumption,860241,Barrels/Day
1997,June,Mogas Consumption,130743,Barrels/Day
1997,June,Diesel Oil Consumption,330425,Barrels/Day
1997,June,Others Consumption,399072,Barrels/Day
1997,June,Oil Products Export,73444,Barrels/Day
1997,June,Oil Products Demand,933686,Barrels/Day
1997,July,Crude Production,73603,Barrels/Day
1997,July,Crude Import,577434,Barrels/Day
1997,July,Crude Export,9465,Barrels/Day
1997,July,Crude Throughput,766776,Barrels/Day
1997,July,Oil Products Production,816860,Barrels/Day
1997,July,Oil Products Import,84768,Barrels/Day
1997,July,Oil Products Supply,901628,Barrels/Day
1997,July,Oil Products Consumption,837166,Barrels/Day
1997,July,Mogas Consumption,132854,Barrels/Day
1997,July,Diesel Oil Consumption,309493,Barrels/Day
1997,July,Others Consumption,394819,Barrels/Day
1997,July,Oil Products Export,64915,Barrels/Day
1997,July,Oil Products Demand,902081,Barrels/Day
1997,August,Crude Production,73955,Barrels/Day
1997,August,Crude Import,850050,Barrels/Day
1997,August,Crude Export,13010,Barrels/Day
1997,August,Crude Throughput,728279,Barrels/Day
1997,August,Oil Products Production,781319,Barrels/Day
1997,August,Oil Products Import,97616,Barrels/Day
1997,August,Oil Products Supply,878935,Barrels/Day
1997,August,Oil Products Consumption,787143,Barrels/Day
1997,August,Mogas Consumption,123877,Barrels/Day
1997,August,Diesel Oil Consumption,282036,Barrels/Day
1997,August,Others Consumption,381229,Barrels/Day
1997,August,Oil Products Export,83173,Barrels/Day
1997,August,Oil Products Demand,870317,Barrels/Day
1997,September,Crude Production,75126,Barrels/Day
1997,September,Crude Import,645402,Barrels/Day
1997,September,Crude Export,11308,Barrels/Day
1997,September,Crude Throughput,780802,Barrels/Day
1997,September,Oil Products Production,824020,Barrels/Day
1997,September,Oil Products Import,74382,Barrels/Day
1997,September,Oil Products Supply,898402,Barrels/Day
1997,September,Oil Products Consumption,755360,Barrels/Day
1997,September,Mogas Consumption,120168,Barrels/Day
1997,September,Diesel Oil Consumption,267388,Barrels/Day
1997,September,Others Consumption,367804,Barrels/Day
1997,September,Oil Products Export,96403,Barrels/Day
1997,September,Oil Products Demand,851764,Barrels/Day
1997,October,Crude Production,72663,Barrels/Day
1997,October,Crude Import,735355,Barrels/Day
1997,October,Crude Export,7974,Barrels/Day
1997,October,Crude Throughput,780110,Barrels/Day
1997,October,Oil Products Production,792200,Barrels/Day
1997,October,Oil Products Import,17037,Barrels/Day
1997,October,Oil Products Supply,809237,Barrels/Day
1997,October,Oil Products Consumption,752513,Barrels/Day
1997,October,Mogas Consumption,125265,Barrels/Day
1997,October,Diesel Oil Consumption,264724,Barrels/Day
1997,October,Others Consumption,362523,Barrels/Day
1997,October,Oil Products Export,134949,Barrels/Day
1997,October,Oil Products Demand,887463,Barrels/Day
1997,November,Crude Production,70439,Barrels/Day
1997,November,Crude Import,683732,Barrels/Day
1997,November,Crude Export,9775,Barrels/Day
1997,November,Crude Throughput,763255,Barrels/Day
1997,November,Oil Products Production,807797,Barrels/Day
1997,November,Oil Products Import,32749,Barrels/Day
1997,November,Oil Products Supply,840546,Barrels/Day
1997,November,Oil Products Consumption,716461,Barrels/Day
1997,November,Mogas Consumption,118433,Barrels/Day
1997,November,Diesel Oil Consumption,248907,Barrels/Day
1997,November,Others Consumption,349120,Barrels/Day
1997,November,Oil Products Export,162745,Barrels/Day
1997,November,Oil Products Demand,879206,Barrels/Day
1997,December,Crude Production,73460,Barrels/Day
1997,December,Crude Import,718483,Barrels/Day
1997,December,Crude Export,7967,Barrels/Day
1997,December,Crude Throughput,766213,Barrels/Day
1997,December,Oil Products Production,815055,Barrels/Day
1997,December,Oil Products Import,12318,Barrels/Day
1997,December,Oil Products Supply,827373,Barrels/Day
1997,December,Oil Products Consumption,735248,Barrels/Day
1997,December,Mogas Consumption,125800,Barrels/Day
1997,December,Diesel Oil Consumption,281739,Barrels/Day
1997,December,Others Consumption,327709,Barrels/Day
1997,December,Oil Products Export,172170,Barrels/Day
1997,December,Oil Products Demand,907419,Barrels/Day
1998,January,Crude Production,72416,Barrels/Day
1998,January,Crude Import,600193,Barrels/Day
1998,January,Crude Export,9365,Barrels/Day
1998,January,Crude Throughput,729899,Barrels/Day
1998,January,Oil Products Production,752117,Barrels/Day
1998,January,Oil Products Import,16833,Barrels/Day
1998,January,Oil Products Supply,768951,Barrels/Day
1998,January,Oil Products Consumption,725899,Barrels/Day
1998,January,Mogas Consumption,128658,Barrels/Day
1998,January,Diesel Oil Consumption,274267,Barrels/Day
1998,January,Others Consumption,322973,Barrels/Day
1998,January,Oil Products Export,111175,Barrels/Day
1998,January,Oil Products Demand,837074,Barrels/Day
1998,February,Crude Production,70427,Barrels/Day
1998,February,Crude Import,710606,Barrels/Day
1998,February,Crude Export,7140,Barrels/Day
1998,February,Crude Throughput,697162,Barrels/Day
1998,February,Oil Products Production,732940,Barrels/Day
1998,February,Oil Products Import,12480,Barrels/Day
1998,February,Oil Products Supply,745420,Barrels/Day
1998,February,Oil Products Consumption,751537,Barrels/Day
1998,February,Mogas Consumption,128006,Barrels/Day
1998,February,Diesel Oil Consumption,271945,Barrels/Day
1998,February,Others Consumption,351584,Barrels/Day
1998,February,Oil Products Export,101966,Barrels/Day
1998,February,Oil Products Demand,853504,Barrels/Day
1998,March,Crude Production,75999,Barrels/Day
1998,March,Crude Import,646004,Barrels/Day
1998,March,Crude Export,7984,Barrels/Day
1998,March,Crude Throughput,664206,Barrels/Day
1998,March,Oil Products Production,705657,Barrels/Day
1998,March,Oil Products Import,22732,Barrels/Day
1998,March,Oil Products Supply,728389,Barrels/Day
1998,March,Oil Products Consumption,763280,Barrels/Day
1998,March,Mogas Consumption,123548,Barrels/Day
1998,March,Diesel Oil Consumption,281560,Barrels/Day
1998,March,Others Consumption,358172,Barrels/Day
1998,March,Oil Products Export,64809,Barrels/Day
1998,March,Oil Products Demand,828090,Barrels/Day
1998,April,Crude Production,69232,Barrels/Day
1998,April,Crude Import,813873,Barrels/Day
1998,April,Crude Export,7209,Barrels/Day
1998,April,Crude Throughput,814439,Barrels/Day
1998,April,Oil Products Production,850139,Barrels/Day
1998,April,Oil Products Import,41733,Barrels/Day
1998,April,Oil Products Supply,891872,Barrels/Day
1998,April,Oil Products Consumption,766621,Barrels/Day
1998,April,Mogas Consumption,130614,Barrels/Day
1998,April,Diesel Oil Consumption,272748,Barrels/Day
1998,April,Others Consumption,363258,Barrels/Day
1998,April,Oil Products Export,76430,Barrels/Day
1998,April,Oil Products Demand,843051,Barrels/Day
1998,May,Crude Production,77053,Barrels/Day
1998,May,Crude Import,642360,Barrels/Day
1998,May,Crude Export,6625,Barrels/Day
1998,May,Crude Throughput,787165,Barrels/Day
1998,May,Oil Products Production,805636,Barrels/Day
1998,May,Oil Products Import,79191,Barrels/Day
1998,May,Oil Products Supply,884828,Barrels/Day
1998,May,Oil Products Consumption,769366,Barrels/Day
1998,May,Mogas Consumption,125474,Barrels/Day
1998,May,Diesel Oil Consumption,271665,Barrels/Day
1998,May,Others Consumption,372226,Barrels/Day
1998,May,Oil Products Export,88619,Barrels/Day
1998,May,Oil Products Demand,857986,Barrels/Day
1998,June,Crude Production,80924,Barrels/Day
1998,June,Crude Import,858447,Barrels/Day
1998,June,Crude Export,9139,Barrels/Day
1998,June,Crude Throughput,772936,Barrels/Day
1998,June,Oil Products Production,813828,Barrels/Day
1998,June,Oil Products Import,74152,Barrels/Day
1998,June,Oil Products Supply,887981,Barrels/Day
1998,June,Oil Products Consumption,747729,Barrels/Day
1998,June,Mogas Consumption,124462,Barrels/Day
1998,June,Diesel Oil Consumption,269995,Barrels/Day
1998,June,Others Consumption,353271,Barrels/Day
1998,June,Oil Products Export,117172,Barrels/Day
1998,June,Oil Products Demand,864901,Barrels/Day
1998,July,Crude Production,77635,Barrels/Day
1998,July,Crude Import,678477,Barrels/Day
1998,July,Crude Export,11500,Barrels/Day
1998,July,Crude Throughput,792474,Barrels/Day
1998,July,Oil Products Production,829427,Barrels/Day
1998,July,Oil Products Import,47128,Barrels/Day
1998,July,Oil Products Supply,876555,Barrels/Day
1998,July,Oil Products Consumption,714719,Barrels/Day
1998,July,Mogas Consumption,121810,Barrels/Day
1998,July,Diesel Oil Consumption,244044,Barrels/Day
1998,July,Others Consumption,348865,Barrels/Day
1998,July,Oil Products Export,143082,Barrels/Day
1998,July,Oil Products Demand,857802,Barrels/Day
1998,August,Crude Production,77590,Barrels/Day
1998,August,Crude Import,776480,Barrels/Day
1998,August,Crude Export,11855,Barrels/Day
1998,August,Crude Throughput,733636,Barrels/Day
1998,August,Oil Products Production,782712,Barrels/Day
1998,August,Oil Products Import,38216,Barrels/Day
1998,August,Oil Products Supply,820929,Barrels/Day
1998,August,Oil Products Consumption,696260,Barrels/Day
1998,August,Mogas Consumption,120654,Barrels/Day
1998,August,Diesel Oil Consumption,246272,Barrels/Day
1998,August,Others Consumption,329334,Barrels/Day
1998,August,Oil Products Export,133467,Barrels/Day
1998,August,Oil Products Demand,829728,Barrels/Day
1998,September,Crude Production,78172,Barrels/Day
1998,September,Crude Import,628539,Barrels/Day
1998,September,Crude Export,17239,Barrels/Day
1998,September,Crude Throughput,657535,Barrels/Day
1998,September,Oil Products Production,703122,Barrels/Day
1998,September,Oil Products Import,22196,Barrels/Day
1998,September,Oil Products Supply,725318,Barrels/Day
1998,September,Oil Products Consumption,704139,Barrels/Day
1998,September,Mogas Consumption,123004,Barrels/Day
1998,September,Diesel Oil Consumption,254207,Barrels/Day
1998,September,Others Consumption,326927,Barrels/Day
1998,September,Oil Products Export,97235,Barrels/Day
1998,September,Oil Products Demand,801375,Barrels/Day
1998,October,Crude Production,76573,Barrels/Day
1998,October,Crude Import,542982,Barrels/Day
1998,October,Crude Export,8211,Barrels/Day
1998,October,Crude Throughput,711718,Barrels/Day
1998,October,Oil Products Production,780636,Barrels/Day
1998,October,Oil Products Import,46169,Barrels/Day
1998,October,Oil Products Supply,826805,Barrels/Day
1998,October,Oil Products Consumption,697399,Barrels/Day
1998,October,Mogas Consumption,120165,Barrels/Day
1998,October,Diesel Oil Consumption,258577,Barrels/Day
1998,October,Others Consumption,318657,Barrels/Day
1998,October,Oil Products Export,94214,Barrels/Day
1998,October,Oil Products Demand,791613,Barrels/Day
1998,November,Crude Production,79970,Barrels/Day
1998,November,Crude Import,531622,Barrels/Day
1998,November,Crude Export,16222,Barrels/Day
1998,November,Crude Throughput,579029,Barrels/Day
1998,November,Oil Products Production,624310,Barrels/Day
1998,November,Oil Products Import,57744,Barrels/Day
1998,November,Oil Products Supply,682054,Barrels/Day
1998,November,Oil Products Consumption,699035,Barrels/Day
1998,November,Mogas Consumption,114054,Barrels/Day
1998,November,Diesel Oil Consumption,247512,Barrels/Day
1998,November,Others Consumption,337468,Barrels/Day
1998,November,Oil Products Export,49135,Barrels/Day
1998,November,Oil Products Demand,748171,Barrels/Day
1998,December,Crude Production,72787,Barrels/Day
1998,December,Crude Import,733811,Barrels/Day
1998,December,Crude Export,10855,Barrels/Day
1998,December,Crude Throughput,727225,Barrels/Day
1998,December,Oil Products Production,760649,Barrels/Day
1998,December,Oil Products Import,21278,Barrels/Day
1998,December,Oil Products Supply,781928,Barrels/Day
1998,December,Oil Products Consumption,704871,Barrels/Day
1998,December,Mogas Consumption,122218,Barrels/Day
1998,December,Diesel Oil Consumption,271510,Barrels/Day
1998,December,Others Consumption,311142,Barrels/Day
1998,December,Oil Products Export,49483,Barrels/Day
1998,December,Oil Products Demand,754354,Barrels/Day
1999,January,Crude Production,74875,Barrels/Day
1999,January,Crude Import,627745,Barrels/Day
1999,January,Crude Export,13556,Barrels/Day
1999,January,Crude Throughput,727872,Barrels/Day
1999,January,Oil Products Production,765699,Barrels/Day
1999,January,Oil Products Import,40110,Barrels/Day
1999,January,Oil Products Supply,805809,Barrels/Day
1999,January,Oil Products Consumption,702341,Barrels/Day
1999,January,Mogas Consumption,115674,Barrels/Day
1999,January,Diesel Oil Consumption,257921,Barrels/Day
1999,January,Others Consumption,328745,Barrels/Day
1999,January,Oil Products Export,130180,Barrels/Day
1999,January,Oil Products Demand,832522,Barrels/Day
1999,February,Crude Production,73439,Barrels/Day
1999,February,Crude Import,623681,Barrels/Day
1999,February,Crude Export,8680,Barrels/Day
1999,February,Crude Throughput,774748,Barrels/Day
1999,February,Oil Products Production,794199,Barrels/Day
1999,February,Oil Products Import,43991,Barrels/Day
1999,February,Oil Products Supply,838191,Barrels/Day
1999,February,Oil Products Consumption,732880,Barrels/Day
1999,February,Mogas Consumption,120194,Barrels/Day
1999,February,Diesel Oil Consumption,276700,Barrels/Day
1999,February,Others Consumption,335985,Barrels/Day
1999,February,Oil Products Export,116739,Barrels/Day
1999,February,Oil Products Demand,849620,Barrels/Day
1999,March,Crude Production,77861,Barrels/Day
1999,March,Crude Import,810221,Barrels/Day
1999,March,Crude Export,12082,Barrels/Day
1999,March,Crude Throughput,789403,Barrels/Day
1999,March,Oil Products Production,808148,Barrels/Day
1999,March,Oil Products Import,37801,Barrels/Day
1999,March,Oil Products Supply,845950,Barrels/Day
1999,March,Oil Products Consumption,764299,Barrels/Day
1999,March,Mogas Consumption,123373,Barrels/Day
1999,March,Diesel Oil Consumption,286620,Barrels/Day
1999,March,Others Consumption,354305,Barrels/Day
1999,March,Oil Products Export,140847,Barrels/Day
1999,March,Oil Products Demand,905146,Barrels/Day
1999,April,Crude Production,73337,Barrels/Day
1999,April,Crude Import,795277,Barrels/Day
1999,April,Crude Export,10765,Barrels/Day
1999,April,Crude Throughput,779404,Barrels/Day
1999,April,Oil Products Production,827562,Barrels/Day
1999,April,Oil Products Import,57800,Barrels/Day
1999,April,Oil Products Supply,885362,Barrels/Day
1999,April,Oil Products Consumption,768000,Barrels/Day
1999,April,Mogas Consumption,131186,Barrels/Day
1999,April,Diesel Oil Consumption,270118,Barrels/Day
1999,April,Others Consumption,366696,Barrels/Day
1999,April,Oil Products Export,104571,Barrels/Day
1999,April,Oil Products Demand,872572,Barrels/Day
1999,May,Crude Production,77558,Barrels/Day
1999,May,Crude Import,779333,Barrels/Day
1999,May,Crude Export,10840,Barrels/Day
1999,May,Crude Throughput,791956,Barrels/Day
1999,May,Oil Products Production,820648,Barrels/Day
1999,May,Oil Products Import,75129,Barrels/Day
1999,May,Oil Products Supply,895777,Barrels/Day
1999,May,Oil Products Consumption,769613,Barrels/Day
1999,May,Mogas Consumption,118147,Barrels/Day
1999,May,Diesel Oil Consumption,256579,Barrels/Day
1999,May,Others Consumption,394886,Barrels/Day
1999,May,Oil Products Export,127657,Barrels/Day
1999,May,Oil Products Demand,897271,Barrels/Day
1999,June,Crude Production,82013,Barrels/Day
1999,June,Crude Import,640345,Barrels/Day
1999,June,Crude Export,7598,Barrels/Day
1999,June,Crude Throughput,749069,Barrels/Day
1999,June,Oil Products Production,809315,Barrels/Day
1999,June,Oil Products Import,44834,Barrels/Day
1999,June,Oil Products Supply,854150,Barrels/Day
1999,June,Oil Products Consumption,797139,Barrels/Day
1999,June,Mogas Consumption,125829,Barrels/Day
1999,June,Diesel Oil Consumption,270021,Barrels/Day
1999,June,Others Consumption,401288,Barrels/Day
1999,June,Oil Products Export,129324,Barrels/Day
1999,June,Oil Products Demand,926463,Barrels/Day
1999,July,Crude Production,77948,Barrels/Day
1999,July,Crude Import,592842,Barrels/Day
1999,July,Crude Export,12943,Barrels/Day
1999,July,Crude Throughput,739934,Barrels/Day
1999,July,Oil Products Production,805273,Barrels/Day
1999,July,Oil Products Import,58896,Barrels/Day
1999,July,Oil Products Supply,864170,Barrels/Day
1999,July,Oil Products Consumption,810147,Barrels/Day
1999,July,Mogas Consumption,127969,Barrels/Day
1999,July,Diesel Oil Consumption,275896,Barrels/Day
1999,July,Others Consumption,406280,Barrels/Day
1999,July,Oil Products Export,116771,Barrels/Day
1999,July,Oil Products Demand,926918,Barrels/Day
1999,August,Crude Production,79636,Barrels/Day
1999,August,Crude Import,703164,Barrels/Day
1999,August,Crude Export,11526,Barrels/Day
1999,August,Crude Throughput,783269,Barrels/Day
1999,August,Oil Products Production,821044,Barrels/Day
1999,August,Oil Products Import,67890,Barrels/Day
1999,August,Oil Products Supply,888935,Barrels/Day
1999,August,Oil Products Consumption,785224,Barrels/Day
1999,August,Mogas Consumption,120041,Barrels/Day
1999,August,Diesel Oil Consumption,261374,Barrels/Day
1999,August,Others Consumption,403808,Barrels/Day
1999,August,Oil Products Export,122689,Barrels/Day
1999,August,Oil Products Demand,907913,Barrels/Day
1999,September,Crude Production,96171,Barrels/Day
1999,September,Crude Import,818494,Barrels/Day
1999,September,Crude Export,4335,Barrels/Day
1999,September,Crude Throughput,695679,Barrels/Day
1999,September,Oil Products Production,769174,Barrels/Day
1999,September,Oil Products Import,62867,Barrels/Day
1999,September,Oil Products Supply,832041,Barrels/Day
1999,September,Oil Products Consumption,774065,Barrels/Day
1999,September,Mogas Consumption,115953,Barrels/Day
1999,September,Diesel Oil Consumption,252005,Barrels/Day
1999,September,Others Consumption,406106,Barrels/Day
1999,September,Oil Products Export,113365,Barrels/Day
1999,September,Oil Products Demand,887431,Barrels/Day
1999,October,Crude Production,95303,Barrels/Day
1999,October,Crude Import,639291,Barrels/Day
1999,October,Crude Export,12816,Barrels/Day
1999,October,Crude Throughput,738393,Barrels/Day
1999,October,Oil Products Production,816046,Barrels/Day
1999,October,Oil Products Import,66805,Barrels/Day
1999,October,Oil Products Supply,882852,Barrels/Day
1999,October,Oil Products Consumption,741766,Barrels/Day
1999,October,Mogas Consumption,110454,Barrels/Day
1999,October,Diesel Oil Consumption,228976,Barrels/Day
1999,October,Others Consumption,402335,Barrels/Day
1999,October,Oil Products Export,123148,Barrels/Day
1999,October,Oil Products Demand,864915,Barrels/Day
1999,November,Crude Production,100010,Barrels/Day
1999,November,Crude Import,661597,Barrels/Day
1999,November,Crude Export,8456,Barrels/Day
1999,November,Crude Throughput,742473,Barrels/Day
1999,November,Oil Products Production,824805,Barrels/Day
1999,November,Oil Products Import,49880,Barrels/Day
1999,November,Oil Products Supply,874685,Barrels/Day
1999,November,Oil Products Consumption,745729,Barrels/Day
1999,November,Mogas Consumption,120630,Barrels/Day
1999,November,Diesel Oil Consumption,257148,Barrels/Day
1999,November,Others Consumption,367949,Barrels/Day
1999,November,Oil Products Export,149102,Barrels/Day
1999,November,Oil Products Demand,894832,Barrels/Day
1999,December,Crude Production,95039,Barrels/Day
1999,December,Crude Import,691349,Barrels/Day
1999,December,Crude Export,13290,Barrels/Day
1999,December,Crude Throughput,606126,Barrels/Day
1999,December,Oil Products Production,693454,Barrels/Day
1999,December,Oil Products Import,58076,Barrels/Day
1999,December,Oil Products Supply,751530,Barrels/Day
1999,December,Oil Products Consumption,764730,Barrels/Day
1999,December,Mogas Consumption,123543,Barrels/Day
1999,December,Diesel Oil Consumption,272980,Barrels/Day
1999,December,Others Consumption,368206,Barrels/Day
1999,December,Oil Products Export,80273,Barrels/Day
1999,December,Oil Products Demand,845003,Barrels/Day
2000,January,Crude Production,101071,Barrels/Day
2000,January,Crude Import,408674,Barrels/Day
2000,January,Crude Export,41578,Barrels/Day
2000,January,Crude Throughput,658857,Barrels/Day
2000,January,Oil Products Production,748184,Barrels/Day
2000,January,Oil Products Import,136112,Barrels/Day
2000,January,Oil Products Supply,884297,Barrels/Day
2000,January,Oil Products Consumption,762727,Barrels/Day
2000,January,Mogas Consumption,119670,Barrels/Day
2000,January,Diesel Oil Consumption,271485,Barrels/Day
2000,January,Others Consumption,371570,Barrels/Day
2000,January,Oil Products Export,54313,Barrels/Day
2000,January,Oil Products Demand,817040,Barrels/Day
2000,February,Crude Production,106196,Barrels/Day
2000,February,Crude Import,896747,Barrels/Day
2000,February,Crude Export,29592,Barrels/Day
2000,February,Crude Throughput,776537,Barrels/Day
2000,February,Oil Products Production,829288,Barrels/Day
2000,February,Oil Products Import,112388,Barrels/Day
2000,February,Oil Products Supply,941677,Barrels/Day
2000,February,Oil Products Consumption,780803,Barrels/Day
2000,February,Mogas Consumption,115408,Barrels/Day
2000,February,Diesel Oil Consumption,268044,Barrels/Day
2000,February,Others Consumption,397351,Barrels/Day
2000,February,Oil Products Export,84223,Barrels/Day
2000,February,Oil Products Demand,865027,Barrels/Day
2000,March,Crude Production,111902,Barrels/Day
2000,March,Crude Import,483532,Barrels/Day
2000,March,Crude Export,28102,Barrels/Day
2000,March,Crude Throughput,748536,Barrels/Day
2000,March,Oil Products Production,821482,Barrels/Day
2000,March,Oil Products Import,146504,Barrels/Day
2000,March,Oil Products Supply,967986,Barrels/Day
2000,March,Oil Products Consumption,787473,Barrels/Day
2000,March,Mogas Consumption,116185,Barrels/Day
2000,March,Diesel Oil Consumption,275867,Barrels/Day
2000,March,Others Consumption,395419,Barrels/Day
2000,March,Oil Products Export,106723,Barrels/Day
2000,March,Oil Products Demand,894196,Barrels/Day
2000,April,Crude Production,105476,Barrels/Day
2000,April,Crude Import,690954,Barrels/Day
2000,April,Crude Export,44639,Barrels/Day
2000,April,Crude Throughput,747872,Barrels/Day
2000,April,Oil Products Production,826945,Barrels/Day
2000,April,Oil Products Import,98764,Barrels/Day
2000,April,Oil Products Supply,925709,Barrels/Day
2000,April,Oil Products Consumption,760852,Barrels/Day
2000,April,Mogas Consumption,127683,Barrels/Day
2000,April,Diesel Oil Consumption,274779,Barrels/Day
2000,April,Others Consumption,358389,Barrels/Day
2000,April,Oil Products Export,111196,Barrels/Day
2000,April,Oil Products Demand,872048,Barrels/Day
2000,May,Crude Production,105421,Barrels/Day
2000,May,Crude Import,724588,Barrels/Day
2000,May,Crude Export,27906,Barrels/Day
2000,May,Crude Throughput,719064,Barrels/Day
2000,May,Oil Products Production,802868,Barrels/Day
2000,May,Oil Products Import,91233,Barrels/Day
2000,May,Oil Products Supply,894102,Barrels/Day
2000,May,Oil Products Consumption,769296,Barrels/Day
2000,May,Mogas Consumption,115786,Barrels/Day
2000,May,Diesel Oil Consumption,281262,Barrels/Day
2000,May,Others Consumption,372247,Barrels/Day
2000,May,Oil Products Export,113329,Barrels/Day
2000,May,Oil Products Demand,882626,Barrels/Day
2000,June,Crude Production,112098,Barrels/Day
2000,June,Crude Import,738234,Barrels/Day
2000,June,Crude Export,36102,Barrels/Day
2000,June,Crude Throughput,763912,Barrels/Day
2000,June,Oil Products Production,830487,Barrels/Day
2000,June,Oil Products Import,97425,Barrels/Day
2000,June,Oil Products Supply,927912,Barrels/Day
2000,June,Oil Products Consumption,754635,Barrels/Day
2000,June,Mogas Consumption,118509,Barrels/Day
2000,June,Diesel Oil Consumption,263355,Barrels/Day
2000,June,Others Consumption,372770,Barrels/Day
2000,June,Oil Products Export,100239,Barrels/Day
2000,June,Oil Products Demand,854874,Barrels/Day
2000,July,Crude Production,111819,Barrels/Day
2000,July,Crude Import,597450,Barrels/Day
2000,July,Crude Export,35759,Barrels/Day
2000,July,Crude Throughput,740151,Barrels/Day
2000,July,Oil Products Production,814513,Barrels/Day
2000,July,Oil Products Import,107640,Barrels/Day
2000,July,Oil Products Supply,922153,Barrels/Day
2000,July,Oil Products Consumption,739830,Barrels/Day
2000,July,Mogas Consumption,118537,Barrels/Day
2000,July,Diesel Oil Consumption,241676,Barrels/Day
2000,July,Others Consumption,379617,Barrels/Day
2000,July,Oil Products Export,74836,Barrels/Day
2000,July,Oil Products Demand,814667,Barrels/Day
2000,August,Crude Production,114217,Barrels/Day
2000,August,Crude Import,756901,Barrels/Day
2000,August,Crude Export,30862,Barrels/Day
2000,August,Crude Throughput,706620,Barrels/Day
2000,August,Oil Products Production,777702,Barrels/Day
2000,August,Oil Products Import,97981,Barrels/Day
2000,August,Oil Products Supply,875684,Barrels/Day
2000,August,Oil Products Consumption,730421,Barrels/Day
2000,August,Mogas Consumption,116238,Barrels/Day
2000,August,Diesel Oil Consumption,248335,Barrels/Day
2000,August,Others Consumption,365847,Barrels/Day
2000,August,Oil Products Export,100125,Barrels/Day
2000,August,Oil Products Demand,830546,Barrels/Day
2000,September,Crude Production,112306,Barrels/Day
2000,September,Crude Import,539512,Barrels/Day
2000,September,Crude Export,36361,Barrels/Day
2000,September,Crude Throughput,770295,Barrels/Day
2000,September,Oil Products Production,837709,Barrels/Day
2000,September,Oil Products Import,120014,Barrels/Day
2000,September,Oil Products Supply,957723,Barrels/Day
2000,September,Oil Products Consumption,720148,Barrels/Day
2000,September,Mogas Consumption,109504,Barrels/Day
2000,September,Diesel Oil Consumption,231133,Barrels/Day
2000,September,Others Consumption,379510,Barrels/Day
2000,September,Oil Products Export,142731,Barrels/Day
2000,September,Oil Products Demand,862880,Barrels/Day
2000,October,Crude Production,117501,Barrels/Day
2000,October,Crude Import,884452,Barrels/Day
2000,October,Crude Export,57488,Barrels/Day
2000,October,Crude Throughput,801552,Barrels/Day
2000,October,Oil Products Production,885354,Barrels/Day
2000,October,Oil Products Import,55629,Barrels/Day
2000,October,Oil Products Supply,940983,Barrels/Day
2000,October,Oil Products Consumption,682234,Barrels/Day
2000,October,Mogas Consumption,108472,Barrels/Day
2000,October,Diesel Oil Consumption,226717,Barrels/Day
2000,October,Others Consumption,347044,Barrels/Day
2000,October,Oil Products Export,186292,Barrels/Day
2000,October,Oil Products Demand,868527,Barrels/Day
2000,November,Crude Production,113557,Barrels/Day
2000,November,Crude Import,795066,Barrels/Day
2000,November,Crude Export,21854,Barrels/Day
2000,November,Crude Throughput,820866,Barrels/Day
2000,November,Oil Products Production,863619,Barrels/Day
2000,November,Oil Products Import,28590,Barrels/Day
2000,November,Oil Products Supply,892209,Barrels/Day
2000,November,Oil Products Consumption,717503,Barrels/Day
2000,November,Mogas Consumption,109712,Barrels/Day
2000,November,Diesel Oil Consumption,247401,Barrels/Day
2000,November,Others Consumption,360388,Barrels/Day
2000,November,Oil Products Export,192499,Barrels/Day
2000,November,Oil Products Demand,910002,Barrels/Day
2000,December,Crude Production,110153,Barrels/Day
2000,December,Crude Import,578211,Barrels/Day
2000,December,Crude Export,51637,Barrels/Day
2000,December,Crude Throughput,756724,Barrels/Day
2000,December,Oil Products Production,847560,Barrels/Day
2000,December,Oil Products Import,30175,Barrels/Day
2000,December,Oil Products Supply,877736,Barrels/Day
2000,December,Oil Products Consumption,706130,Barrels/Day
2000,December,Mogas Consumption,118635,Barrels/Day
2000,December,Diesel Oil Consumption,260455,Barrels/Day
2000,December,Others Consumption,327038,Barrels/Day
2000,December,Oil Products Export,205300,Barrels/Day
2000,December,Oil Products Demand,911430,Barrels/Day
2001,January,Crude Production,110908,Barrels/Day
2001,January,Crude Import,721498,Barrels/Day
2001,January,Crude Export,26020,Barrels/Day
2001,January,Crude Throughput,751208,Barrels/Day
2001,January,Oil Products Production,835197,Barrels/Day
2001,January,Oil Products Import,66169,Barrels/Day
2001,January,Oil Products Supply,901367,Barrels/Day
2001,January,Oil Products Consumption,714891,Barrels/Day
2001,January,Mogas Consumption,114532,Barrels/Day
2001,January,Diesel Oil Consumption,256880,Barrels/Day
2001,January,Others Consumption,343477,Barrels/Day
2001,January,Oil Products Export,146355,Barrels/Day
2001,January,Oil Products Demand,861246,Barrels/Day
2001,February,Crude Production,110074,Barrels/Day
2001,February,Crude Import,509729,Barrels/Day
2001,February,Crude Export,21484,Barrels/Day
2001,February,Crude Throughput,678140,Barrels/Day
2001,February,Oil Products Production,763263,Barrels/Day
2001,February,Oil Products Import,106056,Barrels/Day
2001,February,Oil Products Supply,869319,Barrels/Day
2001,February,Oil Products Consumption,738310,Barrels/Day
2001,February,Mogas Consumption,112135,Barrels/Day
2001,February,Diesel Oil Consumption,271883,Barrels/Day
2001,February,Others Consumption,354292,Barrels/Day
2001,February,Oil Products Export,78299,Barrels/Day
2001,February,Oil Products Demand,816610,Barrels/Day
2001,March,Crude Production,112898,Barrels/Day
2001,March,Crude Import,722509,Barrels/Day
2001,March,Crude Export,66940,Barrels/Day
2001,March,Crude Throughput,751345,Barrels/Day
2001,March,Oil Products Production,829114,Barrels/Day
2001,March,Oil Products Import,97880,Barrels/Day
2001,March,Oil Products Supply,926995,Barrels/Day
2001,March,Oil Products Consumption,742799,Barrels/Day
2001,March,Mogas Consumption,114093,Barrels/Day
2001,March,Diesel Oil Consumption,266592,Barrels/Day
2001,March,Others Consumption,362113,Barrels/Day
2001,March,Oil Products Export,122842,Barrels/Day
2001,March,Oil Products Demand,865641,Barrels/Day
2001,April,Crude Production,112363,Barrels/Day
2001,April,Crude Import,720866,Barrels/Day
2001,April,Crude Export,22891,Barrels/Day
2001,April,Crude Throughput,785300,Barrels/Day
2001,April,Oil Products Production,853805,Barrels/Day
2001,April,Oil Products Import,75702,Barrels/Day
2001,April,Oil Products Supply,929508,Barrels/Day
2001,April,Oil Products Consumption,745244,Barrels/Day
2001,April,Mogas Consumption,126914,Barrels/Day
2001,April,Diesel Oil Consumption,278625,Barrels/Day
2001,April,Others Consumption,339704,Barrels/Day
2001,April,Oil Products Export,169895,Barrels/Day
2001,April,Oil Products Demand,915139,Barrels/Day
2001,May,Crude Production,114713,Barrels/Day
2001,May,Crude Import,931278,Barrels/Day
2001,May,Crude Export,21946,Barrels/Day
2001,May,Crude Throughput,775410,Barrels/Day
2001,May,Oil Products Production,869197,Barrels/Day
2001,May,Oil Products Import,63833,Barrels/Day
2001,May,Oil Products Supply,933030,Barrels/Day
2001,May,Oil Products Consumption,735541,Barrels/Day
2001,May,Mogas Consumption,112739,Barrels/Day
2001,May,Diesel Oil Consumption,266199,Barrels/Day
2001,May,Others Consumption,356602,Barrels/Day
2001,May,Oil Products Export,127405,Barrels/Day
2001,May,Oil Products Demand,862946,Barrels/Day
2001,June,Crude Production,112409,Barrels/Day
2001,June,Crude Import,608572,Barrels/Day
2001,June,Crude Export,26402,Barrels/Day
2001,June,Crude Throughput,799777,Barrels/Day
2001,June,Oil Products Production,896498,Barrels/Day
2001,June,Oil Products Import,33152,Barrels/Day
2001,June,Oil Products Supply,929650,Barrels/Day
2001,June,Oil Products Consumption,709739,Barrels/Day
2001,June,Mogas Consumption,118602,Barrels/Day
2001,June,Diesel Oil Consumption,264798,Barrels/Day
2001,June,Others Consumption,326338,Barrels/Day
2001,June,Oil Products Export,171409,Barrels/Day
2001,June,Oil Products Demand,881149,Barrels/Day
2001,July,Crude Production,118371,Barrels/Day
2001,July,Crude Import,745798,Barrels/Day
2001,July,Crude Export,45997,Barrels/Day
2001,July,Crude Throughput,740340,Barrels/Day
2001,July,Oil Products Production,851333,Barrels/Day
2001,July,Oil Products Import,55923,Barrels/Day
2001,July,Oil Products Supply,907256,Barrels/Day
2001,July,Oil Products Consumption,683092,Barrels/Day
2001,July,Mogas Consumption,117948,Barrels/Day
2001,July,Diesel Oil Consumption,255007,Barrels/Day
2001,July,Others Consumption,310136,Barrels/Day
2001,July,Oil Products Export,91750,Barrels/Day
2001,July,Oil Products Demand,774842,Barrels/Day
2001,August,Crude Production,117444,Barrels/Day
2001,August,Crude Import,699679,Barrels/Day
2001,August,Crude Export,21980,Barrels/Day
2001,August,Crude Throughput,738565,Barrels/Day
2001,August,Oil Products Production,829488,Barrels/Day
2001,August,Oil Products Import,71057,Barrels/Day
2001,August,Oil Products Supply,900545,Barrels/Day
2001,August,Oil Products Consumption,711727,Barrels/Day
2001,August,Mogas Consumption,119537,Barrels/Day
2001,August,Diesel Oil Consumption,252283,Barrels/Day
2001,August,Others Consumption,339905,Barrels/Day
2001,August,Oil Products Export,176947,Barrels/Day
2001,August,Oil Products Demand,888674,Barrels/Day
2001,September,Crude Production,113596,Barrels/Day
2001,September,Crude Import,720219,Barrels/Day
2001,September,Crude Export,54445,Barrels/Day
2001,September,Crude Throughput,780704,Barrels/Day
2001,September,Oil Products Production,857825,Barrels/Day
2001,September,Oil Products Import,90580,Barrels/Day
2001,September,Oil Products Supply,948405,Barrels/Day
2001,September,Oil Products Consumption,725464,Barrels/Day
2001,September,Mogas Consumption,115077,Barrels/Day
2001,September,Diesel Oil Consumption,245707,Barrels/Day
2001,September,Others Consumption,364679,Barrels/Day
2001,September,Oil Products Export,171534,Barrels/Day
2001,September,Oil Products Demand,896999,Barrels/Day
2001,October,Crude Production,114096,Barrels/Day
2001,October,Crude Import,666992,Barrels/Day
2001,October,Crude Export,34834,Barrels/Day
2001,October,Crude Throughput,770132,Barrels/Day
2001,October,Oil Products Production,871163,Barrels/Day
2001,October,Oil Products Import,76102,Barrels/Day
2001,October,Oil Products Supply,947265,Barrels/Day
2001,October,Oil Products Consumption,725261,Barrels/Day
2001,October,Mogas Consumption,120644,Barrels/Day
2001,October,Diesel Oil Consumption,245568,Barrels/Day
2001,October,Others Consumption,359048,Barrels/Day
2001,October,Oil Products Export,105093,Barrels/Day
2001,October,Oil Products Demand,830354,Barrels/Day
2001,November,Crude Production,114147,Barrels/Day
2001,November,Crude Import,695167,Barrels/Day
2001,November,Crude Export,49661,Barrels/Day
2001,November,Crude Throughput,727957,Barrels/Day
2001,November,Oil Products Production,830523,Barrels/Day
2001,November,Oil Products Import,113205,Barrels/Day
2001,November,Oil Products Supply,943729,Barrels/Day
2001,November,Oil Products Consumption,741227,Barrels/Day
2001,November,Mogas Consumption,122882,Barrels/Day
2001,November,Diesel Oil Consumption,260358,Barrels/Day
2001,November,Others Consumption,357986,Barrels/Day
2001,November,Oil Products Export,119586,Barrels/Day
2001,November,Oil Products Demand,860813,Barrels/Day
2001,December,Crude Production,113662,Barrels/Day
2001,December,Crude Import,783504,Barrels/Day
2001,December,Crude Export,64072,Barrels/Day
2001,December,Crude Throughput,774666,Barrels/Day
2001,December,Oil Products Production,828807,Barrels/Day
2001,December,Oil Products Import,62253,Barrels/Day
2001,December,Oil Products Supply,891060,Barrels/Day
2001,December,Oil Products Consumption,761050,Barrels/Day
2001,December,Mogas Consumption,122597,Barrels/Day
2001,December,Diesel Oil Consumption,287588,Barrels/Day
2001,December,Others Consumption,350864,Barrels/Day
2001,December,Oil Products Export,179385,Barrels/Day
2001,December,Oil Products Demand,940435,Barrels/Day
2002,January,Crude Production,115313,Barrels/Day
2002,January,Crude Import,627985,Barrels/Day
2002,January,Crude Export,36274,Barrels/Day
2002,January,Crude Throughput,813794,Barrels/Day
2002,January,Oil Products Production,834507,Barrels/Day
2002,January,Oil Products Import,50892,Barrels/Day
2002,January,Oil Products Supply,885400,Barrels/Day
2002,January,Oil Products Consumption,741259,Barrels/Day
2002,January,Mogas Consumption,122938,Barrels/Day
2002,January,Diesel Oil Consumption,277069,Barrels/Day
2002,January,Others Consumption,341251,Barrels/Day
2002,January,Oil Products Export,163669,Barrels/Day
2002,January,Oil Products Demand,904929,Barrels/Day
2002,February,Crude Production,118836,Barrels/Day
2002,February,Crude Import,731739,Barrels/Day
2002,February,Crude Export,72725,Barrels/Day
2002,February,Crude Throughput,836876,Barrels/Day
2002,February,Oil Products Production,867929,Barrels/Day
2002,February,Oil Products Import,41389,Barrels/Day
2002,February,Oil Products Supply,909319,Barrels/Day
2002,February,Oil Products Consumption,745776,Barrels/Day
2002,February,Mogas Consumption,125623,Barrels/Day
2002,February,Diesel Oil Consumption,280290,Barrels/Day
2002,February,Others Consumption,339863,Barrels/Day
2002,February,Oil Products Export,121568,Barrels/Day
2002,February,Oil Products Demand,867345,Barrels/Day
2002,March,Crude Production,125817,Barrels/Day
2002,March,Crude Import,685102,Barrels/Day
2002,March,Crude Export,26315,Barrels/Day
2002,March,Crude Throughput,712538,Barrels/Day
2002,March,Oil Products Production,764236,Barrels/Day
2002,March,Oil Products Import,142641,Barrels/Day
2002,March,Oil Products Supply,906877,Barrels/Day
2002,March,Oil Products Consumption,750809,Barrels/Day
2002,March,Mogas Consumption,124594,Barrels/Day
2002,March,Diesel Oil Consumption,287163,Barrels/Day
2002,March,Others Consumption,339051,Barrels/Day
2002,March,Oil Products Export,102780,Barrels/Day
2002,March,Oil Products Demand,853589,Barrels/Day
2002,April,Crude Production,120978,Barrels/Day
2002,April,Crude Import,791522,Barrels/Day
2002,April,Crude Export,44270,Barrels/Day
2002,April,Crude Throughput,836268,Barrels/Day
2002,April,Oil Products Production,843646,Barrels/Day
2002,April,Oil Products Import,99532,Barrels/Day
2002,April,Oil Products Supply,943178,Barrels/Day
2002,April,Oil Products Consumption,788303,Barrels/Day
2002,April,Mogas Consumption,129499,Barrels/Day
2002,April,Diesel Oil Consumption,283296,Barrels/Day
2002,April,Others Consumption,375507,Barrels/Day
2002,April,Oil Products Export,83942,Barrels/Day
2002,April,Oil Products Demand,872246,Barrels/Day
2002,May,Crude Production,125412,Barrels/Day
2002,May,Crude Import,828572,Barrels/Day
2002,May,Crude Export,75317,Barrels/Day
2002,May,Crude Throughput,844631,Barrels/Day
2002,May,Oil Products Production,862252,Barrels/Day
2002,May,Oil Products Import,96391,Barrels/Day
2002,May,Oil Products Supply,958644,Barrels/Day
2002,May,Oil Products Consumption,778440,Barrels/Day
2002,May,Mogas Consumption,122162,Barrels/Day
2002,May,Diesel Oil Consumption,282120,Barrels/Day
2002,May,Others Consumption,374157,Barrels/Day
2002,May,Oil Products Export,121138,Barrels/Day
2002,May,Oil Products Demand,899579,Barrels/Day
2002,June,Crude Production,128741,Barrels/Day
2002,June,Crude Import,699869,Barrels/Day
2002,June,Crude Export,28931,Barrels/Day
2002,June,Crude Throughput,845487,Barrels/Day
2002,June,Oil Products Production,874209,Barrels/Day
2002,June,Oil Products Import,52866,Barrels/Day
2002,June,Oil Products Supply,927076,Barrels/Day
2002,June,Oil Products Consumption,763826,Barrels/Day
2002,June,Mogas Consumption,124095,Barrels/Day
2002,June,Diesel Oil Consumption,275864,Barrels/Day
2002,June,Others Consumption,363867,Barrels/Day
2002,June,Oil Products Export,133245,Barrels/Day
2002,June,Oil Products Demand,897072,Barrels/Day
2002,July,Crude Production,140807,Barrels/Day
2002,July,Crude Import,701837,Barrels/Day
2002,July,Crude Export,71744,Barrels/Day
2002,July,Crude Throughput,846670,Barrels/Day
2002,July,Oil Products Production,863924,Barrels/Day
2002,July,Oil Products Import,61044,Barrels/Day
2002,July,Oil Products Supply,924968,Barrels/Day
2002,July,Oil Products Consumption,761324,Barrels/Day
2002,July,Mogas Consumption,125610,Barrels/Day
2002,July,Diesel Oil Consumption,272995,Barrels/Day
2002,July,Others Consumption,362718,Barrels/Day
2002,July,Oil Products Export,117671,Barrels/Day
2002,July,Oil Products Demand,878995,Barrels/Day
2002,August,Crude Production,137852,Barrels/Day
2002,August,Crude Import,728612,Barrels/Day
2002,August,Crude Export,61944,Barrels/Day
2002,August,Crude Throughput,846264,Barrels/Day
2002,August,Oil Products Production,883375,Barrels/Day
2002,August,Oil Products Import,63700,Barrels/Day
2002,August,Oil Products Supply,947076,Barrels/Day
2002,August,Oil Products Consumption,757067,Barrels/Day
2002,August,Mogas Consumption,126542,Barrels/Day
2002,August,Diesel Oil Consumption,277318,Barrels/Day
2002,August,Others Consumption,353206,Barrels/Day
2002,August,Oil Products Export,133002,Barrels/Day
2002,August,Oil Products Demand,890070,Barrels/Day
2002,September,Crude Production,137325,Barrels/Day
2002,September,Crude Import,804145,Barrels/Day
2002,September,Crude Export,33540,Barrels/Day
2002,September,Crude Throughput,823792,Barrels/Day
2002,September,Oil Products Production,847425,Barrels/Day
2002,September,Oil Products Import,67385,Barrels/Day
2002,September,Oil Products Supply,914810,Barrels/Day
2002,September,Oil Products Consumption,727407,Barrels/Day
2002,September,Mogas Consumption,119272,Barrels/Day
2002,September,Diesel Oil Consumption,254791,Barrels/Day
2002,September,Others Consumption,353343,Barrels/Day
2002,September,Oil Products Export,154571,Barrels/Day
2002,September,Oil Products Demand,881979,Barrels/Day
2002,October,Crude Production,137097,Barrels/Day
2002,October,Crude Import,656974,Barrels/Day
2002,October,Crude Export,45653,Barrels/Day
2002,October,Crude Throughput,811261,Barrels/Day
2002,October,Oil Products Production,867385,Barrels/Day
2002,October,Oil Products Import,39844,Barrels/Day
2002,October,Oil Products Supply,907230,Barrels/Day
2002,October,Oil Products Consumption,733649,Barrels/Day
2002,October,Mogas Consumption,122617,Barrels/Day
2002,October,Diesel Oil Consumption,259720,Barrels/Day
2002,October,Others Consumption,351311,Barrels/Day
2002,October,Oil Products Export,159518,Barrels/Day
2002,October,Oil Products Demand,893167,Barrels/Day
2002,November,Crude Production,131777,Barrels/Day
2002,November,Crude Import,752188,Barrels/Day
2002,November,Crude Export,41970,Barrels/Day
2002,November,Crude Throughput,885442,Barrels/Day
2002,November,Oil Products Production,912449,Barrels/Day
2002,November,Oil Products Import,46641,Barrels/Day
2002,November,Oil Products Supply,959090,Barrels/Day
2002,November,Oil Products Consumption,774821,Barrels/Day
2002,November,Mogas Consumption,134311,Barrels/Day
2002,November,Diesel Oil Consumption,281338,Barrels/Day
2002,November,Others Consumption,359171,Barrels/Day
2002,November,Oil Products Export,158420,Barrels/Day
2002,November,Oil Products Demand,933241,Barrels/Day
2002,December,Crude Production,130583,Barrels/Day
2002,December,Crude Import,738457,Barrels/Day
2002,December,Crude Export,78480,Barrels/Day
2002,December,Crude Throughput,839052,Barrels/Day
2002,December,Oil Products Production,857772,Barrels/Day
2002,December,Oil Products Import,60344,Barrels/Day
2002,December,Oil Products Supply,918116,Barrels/Day
2002,December,Oil Products Consumption,785451,Barrels/Day
2002,December,Mogas Consumption,137654,Barrels/Day
2002,December,Diesel Oil Consumption,293825,Barrels/Day
2002,December,Others Consumption,353970,Barrels/Day
2002,December,Oil Products Export,175400,Barrels/Day
2002,December,Oil Products Demand,960851,Barrels/Day
2003,January,Crude Production,152286,Barrels/Day
2003,January,Crude Import,858294,Barrels/Day
2003,January,Crude Export,54614,Barrels/Day
2003,January,Crude Throughput,848508,Barrels/Day
2003,January,Oil Products Production,907217,Barrels/Day
2003,January,Oil Products Import,85977,Barrels/Day
2003,January,Oil Products Supply,993195,Barrels/Day
2003,January,Oil Products Consumption,809881,Barrels/Day
2003,January,Mogas Consumption,132702,Barrels/Day
2003,January,Diesel Oil Consumption,302773,Barrels/Day
2003,January,Others Consumption,374406,Barrels/Day
2003,January,Oil Products Export,150174,Barrels/Day
2003,January,Oil Products Demand,960055,Barrels/Day
2003,February,Crude Production,162470,Barrels/Day
2003,February,Crude Import,711533,Barrels/Day
2003,February,Crude Export,66492,Barrels/Day
2003,February,Crude Throughput,814781,Barrels/Day
2003,February,Oil Products Production,878809,Barrels/Day
2003,February,Oil Products Import,121538,Barrels/Day
2003,February,Oil Products Supply,1000347,Barrels/Day
2003,February,Oil Products Consumption,804303,Barrels/Day
2003,February,Mogas Consumption,130309,Barrels/Day
2003,February,Diesel Oil Consumption,297557,Barrels/Day
2003,February,Others Consumption,376436,Barrels/Day
2003,February,Oil Products Export,126380,Barrels/Day
2003,February,Oil Products Demand,930684,Barrels/Day
2003,March,Crude Production,159567,Barrels/Day
2003,March,Crude Import,721045,Barrels/Day
2003,March,Crude Export,85122,Barrels/Day
2003,March,Crude Throughput,848422,Barrels/Day
2003,March,Oil Products Production,909560,Barrels/Day
2003,March,Oil Products Import,60507,Barrels/Day
2003,March,Oil Products Supply,970068,Barrels/Day
2003,March,Oil Products Consumption,803326,Barrels/Day
2003,March,Mogas Consumption,129909,Barrels/Day
2003,March,Diesel Oil Consumption,307266,Barrels/Day
2003,March,Others Consumption,366149,Barrels/Day
2003,March,Oil Products Export,111680,Barrels/Day
2003,March,Oil Products Demand,915006,Barrels/Day
2003,April,Crude Production,153272,Barrels/Day
2003,April,Crude Import,728042,Barrels/Day
2003,April,Crude Export,68306,Barrels/Day
2003,April,Crude Throughput,804273,Barrels/Day
2003,April,Oil Products Production,884520,Barrels/Day
2003,April,Oil Products Import,96286,Barrels/Day
2003,April,Oil Products Supply,980807,Barrels/Day
2003,April,Oil Products Consumption,787468,Barrels/Day
2003,April,Mogas Consumption,134132,Barrels/Day
2003,April,Diesel Oil Consumption,303358,Barrels/Day
2003,April,Others Consumption,349977,Barrels/Day
2003,April,Oil Products Export,122702,Barrels/Day
2003,April,Oil Products Demand,910171,Barrels/Day
2003,May,Crude Production,159526,Barrels/Day
2003,May,Crude Import,862531,Barrels/Day
2003,May,Crude Export,94993,Barrels/Day
2003,May,Crude Throughput,833945,Barrels/Day
2003,May,Oil Products Production,889402,Barrels/Day
2003,May,Oil Products Import,40721,Barrels/Day
2003,May,Oil Products Supply,930124,Barrels/Day
2003,May,Oil Products Consumption,795427,Barrels/Day
2003,May,Mogas Consumption,129692,Barrels/Day
2003,May,Diesel Oil Consumption,307077,Barrels/Day
2003,May,Others Consumption,358657,Barrels/Day
2003,May,Oil Products Export,117541,Barrels/Day
2003,May,Oil Products Demand,912968,Barrels/Day
2003,June,Crude Production,159890,Barrels/Day
2003,June,Crude Import,715554,Barrels/Day
2003,June,Crude Export,66646,Barrels/Day
2003,June,Crude Throughput,846774,Barrels/Day
2003,June,Oil Products Production,917868,Barrels/Day
2003,June,Oil Products Import,46782,Barrels/Day
2003,June,Oil Products Supply,964650,Barrels/Day
2003,June,Oil Products Consumption,793204,Barrels/Day
2003,June,Mogas Consumption,131227,Barrels/Day
2003,June,Diesel Oil Consumption,304880,Barrels/Day
2003,June,Others Consumption,357096,Barrels/Day
2003,June,Oil Products Export,105840,Barrels/Day
2003,June,Oil Products Demand,899044,Barrels/Day
2003,July,Crude Production,157462,Barrels/Day
2003,July,Crude Import,888630,Barrels/Day
2003,July,Crude Export,72615,Barrels/Day
2003,July,Crude Throughput,836452,Barrels/Day
2003,July,Oil Products Production,904169,Barrels/Day
2003,July,Oil Products Import,49979,Barrels/Day
2003,July,Oil Products Supply,954149,Barrels/Day
2003,July,Oil Products Consumption,774505,Barrels/Day
2003,July,Mogas Consumption,129523,Barrels/Day
2003,July,Diesel Oil Consumption,293847,Barrels/Day
2003,July,Others Consumption,351134,Barrels/Day
2003,July,Oil Products Export,97368,Barrels/Day
2003,July,Oil Products Demand,871873,Barrels/Day
2003,August,Crude Production,161459,Barrels/Day
2003,August,Crude Import,784906,Barrels/Day
2003,August,Crude Export,50028,Barrels/Day
2003,August,Crude Throughput,859111,Barrels/Day
2003,August,Oil Products Production,885149,Barrels/Day
2003,August,Oil Products Import,50461,Barrels/Day
2003,August,Oil Products Supply,935610,Barrels/Day
2003,August,Oil Products Consumption,787821,Barrels/Day
2003,August,Mogas Consumption,127023,Barrels/Day
2003,August,Diesel Oil Consumption,287209,Barrels/Day
2003,August,Others Consumption,373588,Barrels/Day
2003,August,Oil Products Export,134385,Barrels/Day
2003,August,Oil Products Demand,922206,Barrels/Day
2003,September,Crude Production,160604,Barrels/Day
2003,September,Crude Import,853553,Barrels/Day
2003,September,Crude Export,83536,Barrels/Day
2003,September,Crude Throughput,927092,Barrels/Day
2003,September,Oil Products Production,978728,Barrels/Day
2003,September,Oil Products Import,51199,Barrels/Day
2003,September,Oil Products Supply,1029927,Barrels/Day
2003,September,Oil Products Consumption,795266,Barrels/Day
2003,September,Mogas Consumption,128833,Barrels/Day
2003,September,Diesel Oil Consumption,287164,Barrels/Day
2003,September,Others Consumption,379267,Barrels/Day
2003,September,Oil Products Export,177949,Barrels/Day
2003,September,Oil Products Demand,973215,Barrels/Day
2003,October,Crude Production,165358,Barrels/Day
2003,October,Crude Import,795326,Barrels/Day
2003,October,Crude Export,65412,Barrels/Day
2003,October,Crude Throughput,903705,Barrels/Day
2003,October,Oil Products Production,954069,Barrels/Day
2003,October,Oil Products Import,73591,Barrels/Day
2003,October,Oil Products Supply,1027660,Barrels/Day
2003,October,Oil Products Consumption,815150,Barrels/Day
2003,October,Mogas Consumption,127557,Barrels/Day
2003,October,Diesel Oil Consumption,287064,Barrels/Day
2003,October,Others Consumption,400528,Barrels/Day
2003,October,Oil Products Export,156391,Barrels/Day
2003,October,Oil Products Demand,971541,Barrels/Day
2003,November,Crude Production,162757,Barrels/Day
2003,November,Crude Import,545811,Barrels/Day
2003,November,Crude Export,45916,Barrels/Day
2003,November,Crude Throughput,672541,Barrels/Day
2003,November,Oil Products Production,768932,Barrels/Day
2003,November,Oil Products Import,87760,Barrels/Day
2003,November,Oil Products Supply,856693,Barrels/Day
2003,November,Oil Products Consumption,832654,Barrels/Day
2003,November,Mogas Consumption,137719,Barrels/Day
2003,November,Diesel Oil Consumption,315963,Barrels/Day
2003,November,Others Consumption,378971,Barrels/Day
2003,November,Oil Products Export,100052,Barrels/Day
2003,November,Oil Products Demand,932707,Barrels/Day
2003,December,Crude Production,153523,Barrels/Day
2003,December,Crude Import,830580,Barrels/Day
2003,December,Crude Export,47791,Barrels/Day
2003,December,Crude Throughput,960547,Barrels/Day
2003,December,Oil Products Production,999139,Barrels/Day
2003,December,Oil Products Import,67112,Barrels/Day
2003,December,Oil Products Supply,1066251,Barrels/Day
2003,December,Oil Products Consumption,860115,Barrels/Day
2003,December,Mogas Consumption,140258,Barrels/Day
2003,December,Diesel Oil Consumption,337461,Barrels/Day
2003,December,Others Consumption,382394,Barrels/Day
2003,December,Oil Products Export,117412,Barrels/Day
2003,December,Oil Products Demand,977528,Barrels/Day
2004,January,Crude Production,137522,Barrels/Day
2004,January,Crude Import,940263,Barrels/Day
2004,January,Crude Export,57811,Barrels/Day
2004,January,Crude Throughput,935795,Barrels/Day
2004,January,Oil Products Production,925594,Barrels/Day
2004,January,Oil Products Import,95438,Barrels/Day
2004,January,Oil Products Supply,1021032,Barrels/Day
2004,January,Oil Products Consumption,837005,Barrels/Day
2004,January,Mogas Consumption,136301,Barrels/Day
2004,January,Diesel Oil Consumption,319126,Barrels/Day
2004,January,Others Consumption,381578,Barrels/Day
2004,January,Oil Products Export,109978,Barrels/Day
2004,January,Oil Products Demand,946984,Barrels/Day
2004,February,Crude Production,146565,Barrels/Day
2004,February,Crude Import,766648,Barrels/Day
2004,February,Crude Export,48574,Barrels/Day
2004,February,Crude Throughput,929097,Barrels/Day
2004,February,Oil Products Production,922268,Barrels/Day
2004,February,Oil Products Import,109354,Barrels/Day
2004,February,Oil Products Supply,1031622,Barrels/Day
2004,February,Oil Products Consumption,860153,Barrels/Day
2004,February,Mogas Consumption,132182,Barrels/Day
2004,February,Diesel Oil Consumption,346393,Barrels/Day
2004,February,Others Consumption,381577,Barrels/Day
2004,February,Oil Products Export,132115,Barrels/Day
2004,February,Oil Products Demand,992269,Barrels/Day
2004,March,Crude Production,158744,Barrels/Day
2004,March,Crude Import,856785,Barrels/Day
2004,March,Crude Export,67078,Barrels/Day
2004,March,Crude Throughput,795298,Barrels/Day
2004,March,Oil Products Production,810903,Barrels/Day
2004,March,Oil Products Import,149165,Barrels/Day
2004,March,Oil Products Supply,960069,Barrels/Day
2004,March,Oil Products Consumption,882478,Barrels/Day
2004,March,Mogas Consumption,138271,Barrels/Day
2004,March,Diesel Oil Consumption,343063,Barrels/Day
2004,March,Others Consumption,401143,Barrels/Day
2004,March,Oil Products Export,120738,Barrels/Day
2004,March,Oil Products Demand,1003216,Barrels/Day
2004,April,Crude Production,139314,Barrels/Day
2004,April,Crude Import,834188,Barrels/Day
2004,April,Crude Export,60343,Barrels/Day
2004,April,Crude Throughput,940583,Barrels/Day
2004,April,Oil Products Production,944250,Barrels/Day
2004,April,Oil Products Import,69776,Barrels/Day
2004,April,Oil Products Supply,1014027,Barrels/Day
2004,April,Oil Products Consumption,863081,Barrels/Day
2004,April,Mogas Consumption,143218,Barrels/Day
2004,April,Diesel Oil Consumption,331971,Barrels/Day
2004,April,Others Consumption,387892,Barrels/Day
2004,April,Oil Products Export,127107,Barrels/Day
2004,April,Oil Products Demand,990189,Barrels/Day
2004,May,Crude Production,157895,Barrels/Day
2004,May,Crude Import,827877,Barrels/Day
2004,May,Crude Export,44333,Barrels/Day
2004,May,Crude Throughput,917155,Barrels/Day
2004,May,Oil Products Production,928356,Barrels/Day
2004,May,Oil Products Import,106980,Barrels/Day
2004,May,Oil Products Supply,1035336,Barrels/Day
2004,May,Oil Products Consumption,860343,Barrels/Day
2004,May,Mogas Consumption,137751,Barrels/Day
2004,May,Diesel Oil Consumption,333076,Barrels/Day
2004,May,Others Consumption,389515,Barrels/Day
2004,May,Oil Products Export,103657,Barrels/Day
2004,May,Oil Products Demand,964001,Barrels/Day
2004,June,Crude Production,156972,Barrels/Day
2004,June,Crude Import,880460,Barrels/Day
2004,June,Crude Export,50110,Barrels/Day
2004,June,Crude Throughput,920801,Barrels/Day
2004,June,Oil Products Production,913194,Barrels/Day
2004,June,Oil Products Import,89031,Barrels/Day
2004,June,Oil Products Supply,1002225,Barrels/Day
2004,June,Oil Products Consumption,844559,Barrels/Day
2004,June,Mogas Consumption,134074,Barrels/Day
2004,June,Diesel Oil Consumption,319406,Barrels/Day
2004,June,Others Consumption,391079,Barrels/Day
2004,June,Oil Products Export,119315,Barrels/Day
2004,June,Oil Products Demand,963874,Barrels/Day
2004,July,Crude Production,154250,Barrels/Day
2004,July,Crude Import,829916,Barrels/Day
2004,July,Crude Export,73590,Barrels/Day
2004,July,Crude Throughput,962234,Barrels/Day
2004,July,Oil Products Production,961701,Barrels/Day
2004,July,Oil Products Import,65206,Barrels/Day
2004,July,Oil Products Supply,1026908,Barrels/Day
2004,July,Oil Products Consumption,845246,Barrels/Day
2004,July,Mogas Consumption,131783,Barrels/Day
2004,July,Diesel Oil Consumption,319870,Barrels/Day
2004,July,Others Consumption,393592,Barrels/Day
2004,July,Oil Products Export,145801,Barrels/Day
2004,July,Oil Products Demand,991047,Barrels/Day
2004,August,Crude Production,157914,Barrels/Day
2004,August,Crude Import,904150,Barrels/Day
2004,August,Crude Export,61552,Barrels/Day
2004,August,Crude Throughput,910634,Barrels/Day
2004,August,Oil Products Production,919783,Barrels/Day
2004,August,Oil Products Import,73309,Barrels/Day
2004,August,Oil Products Supply,993093,Barrels/Day
2004,August,Oil Products Consumption,825807,Barrels/Day
2004,August,Mogas Consumption,128638,Barrels/Day
2004,August,Diesel Oil Consumption,317206,Barrels/Day
2004,August,Others Consumption,379962,Barrels/Day
2004,August,Oil Products Export,140858,Barrels/Day
2004,August,Oil Products Demand,966665,Barrels/Day
2004,September,Crude Production,160844,Barrels/Day
2004,September,Crude Import,817671,Barrels/Day
2004,September,Crude Export,64570,Barrels/Day
2004,September,Crude Throughput,898681,Barrels/Day
2004,September,Oil Products Production,913642,Barrels/Day
2004,September,Oil Products Import,51735,Barrels/Day
2004,September,Oil Products Supply,965377,Barrels/Day
2004,September,Oil Products Consumption,834491,Barrels/Day
2004,September,Mogas Consumption,119229,Barrels/Day
2004,September,Diesel Oil Consumption,332314,Barrels/Day
2004,September,Others Consumption,382947,Barrels/Day
2004,September,Oil Products Export,142879,Barrels/Day
2004,September,Oil Products Demand,977371,Barrels/Day
2004,October,Crude Production,160505,Barrels/Day
2004,October,Crude Import,851438,Barrels/Day
2004,October,Crude Export,48714,Barrels/Day
2004,October,Crude Throughput,967077,Barrels/Day
2004,October,Oil Products Production,979217,Barrels/Day
2004,October,Oil Products Import,22090,Barrels/Day
2004,October,Oil Products Supply,1001307,Barrels/Day
2004,October,Oil Products Consumption,860847,Barrels/Day
2004,October,Mogas Consumption,122782,Barrels/Day
2004,October,Diesel Oil Consumption,350122,Barrels/Day
2004,October,Others Consumption,387942,Barrels/Day
2004,October,Oil Products Export,203058,Barrels/Day
2004,October,Oil Products Demand,1063906,Barrels/Day
2004,November,Crude Production,161760,Barrels/Day
2004,November,Crude Import,1001650,Barrels/Day
2004,November,Crude Export,65453,Barrels/Day
2004,November,Crude Throughput,966677,Barrels/Day
2004,November,Oil Products Production,978973,Barrels/Day
2004,November,Oil Products Import,74904,Barrels/Day
2004,November,Oil Products Supply,1053877,Barrels/Day
2004,November,Oil Products Consumption,893647,Barrels/Day
2004,November,Mogas Consumption,127045,Barrels/Day
2004,November,Diesel Oil Consumption,365433,Barrels/Day
2004,November,Others Consumption,401168,Barrels/Day
2004,November,Oil Products Export,162318,Barrels/Day
2004,November,Oil Products Demand,1055965,Barrels/Day
2004,December,Crude Production,152010,Barrels/Day
2004,December,Crude Import,923133,Barrels/Day
2004,December,Crude Export,58254,Barrels/Day
2004,December,Crude Throughput,976285,Barrels/Day
2004,December,Oil Products Production,977975,Barrels/Day
2004,December,Oil Products Import,32874,Barrels/Day
2004,December,Oil Products Supply,1010849,Barrels/Day
2004,December,Oil Products Consumption,886397,Barrels/Day
2004,December,Mogas Consumption,128439,Barrels/Day
2004,December,Diesel Oil Consumption,371384,Barrels/Day
2004,December,Others Consumption,386573,Barrels/Day
2004,December,Oil Products Export,173298,Barrels/Day
2004,December,Oil Products Demand,1059696,Barrels/Day
2005,January,Crude Production,167967,Barrels/Day
2005,January,Crude Import,843677,Barrels/Day
2005,January,Crude Export,75608,Barrels/Day
2005,January,Crude Throughput,951535,Barrels/Day
2005,January,Oil Products Production,934589,Barrels/Day
2005,January,Oil Products Import,85251,Barrels/Day
2005,January,Oil Products Supply,1019841,Barrels/Day
2005,January,Oil Products Consumption,883773,Barrels/Day
2005,January,Mogas Consumption,124107,Barrels/Day
2005,January,Diesel Oil Consumption,351414,Barrels/Day
2005,January,Others Consumption,408252,Barrels/Day
2005,January,Oil Products Export,135793,Barrels/Day
2005,January,Oil Products Demand,1019566,Barrels/Day
2005,February,Crude Production,165763,Barrels/Day
2005,February,Crude Import,794872,Barrels/Day
2005,February,Crude Export,45505,Barrels/Day
2005,February,Crude Throughput,842496,Barrels/Day
2005,February,Oil Products Production,859828,Barrels/Day
2005,February,Oil Products Import,53019,Barrels/Day
2005,February,Oil Products Supply,912848,Barrels/Day
2005,February,Oil Products Consumption,928873,Barrels/Day
2005,February,Mogas Consumption,138108,Barrels/Day
2005,February,Diesel Oil Consumption,384448,Barrels/Day
2005,February,Others Consumption,406316,Barrels/Day
2005,February,Oil Products Export,106657,Barrels/Day
2005,February,Oil Products Demand,1035530,Barrels/Day
2005,March,Crude Production,169409,Barrels/Day
2005,March,Crude Import,864128,Barrels/Day
2005,March,Crude Export,38901,Barrels/Day
2005,March,Crude Throughput,919393,Barrels/Day
2005,March,Oil Products Production,918262,Barrels/Day
2005,March,Oil Products Import,103310,Barrels/Day
2005,March,Oil Products Supply,1021572,Barrels/Day
2005,March,Oil Products Consumption,903456,Barrels/Day
2005,March,Mogas Consumption,121471,Barrels/Day
2005,March,Diesel Oil Consumption,373245,Barrels/Day
2005,March,Others Consumption,408739,Barrels/Day
2005,March,Oil Products Export,98782,Barrels/Day
2005,March,Oil Products Demand,1002238,Barrels/Day
2005,April,Crude Production,158396,Barrels/Day
2005,April,Crude Import,805765,Barrels/Day
2005,April,Crude Export,48127,Barrels/Day
2005,April,Crude Throughput,954030,Barrels/Day
2005,April,Oil Products Production,945268,Barrels/Day
2005,April,Oil Products Import,134759,Barrels/Day
2005,April,Oil Products Supply,1080027,Barrels/Day
2005,April,Oil Products Consumption,883695,Barrels/Day
2005,April,Mogas Consumption,128698,Barrels/Day
2005,April,Diesel Oil Consumption,360206,Barrels/Day
2005,April,Others Consumption,394790,Barrels/Day
2005,April,Oil Products Export,101328,Barrels/Day
2005,April,Oil Products Demand,985024,Barrels/Day
2005,May,Crude Production,162692,Barrels/Day
2005,May,Crude Import,918272,Barrels/Day
2005,May,Crude Export,42032,Barrels/Day
2005,May,Crude Throughput,912297,Barrels/Day
2005,May,Oil Products Production,918853,Barrels/Day
2005,May,Oil Products Import,94045,Barrels/Day
2005,May,Oil Products Supply,1012899,Barrels/Day
2005,May,Oil Products Consumption,889675,Barrels/Day
2005,May,Mogas Consumption,122874,Barrels/Day
2005,May,Diesel Oil Consumption,371869,Barrels/Day
2005,May,Others Consumption,394930,Barrels/Day
2005,May,Oil Products Export,106958,Barrels/Day
2005,May,Oil Products Demand,996633,Barrels/Day
2005,June,Crude Production,183077,Barrels/Day
2005,June,Crude Import,852456,Barrels/Day
2005,June,Crude Export,76048,Barrels/Day
2005,June,Crude Throughput,944311,Barrels/Day
2005,June,Oil Products Production,946055,Barrels/Day
2005,June,Oil Products Import,84302,Barrels/Day
2005,June,Oil Products Supply,1030357,Barrels/Day
2005,June,Oil Products Consumption,905996,Barrels/Day
2005,June,Mogas Consumption,134380,Barrels/Day
2005,June,Diesel Oil Consumption,357944,Barrels/Day
2005,June,Others Consumption,413671,Barrels/Day
2005,June,Oil Products Export,104283,Barrels/Day
2005,June,Oil Products Demand,1010280,Barrels/Day
2005,July,Crude Production,197878,Barrels/Day
2005,July,Crude Import,884311,Barrels/Day
2005,July,Crude Export,63747,Barrels/Day
2005,July,Crude Throughput,952848,Barrels/Day
2005,July,Oil Products Production,979764,Barrels/Day
2005,July,Oil Products Import,82303,Barrels/Day
2005,July,Oil Products Supply,1062068,Barrels/Day
2005,July,Oil Products Consumption,831199,Barrels/Day
2005,July,Mogas Consumption,116941,Barrels/Day
2005,July,Diesel Oil Consumption,297776,Barrels/Day
2005,July,Others Consumption,416481,Barrels/Day
2005,July,Oil Products Export,161071,Barrels/Day
2005,July,Oil Products Demand,992271,Barrels/Day
2005,August,Crude Production,204114,Barrels/Day
2005,August,Crude Import,861209,Barrels/Day
2005,August,Crude Export,97573,Barrels/Day
2005,August,Crude Throughput,916205,Barrels/Day
2005,August,Oil Products Production,940609,Barrels/Day
2005,August,Oil Products Import,58670,Barrels/Day
2005,August,Oil Products Supply,999279,Barrels/Day
2005,August,Oil Products Consumption,854012,Barrels/Day
2005,August,Mogas Consumption,127398,Barrels/Day
2005,August,Diesel Oil Consumption,318219,Barrels/Day
2005,August,Others Consumption,408394,Barrels/Day
2005,August,Oil Products Export,232354,Barrels/Day
2005,August,Oil Products Demand,1086367,Barrels/Day
2005,September,Crude Production,203101,Barrels/Day
2005,September,Crude Import,823162,Barrels/Day
2005,September,Crude Export,71165,Barrels/Day
2005,September,Crude Throughput,924839,Barrels/Day
2005,September,Oil Products Production,949910,Barrels/Day
2005,September,Oil Products Import,59294,Barrels/Day
2005,September,Oil Products Supply,1009204,Barrels/Day
2005,September,Oil Products Consumption,834373,Barrels/Day
2005,September,Mogas Consumption,121094,Barrels/Day
2005,September,Diesel Oil Consumption,297359,Barrels/Day
2005,September,Others Consumption,415919,Barrels/Day
2005,September,Oil Products Export,174372,Barrels/Day
2005,September,Oil Products Demand,1008745,Barrels/Day
2005,October,Crude Production,190038,Barrels/Day
2005,October,Crude Import,799342,Barrels/Day
2005,October,Crude Export,79631,Barrels/Day
2005,October,Crude Throughput,870032,Barrels/Day
2005,October,Oil Products Production,853558,Barrels/Day
2005,October,Oil Products Import,86392,Barrels/Day
2005,October,Oil Products Supply,939951,Barrels/Day
2005,October,Oil Products Consumption,813176,Barrels/Day
2005,October,Mogas Consumption,115100,Barrels/Day
2005,October,Diesel Oil Consumption,294549,Barrels/Day
2005,October,Others Consumption,403526,Barrels/Day
2005,October,Oil Products Export,128565,Barrels/Day
2005,October,Oil Products Demand,941742,Barrels/Day
2005,November,Crude Production,201346,Barrels/Day
2005,November,Crude Import,624670,Barrels/Day
2005,November,Crude Export,84436,Barrels/Day
2005,November,Crude Throughput,810589,Barrels/Day
2005,November,Oil Products Production,830714,Barrels/Day
2005,November,Oil Products Import,45238,Barrels/Day
2005,November,Oil Products Supply,875952,Barrels/Day
2005,November,Oil Products Consumption,789319,Barrels/Day
2005,November,Mogas Consumption,123369,Barrels/Day
2005,November,Diesel Oil Consumption,316357,Barrels/Day
2005,November,Others Consumption,349593,Barrels/Day
2005,November,Oil Products Export,139513,Barrels/Day
2005,November,Oil Products Demand,928832,Barrels/Day
2005,December,Crude Production,195433,Barrels/Day
2005,December,Crude Import,850771,Barrels/Day
2005,December,Crude Export,62805,Barrels/Day
2005,December,Crude Throughput,913320,Barrels/Day
2005,December,Oil Products Production,925890,Barrels/Day
2005,December,Oil Products Import,62424,Barrels/Day
2005,December,Oil Products Supply,988314,Barrels/Day
2005,December,Oil Products Consumption,820890,Barrels/Day
2005,December,Mogas Consumption,126785,Barrels/Day
2005,December,Diesel Oil Consumption,335087,Barrels/Day
2005,December,Others Consumption,359016,Barrels/Day
2005,December,Oil Products Export,150812,Barrels/Day
2005,December,Oil Products Demand,971702,Barrels/Day
2006,January,Crude Production,204433,Barrels/Day
2006,January,Crude Import,825873,Barrels/Day
2006,January,Crude Export,55741,Barrels/Day
2006,January,Crude Throughput,947725,Barrels/Day
2006,January,Oil Products Production,959276,Barrels/Day
2006,January,Oil Products Import,77288,Barrels/Day
2006,January,Oil Products Supply,1036564,Barrels/Day
2006,January,Oil Products Consumption,860382,Barrels/Day
2006,January,Mogas Consumption,122521,Barrels/Day
2006,January,Diesel Oil Consumption,328371,Barrels/Day
2006,January,Others Consumption,409488,Barrels/Day
2006,January,Oil Products Export,162998,Barrels/Day
2006,January,Oil Products Demand,1023380,Barrels/Day
2006,February,Crude Production,207541,Barrels/Day
2006,February,Crude Import,732783,Barrels/Day
2006,February,Crude Export,80201,Barrels/Day
2006,February,Crude Throughput,918730,Barrels/Day
2006,February,Oil Products Production,967526,Barrels/Day
2006,February,Oil Products Import,82594,Barrels/Day
2006,February,Oil Products Supply,1050120,Barrels/Day
2006,February,Oil Products Consumption,920911,Barrels/Day
2006,February,Mogas Consumption,122480,Barrels/Day
2006,February,Diesel Oil Consumption,344174,Barrels/Day
2006,February,Others Consumption,454257,Barrels/Day
2006,February,Oil Products Export,157148,Barrels/Day
2006,February,Oil Products Demand,1078060,Barrels/Day
2006,March,Crude Production,209589,Barrels/Day
2006,March,Crude Import,905685,Barrels/Day
2006,March,Crude Export,53589,Barrels/Day
2006,March,Crude Throughput,915846,Barrels/Day
2006,March,Oil Products Production,907502,Barrels/Day
2006,March,Oil Products Import,101651,Barrels/Day
2006,March,Oil Products Supply,1009154,Barrels/Day
2006,March,Oil Products Consumption,913026,Barrels/Day
2006,March,Mogas Consumption,126515,Barrels/Day
2006,March,Diesel Oil Consumption,351952,Barrels/Day
2006,March,Others Consumption,434557,Barrels/Day
2006,March,Oil Products Export,133057,Barrels/Day
2006,March,Oil Products Demand,1046083,Barrels/Day
2006,April,Crude Production,207589,Barrels/Day
2006,April,Crude Import,812122,Barrels/Day
2006,April,Crude Export,74256,Barrels/Day
2006,April,Crude Throughput,956711,Barrels/Day
2006,April,Oil Products Production,960656,Barrels/Day
2006,April,Oil Products Import,102624,Barrels/Day
2006,April,Oil Products Supply,1063280,Barrels/Day
2006,April,Oil Products Consumption,868091,Barrels/Day
2006,April,Mogas Consumption,127647,Barrels/Day
2006,April,Diesel Oil Consumption,329159,Barrels/Day
2006,April,Others Consumption,411284,Barrels/Day
2006,April,Oil Products Export,144437,Barrels/Day
2006,April,Oil Products Demand,1012528,Barrels/Day
2006,May,Crude Production,213365,Barrels/Day
2006,May,Crude Import,889012,Barrels/Day
2006,May,Crude Export,47716,Barrels/Day
2006,May,Crude Throughput,936129,Barrels/Day
2006,May,Oil Products Production,920442,Barrels/Day
2006,May,Oil Products Import,75870,Barrels/Day
2006,May,Oil Products Supply,996312,Barrels/Day
2006,May,Oil Products Consumption,856127,Barrels/Day
2006,May,Mogas Consumption,123258,Barrels/Day
2006,May,Diesel Oil Consumption,330835,Barrels/Day
2006,May,Others Consumption,402034,Barrels/Day
2006,May,Oil Products Export,146236,Barrels/Day
2006,May,Oil Products Demand,1002364,Barrels/Day
2006,June,Crude Production,209661,Barrels/Day
2006,June,Crude Import,820356,Barrels/Day
2006,June,Crude Export,65915,Barrels/Day
2006,June,Crude Throughput,933944,Barrels/Day
2006,June,Oil Products Production,940196,Barrels/Day
2006,June,Oil Products Import,58125,Barrels/Day
2006,June,Oil Products Supply,998322,Barrels/Day
2006,June,Oil Products Consumption,867029,Barrels/Day
2006,June,Mogas Consumption,124014,Barrels/Day
2006,June,Diesel Oil Consumption,310160,Barrels/Day
2006,June,Others Consumption,432854,Barrels/Day
2006,June,Oil Products Export,135966,Barrels/Day
2006,June,Oil Products Demand,1002995,Barrels/Day
2006,July,Crude Production,203442,Barrels/Day
2006,July,Crude Import,838542,Barrels/Day
2006,July,Crude Export,54990,Barrels/Day
2006,July,Crude Throughput,967632,Barrels/Day
2006,July,Oil Products Production,976559,Barrels/Day
2006,July,Oil Products Import,77291,Barrels/Day
2006,July,Oil Products Supply,1053851,Barrels/Day
2006,July,Oil Products Consumption,828520,Barrels/Day
2006,July,Mogas Consumption,120964,Barrels/Day
2006,July,Diesel Oil Consumption,292614,Barrels/Day
2006,July,Others Consumption,414941,Barrels/Day
2006,July,Oil Products Export,210318,Barrels/Day
2006,July,Oil Products Demand,1038838,Barrels/Day
2006,August,Crude Production,206265,Barrels/Day
2006,August,Crude Import,894317,Barrels/Day
2006,August,Crude Export,77194,Barrels/Day
2006,August,Crude Throughput,948206,Barrels/Day
2006,August,Oil Products Production,946416,Barrels/Day
2006,August,Oil Products Import,64690,Barrels/Day
2006,August,Oil Products Supply,1011106,Barrels/Day
2006,August,Oil Products Consumption,823813,Barrels/Day
2006,August,Mogas Consumption,120148,Barrels/Day
2006,August,Diesel Oil Consumption,292025,Barrels/Day
2006,August,Others Consumption,411639,Barrels/Day
2006,August,Oil Products Export,210970,Barrels/Day
2006,August,Oil Products Demand,1034783,Barrels/Day
2006,September,Crude Production,208591,Barrels/Day
2006,September,Crude Import,825355,Barrels/Day
2006,September,Crude Export,60091,Barrels/Day
2006,September,Crude Throughput,929877,Barrels/Day
2006,September,Oil Products Production,950644,Barrels/Day
2006,September,Oil Products Import,65306,Barrels/Day
2006,September,Oil Products Supply,1015951,Barrels/Day
2006,September,Oil Products Consumption,804080,Barrels/Day
2006,September,Mogas Consumption,122289,Barrels/Day
2006,September,Diesel Oil Consumption,287918,Barrels/Day
2006,September,Others Consumption,393871,Barrels/Day
2006,September,Oil Products Export,215113,Barrels/Day
2006,September,Oil Products Demand,1019193,Barrels/Day
2006,October,Crude Production,190373,Barrels/Day
2006,October,Crude Import,859767,Barrels/Day
2006,October,Crude Export,81220,Barrels/Day
2006,October,Crude Throughput,917295,Barrels/Day
2006,October,Oil Products Production,912853,Barrels/Day
2006,October,Oil Products Import,57401,Barrels/Day
2006,October,Oil Products Supply,970255,Barrels/Day
2006,October,Oil Products Consumption,792986,Barrels/Day
2006,October,Mogas Consumption,123219,Barrels/Day
2006,October,Diesel Oil Consumption,290980,Barrels/Day
2006,October,Others Consumption,378786,Barrels/Day
2006,October,Oil Products Export,164392,Barrels/Day
2006,October,Oil Products Demand,957379,Barrels/Day
2006,November,Crude Production,202880,Barrels/Day
2006,November,Crude Import,685502,Barrels/Day
2006,November,Crude Export,77718,Barrels/Day
2006,November,Crude Throughput,836481,Barrels/Day
2006,November,Oil Products Production,906965,Barrels/Day
2006,November,Oil Products Import,36872,Barrels/Day
2006,November,Oil Products Supply,943837,Barrels/Day
2006,November,Oil Products Consumption,818030,Barrels/Day
2006,November,Mogas Consumption,130004,Barrels/Day
2006,November,Diesel Oil Consumption,322348,Barrels/Day
2006,November,Others Consumption,365677,Barrels/Day
2006,November,Oil Products Export,192565,Barrels/Day
2006,November,Oil Products Demand,1010595,Barrels/Day
2006,December,Crude Production,187367,Barrels/Day
2006,December,Crude Import,847331,Barrels/Day
2006,December,Crude Export,58610,Barrels/Day
2006,December,Crude Throughput,905241,Barrels/Day
2006,December,Oil Products Production,933244,Barrels/Day
2006,December,Oil Products Import,65650,Barrels/Day
2006,December,Oil Products Supply,998895,Barrels/Day
2006,December,Oil Products Consumption,836506,Barrels/Day
2006,December,Mogas Consumption,128951,Barrels/Day
2006,December,Diesel Oil Consumption,323400,Barrels/Day
2006,December,Others Consumption,384154,Barrels/Day
2006,December,Oil Products Export,188137,Barrels/Day
2006,December,Oil Products Demand,1024643,Barrels/Day
2007,January,Crude Production,194931,Barrels/Day
2007,January,Crude Import,711687,Barrels/Day
2007,January,Crude Export,68971,Barrels/Day
2007,January,Crude Throughput,922063,Barrels/Day
2007,January,Oil Products Production,954084,Barrels/Day
2007,January,Oil Products Import,54471,Barrels/Day
2007,January,Oil Products Supply,1008555,Barrels/Day
2007,January,Oil Products Consumption,846458,Barrels/Day
2007,January,Mogas Consumption,124347,Barrels/Day
2007,January,Diesel Oil Consumption,333762,Barrels/Day
2007,January,Others Consumption,388348,Barrels/Day
2007,January,Oil Products Export,154944,Barrels/Day
2007,January,Oil Products Demand,1001403,Barrels/Day
2007,February,Crude Production,206793,Barrels/Day
2007,February,Crude Import,971908,Barrels/Day
2007,February,Crude Export,58123,Barrels/Day
2007,February,Crude Throughput,917525,Barrels/Day
2007,February,Oil Products Production,950306,Barrels/Day
2007,February,Oil Products Import,47544,Barrels/Day
2007,February,Oil Products Supply,997850,Barrels/Day
2007,February,Oil Products Consumption,849117,Barrels/Day
2007,February,Mogas Consumption,128685,Barrels/Day
2007,February,Diesel Oil Consumption,337324,Barrels/Day
2007,February,Others Consumption,383107,Barrels/Day
2007,February,Oil Products Export,152172,Barrels/Day
2007,February,Oil Products Demand,1001289,Barrels/Day
2007,March,Crude Production,221742,Barrels/Day
2007,March,Crude Import,746884,Barrels/Day
2007,March,Crude Export,38101,Barrels/Day
2007,March,Crude Throughput,858741,Barrels/Day
2007,March,Oil Products Production,878799,Barrels/Day
2007,March,Oil Products Import,31324,Barrels/Day
2007,March,Oil Products Supply,910123,Barrels/Day
2007,March,Oil Products Consumption,851599,Barrels/Day
2007,March,Mogas Consumption,128630,Barrels/Day
2007,March,Diesel Oil Consumption,348766,Barrels/Day
2007,March,Others Consumption,374203,Barrels/Day
2007,March,Oil Products Export,159880,Barrels/Day
2007,March,Oil Products Demand,1011480,Barrels/Day
2007,April,Crude Production,217385,Barrels/Day
2007,April,Crude Import,884055,Barrels/Day
2007,April,Crude Export,55001,Barrels/Day
2007,April,Crude Throughput,958967,Barrels/Day
2007,April,Oil Products Production,971681,Barrels/Day
2007,April,Oil Products Import,70286,Barrels/Day
2007,April,Oil Products Supply,1041967,Barrels/Day
2007,April,Oil Products Consumption,859161,Barrels/Day
2007,April,Mogas Consumption,128650,Barrels/Day
2007,April,Diesel Oil Consumption,329944,Barrels/Day
2007,April,Others Consumption,400566,Barrels/Day
2007,April,Oil Products Export,138627,Barrels/Day
2007,April,Oil Products Demand,997788,Barrels/Day
2007,May,Crude Production,212498,Barrels/Day
2007,May,Crude Import,810872,Barrels/Day
2007,May,Crude Export,51932,Barrels/Day
2007,May,Crude Throughput,941128,Barrels/Day
2007,May,Oil Products Production,958935,Barrels/Day
2007,May,Oil Products Import,68598,Barrels/Day
2007,May,Oil Products Supply,1027533,Barrels/Day
2007,May,Oil Products Consumption,832745,Barrels/Day
2007,May,Mogas Consumption,122682,Barrels/Day
2007,May,Diesel Oil Consumption,317007,Barrels/Day
2007,May,Others Consumption,393055,Barrels/Day
2007,May,Oil Products Export,209940,Barrels/Day
2007,May,Oil Products Demand,1042685,Barrels/Day
2007,June,Crude Production,215676,Barrels/Day
2007,June,Crude Import,747270,Barrels/Day
2007,June,Crude Export,46433,Barrels/Day
2007,June,Crude Throughput,940085,Barrels/Day
2007,June,Oil Products Production,957312,Barrels/Day
2007,June,Oil Products Import,54999,Barrels/Day
2007,June,Oil Products Supply,1012311,Barrels/Day
2007,June,Oil Products Consumption,863380,Barrels/Day
2007,June,Mogas Consumption,129596,Barrels/Day
2007,June,Diesel Oil Consumption,330158,Barrels/Day
2007,June,Others Consumption,403625,Barrels/Day
2007,June,Oil Products Export,168317,Barrels/Day
2007,June,Oil Products Demand,1031698,Barrels/Day
2007,July,Crude Production,217560,Barrels/Day
2007,July,Crude Import,829993,Barrels/Day
2007,July,Crude Export,53784,Barrels/Day
2007,July,Crude Throughput,930206,Barrels/Day
2007,July,Oil Products Production,942000,Barrels/Day
2007,July,Oil Products Import,44110,Barrels/Day
2007,July,Oil Products Supply,986110,Barrels/Day
2007,July,Oil Products Consumption,820516,Barrels/Day
2007,July,Mogas Consumption,125337,Barrels/Day
2007,July,Diesel Oil Consumption,304040,Barrels/Day
2007,July,Others Consumption,391139,Barrels/Day
2007,July,Oil Products Export,125644,Barrels/Day
2007,July,Oil Products Demand,946161,Barrels/Day
2007,August,Crude Production,211967,Barrels/Day
2007,August,Crude Import,956423,Barrels/Day
2007,August,Crude Export,50078,Barrels/Day
2007,August,Crude Throughput,964190,Barrels/Day
2007,August,Oil Products Production,968018,Barrels/Day
2007,August,Oil Products Import,50814,Barrels/Day
2007,August,Oil Products Supply,1018833,Barrels/Day
2007,August,Oil Products Consumption,844455,Barrels/Day
2007,August,Mogas Consumption,129455,Barrels/Day
2007,August,Diesel Oil Consumption,315574,Barrels/Day
2007,August,Others Consumption,399425,Barrels/Day
2007,August,Oil Products Export,170788,Barrels/Day
2007,August,Oil Products Demand,1015244,Barrels/Day
2007,September,Crude Production,210212,Barrels/Day
2007,September,Crude Import,743841,Barrels/Day
2007,September,Crude Export,56400,Barrels/Day
2007,September,Crude Throughput,954716,Barrels/Day
2007,September,Oil Products Production,1001276,Barrels/Day
2007,September,Oil Products Import,61029,Barrels/Day
2007,September,Oil Products Supply,1062305,Barrels/Day
2007,September,Oil Products Consumption,836815,Barrels/Day
2007,September,Mogas Consumption,124463,Barrels/Day
2007,September,Diesel Oil Consumption,301215,Barrels/Day
2007,September,Others Consumption,411136,Barrels/Day
2007,September,Oil Products Export,177086,Barrels/Day
2007,September,Oil Products Demand,1013901,Barrels/Day
2007,October,Crude Production,208208,Barrels/Day
2007,October,Crude Import,749958,Barrels/Day
2007,October,Crude Export,38915,Barrels/Day
2007,October,Crude Throughput,856956,Barrels/Day
2007,October,Oil Products Production,922282,Barrels/Day
2007,October,Oil Products Import,62289,Barrels/Day
2007,October,Oil Products Supply,984572,Barrels/Day
2007,October,Oil Products Consumption,853998,Barrels/Day
2007,October,Mogas Consumption,125869,Barrels/Day
2007,October,Diesel Oil Consumption,304253,Barrels/Day
2007,October,Others Consumption,423875,Barrels/Day
2007,October,Oil Products Export,174405,Barrels/Day
2007,October,Oil Products Demand,1028404,Barrels/Day
2007,November,Crude Production,224884,Barrels/Day
2007,November,Crude Import,742288,Barrels/Day
2007,November,Crude Export,62102,Barrels/Day
2007,November,Crude Throughput,846152,Barrels/Day
2007,November,Oil Products Production,892977,Barrels/Day
2007,November,Oil Products Import,70347,Barrels/Day
2007,November,Oil Products Supply,963324,Barrels/Day
2007,November,Oil Products Consumption,850974,Barrels/Day
2007,November,Mogas Consumption,123544,Barrels/Day
2007,November,Diesel Oil Consumption,321591,Barrels/Day
2007,November,Others Consumption,405838,Barrels/Day
2007,November,Oil Products Export,204279,Barrels/Day
2007,November,Oil Products Demand,1055253,Barrels/Day
2007,December,Crude Production,218860,Barrels/Day
2007,December,Crude Import,768740,Barrels/Day
2007,December,Crude Export,45670,Barrels/Day
2007,December,Crude Throughput,969044,Barrels/Day
2007,December,Oil Products Production,1004676,Barrels/Day
2007,December,Oil Products Import,38957,Barrels/Day
2007,December,Oil Products Supply,1043634,Barrels/Day
2007,December,Oil Products Consumption,850776,Barrels/Day
2007,December,Mogas Consumption,126105,Barrels/Day
2007,December,Diesel Oil Consumption,326842,Barrels/Day
2007,December,Others Consumption,397828,Barrels/Day
2007,December,Oil Products Export,197042,Barrels/Day
2007,December,Oil Products Demand,1047819,Barrels/Day
2008,January,Crude Production,216910,Barrels/Day
2008,January,Crude Import,864859,Barrels/Day
2008,January,Crude Export,42796,Barrels/Day
2008,January,Crude Throughput,981466,Barrels/Day
2008,January,Oil Products Production,1003252,Barrels/Day
2008,January,Oil Products Import,41974,Barrels/Day
2008,January,Oil Products Supply,1045227,Barrels/Day
2008,January,Oil Products Consumption,864327,Barrels/Day
2008,January,Mogas Consumption,122226,Barrels/Day
2008,January,Diesel Oil Consumption,330611,Barrels/Day
2008,January,Others Consumption,411490,Barrels/Day
2008,January,Oil Products Export,197022,Barrels/Day
2008,January,Oil Products Demand,1061350,Barrels/Day
2008,February,Crude Production,213824,Barrels/Day
2008,February,Crude Import,920720,Barrels/Day
2008,February,Crude Export,39144,Barrels/Day
2008,February,Crude Throughput,949094,Barrels/Day
2008,February,Oil Products Production,972849,Barrels/Day
2008,February,Oil Products Import,14682,Barrels/Day
2008,February,Oil Products Supply,987531,Barrels/Day
2008,February,Oil Products Consumption,887647,Barrels/Day
2008,February,Mogas Consumption,125509,Barrels/Day
2008,February,Diesel Oil Consumption,330073,Barrels/Day
2008,February,Others Consumption,432064,Barrels/Day
2008,February,Oil Products Export,173627,Barrels/Day
2008,February,Oil Products Demand,1061274,Barrels/Day
2008,March,Crude Production,214434,Barrels/Day
2008,March,Crude Import,944025,Barrels/Day
2008,March,Crude Export,38628,Barrels/Day
2008,March,Crude Throughput,995843,Barrels/Day
2008,March,Oil Products Production,1026841,Barrels/Day
2008,March,Oil Products Import,51178,Barrels/Day
2008,March,Oil Products Supply,1078020,Barrels/Day
2008,March,Oil Products Consumption,890168,Barrels/Day
2008,March,Mogas Consumption,122494,Barrels/Day
2008,March,Diesel Oil Consumption,344159,Barrels/Day
2008,March,Others Consumption,423515,Barrels/Day
2008,March,Oil Products Export,197533,Barrels/Day
2008,March,Oil Products Demand,1087702,Barrels/Day
2008,April,Crude Production,226541,Barrels/Day
2008,April,Crude Import,830330,Barrels/Day
2008,April,Crude Export,53255,Barrels/Day
2008,April,Crude Throughput,1030391,Barrels/Day
2008,April,Oil Products Production,1071146,Barrels/Day
2008,April,Oil Products Import,81741,Barrels/Day
2008,April,Oil Products Supply,1152888,Barrels/Day
2008,April,Oil Products Consumption,886634,Barrels/Day
2008,April,Mogas Consumption,126475,Barrels/Day
2008,April,Diesel Oil Consumption,338244,Barrels/Day
2008,April,Others Consumption,421914,Barrels/Day
2008,April,Oil Products Export,202366,Barrels/Day
2008,April,Oil Products Demand,1089001,Barrels/Day
2008,May,Crude Production,233010,Barrels/Day
2008,May,Crude Import,878567,Barrels/Day
2008,May,Crude Export,41501,Barrels/Day
2008,May,Crude Throughput,1010286,Barrels/Day
2008,May,Oil Products Production,1037972,Barrels/Day
2008,May,Oil Products Import,11094,Barrels/Day
2008,May,Oil Products Supply,1049067,Barrels/Day
2008,May,Oil Products Consumption,832245,Barrels/Day
2008,May,Mogas Consumption,117426,Barrels/Day
2008,May,Diesel Oil Consumption,314319,Barrels/Day
2008,May,Others Consumption,400499,Barrels/Day
2008,May,Oil Products Export,206609,Barrels/Day
2008,May,Oil Products Demand,1038854,Barrels/Day
2008,June,Crude Production,238409,Barrels/Day
2008,June,Crude Import,773552,Barrels/Day
2008,June,Crude Export,49076,Barrels/Day
2008,June,Crude Throughput,873575,Barrels/Day
2008,June,Oil Products Production,928475,Barrels/Day
2008,June,Oil Products Import,27158,Barrels/Day
2008,June,Oil Products Supply,955633,Barrels/Day
2008,June,Oil Products Consumption,788187,Barrels/Day
2008,June,Mogas Consumption,117141,Barrels/Day
2008,June,Diesel Oil Consumption,285540,Barrels/Day
2008,June,Others Consumption,385505,Barrels/Day
2008,June,Oil Products Export,185646,Barrels/Day
2008,June,Oil Products Demand,973834,Barrels/Day
2008,July,Crude Production,221557,Barrels/Day
2008,July,Crude Import,758576,Barrels/Day
2008,July,Crude Export,52284,Barrels/Day
2008,July,Crude Throughput,959668,Barrels/Day
2008,July,Oil Products Production,985659,Barrels/Day
2008,July,Oil Products Import,60213,Barrels/Day
2008,July,Oil Products Supply,1045873,Barrels/Day
2008,July,Oil Products Consumption,750220,Barrels/Day
2008,July,Mogas Consumption,113324,Barrels/Day
2008,July,Diesel Oil Consumption,252926,Barrels/Day
2008,July,Others Consumption,383969,Barrels/Day
2008,July,Oil Products Export,220818,Barrels/Day
2008,July,Oil Products Demand,971039,Barrels/Day
2008,August,Crude Production,240371,Barrels/Day
2008,August,Crude Import,847375,Barrels/Day
2008,August,Crude Export,40069,Barrels/Day
2008,August,Crude Throughput,860630,Barrels/Day
2008,August,Oil Products Production,951409,Barrels/Day
2008,August,Oil Products Import,34321,Barrels/Day
2008,August,Oil Products Supply,985731,Barrels/Day
2008,August,Oil Products Consumption,749423,Barrels/Day
2008,August,Mogas Consumption,119354,Barrels/Day
2008,August,Diesel Oil Consumption,269008,Barrels/Day
2008,August,Others Consumption,361061,Barrels/Day
2008,August,Oil Products Export,259537,Barrels/Day
2008,August,Oil Products Demand,1008961,Barrels/Day
2008,September,Crude Production,242638,Barrels/Day
2008,September,Crude Import,694085,Barrels/Day
2008,September,Crude Export,50493,Barrels/Day
2008,September,Crude Throughput,805668,Barrels/Day
2008,September,Oil Products Production,881416,Barrels/Day
2008,September,Oil Products Import,53680,Barrels/Day
2008,September,Oil Products Supply,935097,Barrels/Day
2008,September,Oil Products Consumption,762097,Barrels/Day
2008,September,Mogas Consumption,119110,Barrels/Day
2008,September,Diesel Oil Consumption,267807,Barrels/Day
2008,September,Others Consumption,375179,Barrels/Day
2008,September,Oil Products Export,179206,Barrels/Day
2008,September,Oil Products Demand,941303,Barrels/Day
2008,October,Crude Production,244174,Barrels/Day
2008,October,Crude Import,841189,Barrels/Day
2008,October,Crude Export,52655,Barrels/Day
2008,October,Crude Throughput,946767,Barrels/Day
2008,October,Oil Products Production,986058,Barrels/Day
2008,October,Oil Products Import,36553,Barrels/Day
2008,October,Oil Products Supply,1022611,Barrels/Day
2008,October,Oil Products Consumption,761954,Barrels/Day
2008,October,Mogas Consumption,121708,Barrels/Day
2008,October,Diesel Oil Consumption,283312,Barrels/Day
2008,October,Others Consumption,356934,Barrels/Day
2008,October,Oil Products Export,226259,Barrels/Day
2008,October,Oil Products Demand,988213,Barrels/Day
2008,November,Crude Production,227497,Barrels/Day
2008,November,Crude Import,562372,Barrels/Day
2008,November,Crude Export,41473,Barrels/Day
2008,November,Crude Throughput,807007,Barrels/Day
2008,November,Oil Products Production,870634,Barrels/Day
2008,November,Oil Products Import,41862,Barrels/Day
2008,November,Oil Products Supply,912497,Barrels/Day
2008,November,Oil Products Consumption,721464,Barrels/Day
2008,November,Mogas Consumption,125374,Barrels/Day
2008,November,Diesel Oil Consumption,294326,Barrels/Day
2008,November,Others Consumption,301763,Barrels/Day
2008,November,Oil Products Export,207116,Barrels/Day
2008,November,Oil Products Demand,928580,Barrels/Day
2008,December,Crude Production,226238,Barrels/Day
2008,December,Crude Import,817666,Barrels/Day
2008,December,Crude Export,48894,Barrels/Day
2008,December,Crude Throughput,893373,Barrels/Day
2008,December,Oil Products Production,942284,Barrels/Day
2008,December,Oil Products Import,13303,Barrels/Day
2008,December,Oil Products Supply,955588,Barrels/Day
2008,December,Oil Products Consumption,797423,Barrels/Day
2008,December,Mogas Consumption,138430,Barrels/Day
2008,December,Diesel Oil Consumption,330259,Barrels/Day
2008,December,Others Consumption,328733,Barrels/Day
2008,December,Oil Products Export,268189,Barrels/Day
2008,December,Oil Products Demand,1065613,Barrels/Day
2009,January,Crude Production,234661,Barrels/Day
2009,January,Crude Import,756027,Barrels/Day
2009,January,Crude Export,62037,Barrels/Day
2009,January,Crude Throughput,896600,Barrels/Day
2009,January,Oil Products Production,999827,Barrels/Day
2009,January,Oil Products Import,39563,Barrels/Day
2009,January,Oil Products Supply,1039391,Barrels/Day
2009,January,Oil Products Consumption,858154,Barrels/Day
2009,January,Mogas Consumption,134965,Barrels/Day
2009,January,Diesel Oil Consumption,348683,Barrels/Day
2009,January,Others Consumption,374504,Barrels/Day
2009,January,Oil Products Export,236233,Barrels/Day
2009,January,Oil Products Demand,1094387,Barrels/Day
2009,February,Crude Production,232534,Barrels/Day
2009,February,Crude Import,647308,Barrels/Day
2009,February,Crude Export,40616,Barrels/Day
2009,February,Crude Throughput,882732,Barrels/Day
2009,February,Oil Products Production,937064,Barrels/Day
2009,February,Oil Products Import,43543,Barrels/Day
2009,February,Oil Products Supply,980607,Barrels/Day
2009,February,Oil Products Consumption,833693,Barrels/Day
2009,February,Mogas Consumption,132206,Barrels/Day
2009,February,Diesel Oil Consumption,323465,Barrels/Day
2009,February,Others Consumption,378021,Barrels/Day
2009,February,Oil Products Export,167132,Barrels/Day
2009,February,Oil Products Demand,1000825,Barrels/Day
2009,March,Crude Production,253484,Barrels/Day
2009,March,Crude Import,974758,Barrels/Day
2009,March,Crude Export,32854,Barrels/Day
2009,March,Crude Throughput,998948,Barrels/Day
2009,March,Oil Products Production,1072098,Barrels/Day
2009,March,Oil Products Import,70949,Barrels/Day
2009,March,Oil Products Supply,1143047,Barrels/Day
2009,March,Oil Products Consumption,852474,Barrels/Day
2009,March,Mogas Consumption,134312,Barrels/Day
2009,March,Diesel Oil Consumption,330204,Barrels/Day
2009,March,Others Consumption,387957,Barrels/Day
2009,March,Oil Products Export,166714,Barrels/Day
2009,March,Oil Products Demand,1019188,Barrels/Day
2009,April,Crude Production,237667,Barrels/Day
2009,April,Crude Import,838598,Barrels/Day
2009,April,Crude Export,51339,Barrels/Day
2009,April,Crude Throughput,965108,Barrels/Day
2009,April,Oil Products Production,1015162,Barrels/Day
2009,April,Oil Products Import,18768,Barrels/Day
2009,April,Oil Products Supply,1033930,Barrels/Day
2009,April,Oil Products Consumption,835355,Barrels/Day
2009,April,Mogas Consumption,133021,Barrels/Day
2009,April,Diesel Oil Consumption,332898,Barrels/Day
2009,April,Others Consumption,369435,Barrels/Day
2009,April,Oil Products Export,226754,Barrels/Day
2009,April,Oil Products Demand,1062110,Barrels/Day
2009,May,Crude Production,238367,Barrels/Day
2009,May,Crude Import,805458,Barrels/Day
2009,May,Crude Export,53355,Barrels/Day
2009,May,Crude Throughput,943046,Barrels/Day
2009,May,Oil Products Production,1070050,Barrels/Day
2009,May,Oil Products Import,52038,Barrels/Day
2009,May,Oil Products Supply,1122089,Barrels/Day
2009,May,Oil Products Consumption,832128,Barrels/Day
2009,May,Mogas Consumption,132287,Barrels/Day
2009,May,Diesel Oil Consumption,337003,Barrels/Day
2009,May,Others Consumption,362837,Barrels/Day
2009,May,Oil Products Export,268890,Barrels/Day
2009,May,Oil Products Demand,1101019,Barrels/Day
2009,June,Crude Production,241694,Barrels/Day
2009,June,Crude Import,885576,Barrels/Day
2009,June,Crude Export,22364,Barrels/Day
2009,June,Crude Throughput,951940,Barrels/Day
2009,June,Oil Products Production,1055557,Barrels/Day
2009,June,Oil Products Import,22977,Barrels/Day
2009,June,Oil Products Supply,1078535,Barrels/Day
2009,June,Oil Products Consumption,805621,Barrels/Day
2009,June,Mogas Consumption,127447,Barrels/Day
2009,June,Diesel Oil Consumption,306138,Barrels/Day
2009,June,Others Consumption,372036,Barrels/Day
2009,June,Oil Products Export,254104,Barrels/Day
2009,June,Oil Products Demand,1059725,Barrels/Day
2009,July,Crude Production,236371,Barrels/Day
2009,July,Crude Import,747927,Barrels/Day
2009,July,Crude Export,62698,Barrels/Day
2009,July,Crude Throughput,954879,Barrels/Day
2009,July,Oil Products Production,1064246,Barrels/Day
2009,July,Oil Products Import,36883,Barrels/Day
2009,July,Oil Products Supply,1101129,Barrels/Day
2009,July,Oil Products Consumption,814390,Barrels/Day
2009,July,Mogas Consumption,127997,Barrels/Day
2009,July,Diesel Oil Consumption,298829,Barrels/Day
2009,July,Others Consumption,387562,Barrels/Day
2009,July,Oil Products Export,255691,Barrels/Day
2009,July,Oil Products Demand,1070081,Barrels/Day
2009,August,Crude Production,238561,Barrels/Day
2009,August,Crude Import,757617,Barrels/Day
2009,August,Crude Export,39767,Barrels/Day
2009,August,Crude Throughput,911543,Barrels/Day
2009,August,Oil Products Production,1025652,Barrels/Day
2009,August,Oil Products Import,39468,Barrels/Day
2009,August,Oil Products Supply,1065121,Barrels/Day
2009,August,Oil Products Consumption,807491,Barrels/Day
2009,August,Mogas Consumption,125064,Barrels/Day
2009,August,Diesel Oil Consumption,293651,Barrels/Day
2009,August,Others Consumption,388774,Barrels/Day
2009,August,Oil Products Export,268355,Barrels/Day
2009,August,Oil Products Demand,1075846,Barrels/Day
2009,September,Crude Production,220506,Barrels/Day
2009,September,Crude Import,893332,Barrels/Day
2009,September,Crude Export,24027,Barrels/Day
2009,September,Crude Throughput,975678,Barrels/Day
2009,September,Oil Products Production,1049188,Barrels/Day
2009,September,Oil Products Import,51307,Barrels/Day
2009,September,Oil Products Supply,1100495,Barrels/Day
2009,September,Oil Products Consumption,808637,Barrels/Day
2009,September,Mogas Consumption,125824,Barrels/Day
2009,September,Diesel Oil Consumption,292531,Barrels/Day
2009,September,Others Consumption,390282,Barrels/Day
2009,September,Oil Products Export,268412,Barrels/Day
2009,September,Oil Products Demand,1077050,Barrels/Day
2009,October,Crude Production,220654,Barrels/Day
2009,October,Crude Import,788596,Barrels/Day
2009,October,Crude Export,28316,Barrels/Day
2009,October,Crude Throughput,932622,Barrels/Day
2009,October,Oil Products Production,1028178,Barrels/Day
2009,October,Oil Products Import,49096,Barrels/Day
2009,October,Oil Products Supply,1077274,Barrels/Day
2009,October,Oil Products Consumption,822269,Barrels/Day
2009,October,Mogas Consumption,126466,Barrels/Day
2009,October,Diesel Oil Consumption,298981,Barrels/Day
2009,October,Others Consumption,396821,Barrels/Day
2009,October,Oil Products Export,279854,Barrels/Day
2009,October,Oil Products Demand,1102123,Barrels/Day
2009,November,Crude Production,240066,Barrels/Day
2009,November,Crude Import,846463,Barrels/Day
2009,November,Crude Export,37463,Barrels/Day
2009,November,Crude Throughput,918065,Barrels/Day
2009,November,Oil Products Production,1021483,Barrels/Day
2009,November,Oil Products Import,56927,Barrels/Day
2009,November,Oil Products Supply,1078410,Barrels/Day
2009,November,Oil Products Consumption,798379,Barrels/Day
2009,November,Mogas Consumption,123096,Barrels/Day
2009,November,Diesel Oil Consumption,309181,Barrels/Day
2009,November,Others Consumption,366101,Barrels/Day
2009,November,Oil Products Export,223144,Barrels/Day
2009,November,Oil Products Demand,1021524,Barrels/Day
2009,December,Crude Production,259817,Barrels/Day
2009,December,Crude Import,691657,Barrels/Day
2009,December,Crude Export,36976,Barrels/Day
2009,December,Crude Throughput,918330,Barrels/Day
2009,December,Oil Products Production,1035310,Barrels/Day
2009,December,Oil Products Import,54586,Barrels/Day
2009,December,Oil Products Supply,1089896,Barrels/Day
2009,December,Oil Products Consumption,891451,Barrels/Day
2009,December,Mogas Consumption,133183,Barrels/Day
2009,December,Diesel Oil Consumption,348154,Barrels/Day
2009,December,Others Consumption,410113,Barrels/Day
2009,December,Oil Products Export,262832,Barrels/Day
2009,December,Oil Products Demand,1154284,Barrels/Day
2010,January,Crude Production,232778,Barrels/Day
2010,January,Crude Import,774312,Barrels/Day
2010,January,Crude Export,36759,Barrels/Day
2010,January,Crude Throughput,941448,Barrels/Day
2010,January,Oil Products Production,1023267,Barrels/Day
2010,January,Oil Products Import,55665,Barrels/Day
2010,January,Oil Products Supply,1078933,Barrels/Day
2010,January,Oil Products Consumption,862330,Barrels/Day
2010,January,Mogas Consumption,122913,Barrels/Day
2010,January,Diesel Oil Consumption,317897,Barrels/Day
2010,January,Others Consumption,421519,Barrels/Day
2010,January,Oil Products Export,150589,Barrels/Day
2010,January,Oil Products Demand,1012920,Barrels/Day
2010,February,Crude Production,235809,Barrels/Day
2010,February,Crude Import,841022,Barrels/Day
2010,February,Crude Export,8460,Barrels/Day
2010,February,Crude Throughput,919520,Barrels/Day
2010,February,Oil Products Production,1048482,Barrels/Day
2010,February,Oil Products Import,52453,Barrels/Day
2010,February,Oil Products Supply,1100936,Barrels/Day
2010,February,Oil Products Consumption,889060,Barrels/Day
2010,February,Mogas Consumption,132896,Barrels/Day
2010,February,Diesel Oil Consumption,347734,Barrels/Day
2010,February,Others Consumption,408429,Barrels/Day
2010,February,Oil Products Export,179128,Barrels/Day
2010,February,Oil Products Demand,1068188,Barrels/Day
2010,March,Crude Production,250421,Barrels/Day
2010,March,Crude Import,735828,Barrels/Day
2010,March,Crude Export,36224,Barrels/Day
2010,March,Crude Throughput,999935,Barrels/Day
2010,March,Oil Products Production,1079388,Barrels/Day
2010,March,Oil Products Import,99685,Barrels/Day
2010,March,Oil Products Supply,1179074,Barrels/Day
2010,March,Oil Products Consumption,907250,Barrels/Day
2010,March,Mogas Consumption,125855,Barrels/Day
2010,March,Diesel Oil Consumption,342855,Barrels/Day
2010,March,Others Consumption,438539,Barrels/Day
2010,March,Oil Products Export,190532,Barrels/Day
2010,March,Oil Products Demand,1097782,Barrels/Day
2010,April,Crude Production,236293,Barrels/Day
2010,April,Crude Import,949279,Barrels/Day
2010,April,Crude Export,26706,Barrels/Day
2010,April,Crude Throughput,950106,Barrels/Day
2010,April,Oil Products Production,1037290,Barrels/Day
2010,April,Oil Products Import,87239,Barrels/Day
2010,April,Oil Products Supply,1124529,Barrels/Day
2010,April,Oil Products Consumption,899845,Barrels/Day
2010,April,Mogas Consumption,127354,Barrels/Day
2010,April,Diesel Oil Consumption,324791,Barrels/Day
2010,April,Others Consumption,447699,Barrels/Day
2010,April,Oil Products Export,235332,Barrels/Day
2010,April,Oil Products Demand,1135177,Barrels/Day
2010,May,Crude Production,246115,Barrels/Day
2010,May,Crude Import,739887,Barrels/Day
2010,May,Crude Export,32170,Barrels/Day
2010,May,Crude Throughput,965724,Barrels/Day
2010,May,Oil Products Production,1077155,Barrels/Day
2010,May,Oil Products Import,108060,Barrels/Day
2010,May,Oil Products Supply,1185215,Barrels/Day
2010,May,Oil Products Consumption,881326,Barrels/Day
2010,May,Mogas Consumption,121562,Barrels/Day
2010,May,Diesel Oil Consumption,322399,Barrels/Day
2010,May,Others Consumption,437363,Barrels/Day
2010,May,Oil Products Export,221220,Barrels/Day
2010,May,Oil Products Demand,1102546,Barrels/Day
2010,June,Crude Production,256836,Barrels/Day
2010,June,Crude Import,873449,Barrels/Day
2010,June,Crude Export,25147,Barrels/Day
2010,June,Crude Throughput,959060,Barrels/Day
2010,June,Oil Products Production,1083158,Barrels/Day
2010,June,Oil Products Import,106062,Barrels/Day
2010,June,Oil Products Supply,1189221,Barrels/Day
2010,June,Oil Products Consumption,887195,Barrels/Day
2010,June,Mogas Consumption,129366,Barrels/Day
2010,June,Diesel Oil Consumption,316415,Barrels/Day
2010,June,Others Consumption,441413,Barrels/Day
2010,June,Oil Products Export,283610,Barrels/Day
2010,June,Oil Products Demand,1170805,Barrels/Day
2010,July,Crude Production,254954,Barrels/Day
2010,July,Crude Import,781768,Barrels/Day
2010,July,Crude Export,45881,Barrels/Day
2010,July,Crude Throughput,983313,Barrels/Day
2010,July,Oil Products Production,1058570,Barrels/Day
2010,July,Oil Products Import,73531,Barrels/Day
2010,July,Oil Products Supply,1132102,Barrels/Day
2010,July,Oil Products Consumption,862568,Barrels/Day
2010,July,Mogas Consumption,129168,Barrels/Day
2010,July,Diesel Oil Consumption,307988,Barrels/Day
2010,July,Others Consumption,425411,Barrels/Day
2010,July,Oil Products Export,272335,Barrels/Day
2010,July,Oil Products Demand,1134903,Barrels/Day
2010,August,Crude Production,250650,Barrels/Day
2010,August,Crude Import,823637,Barrels/Day
2010,August,Crude Export,31657,Barrels/Day
2010,August,Crude Throughput,974277,Barrels/Day
2010,August,Oil Products Production,1082346,Barrels/Day
2010,August,Oil Products Import,89296,Barrels/Day
2010,August,Oil Products Supply,1171643,Barrels/Day
2010,August,Oil Products Consumption,863154,Barrels/Day
2010,August,Mogas Consumption,125598,Barrels/Day
2010,August,Diesel Oil Consumption,290660,Barrels/Day
2010,August,Others Consumption,446895,Barrels/Day
2010,August,Oil Products Export,287990,Barrels/Day
2010,August,Oil Products Demand,1151145,Barrels/Day
2010,September,Crude Production,248127,Barrels/Day
2010,September,Crude Import,793463,Barrels/Day
2010,September,Crude Export,44994,Barrels/Day
2010,September,Crude Throughput,954771,Barrels/Day
2010,September,Oil Products Production,1104874,Barrels/Day
2010,September,Oil Products Import,93904,Barrels/Day
2010,September,Oil Products Supply,1198778,Barrels/Day
2010,September,Oil Products Consumption,873351,Barrels/Day
2010,September,Mogas Consumption,127350,Barrels/Day
2010,September,Diesel Oil Consumption,294690,Barrels/Day
2010,September,Others Consumption,451310,Barrels/Day
2010,September,Oil Products Export,316458,Barrels/Day
2010,September,Oil Products Demand,1189810,Barrels/Day
2010,October,Crude Production,235510,Barrels/Day
2010,October,Crude Import,742814,Barrels/Day
2010,October,Crude Export,15785,Barrels/Day
2010,October,Crude Throughput,965962,Barrels/Day
2010,October,Oil Products Production,1067484,Barrels/Day
2010,October,Oil Products Import,104440,Barrels/Day
2010,October,Oil Products Supply,1171925,Barrels/Day
2010,October,Oil Products Consumption,862322,Barrels/Day
2010,October,Mogas Consumption,124929,Barrels/Day
2010,October,Diesel Oil Consumption,291488,Barrels/Day
2010,October,Others Consumption,445905,Barrels/Day
2010,October,Oil Products Export,268732,Barrels/Day
2010,October,Oil Products Demand,1131054,Barrels/Day
2010,November,Crude Production,232263,Barrels/Day
2010,November,Crude Import,852270,Barrels/Day
2010,November,Crude Export,29143,Barrels/Day
2010,November,Crude Throughput,973963,Barrels/Day
2010,November,Oil Products Production,1035793,Barrels/Day
2010,November,Oil Products Import,62331,Barrels/Day
2010,November,Oil Products Supply,1098125,Barrels/Day
2010,November,Oil Products Consumption,905909,Barrels/Day
2010,November,Mogas Consumption,132505,Barrels/Day
2010,November,Diesel Oil Consumption,331981,Barrels/Day
2010,November,Others Consumption,441422,Barrels/Day
2010,November,Oil Products Export,266461,Barrels/Day
2010,November,Oil Products Demand,1172370,Barrels/Day
2010,December,Crude Production,221479,Barrels/Day
2010,December,Crude Import,895650,Barrels/Day
2010,December,Crude Export,24671,Barrels/Day
2010,December,Crude Throughput,961269,Barrels/Day
2010,December,Oil Products Production,1129424,Barrels/Day
2010,December,Oil Products Import,81232,Barrels/Day
2010,December,Oil Products Supply,1210657,Barrels/Day
2010,December,Oil Products Consumption,913264,Barrels/Day
2010,December,Mogas Consumption,134836,Barrels/Day
2010,December,Diesel Oil Consumption,338320,Barrels/Day
2010,December,Others Consumption,440107,Barrels/Day
2010,December,Oil Products Export,221857,Barrels/Day
2010,December,Oil Products Demand,1135121,Barrels/Day
2011,January,Crude Production,227976,Barrels/Day
2011,January,Crude Import,770288,Barrels/Day
2011,January,Crude Export,29956,Barrels/Day
2011,January,Crude Throughput,1015547,Barrels/Day
2011,January,Oil Products Production,1146370,Barrels/Day
2011,January,Oil Products Import,81188,Barrels/Day
2011,January,Oil Products Supply,1227559,Barrels/Day
2011,January,Oil Products Consumption,936576,Barrels/Day
2011,January,Mogas Consumption,128166,Barrels/Day
2011,January,Diesel Oil Consumption,329793,Barrels/Day
2011,January,Others Consumption,478616,Barrels/Day
2011,January,Oil Products Export,196495,Barrels/Day
2011,January,Oil Products Demand,1133071,Barrels/Day
2011,February,Crude Production,229200,Barrels/Day
2011,February,Crude Import,720501,Barrels/Day
2011,February,Crude Export,33692,Barrels/Day
2011,February,Crude Throughput,785264,Barrels/Day
2011,February,Oil Products Production,927694,Barrels/Day
2011,February,Oil Products Import,122772,Barrels/Day
2011,February,Oil Products Supply,1050467,Barrels/Day
2011,February,Oil Products Consumption,964698,Barrels/Day
2011,February,Mogas Consumption,133913,Barrels/Day
2011,February,Diesel Oil Consumption,335564,Barrels/Day
2011,February,Others Consumption,495219,Barrels/Day
2011,February,Oil Products Export,113350,Barrels/Day
2011,February,Oil Products Demand,1078048,Barrels/Day
2011,March,Crude Production,235448,Barrels/Day
2011,March,Crude Import,786565,Barrels/Day
2011,March,Crude Export,26015,Barrels/Day
2011,March,Crude Throughput,943524,Barrels/Day
2011,March,Oil Products Production,1061622,Barrels/Day
2011,March,Oil Products Import,90241,Barrels/Day
2011,March,Oil Products Supply,1151863,Barrels/Day
2011,March,Oil Products Consumption,966458,Barrels/Day
2011,March,Mogas Consumption,124831,Barrels/Day
2011,March,Diesel Oil Consumption,346245,Barrels/Day
2011,March,Others Consumption,495381,Barrels/Day
2011,March,Oil Products Export,159234,Barrels/Day
2011,March,Oil Products Demand,1125693,Barrels/Day
2011,April,Crude Production,226348,Barrels/Day
2011,April,Crude Import,869566,Barrels/Day
2011,April,Crude Export,52102,Barrels/Day
2011,April,Crude Throughput,973991,Barrels/Day
2011,April,Oil Products Production,1114335,Barrels/Day
2011,April,Oil Products Import,72054,Barrels/Day
2011,April,Oil Products Supply,1186390,Barrels/Day
2011,April,Oil Products Consumption,965802,Barrels/Day
2011,April,Mogas Consumption,129526,Barrels/Day
2011,April,Diesel Oil Consumption,347705,Barrels/Day
2011,April,Others Consumption,488570,Barrels/Day
2011,April,Oil Products Export,219419,Barrels/Day
2011,April,Oil Products Demand,1185221,Barrels/Day
2011,May,Crude Production,233177,Barrels/Day
2011,May,Crude Import,897280,Barrels/Day
2011,May,Crude Export,27069,Barrels/Day
2011,May,Crude Throughput,980808,Barrels/Day
2011,May,Oil Products Production,1157721,Barrels/Day
2011,May,Oil Products Import,103324,Barrels/Day
2011,May,Oil Products Supply,1261045,Barrels/Day
2011,May,Oil Products Consumption,934716,Barrels/Day
2011,May,Mogas Consumption,124036,Barrels/Day
2011,May,Diesel Oil Consumption,342291,Barrels/Day
2011,May,Others Consumption,468388,Barrels/Day
2011,May,Oil Products Export,246110,Barrels/Day
2011,May,Oil Products Demand,1180827,Barrels/Day
2011,June,Crude Production,225227,Barrels/Day
2011,June,Crude Import,760513,Barrels/Day
2011,June,Crude Export,34934,Barrels/Day
2011,June,Crude Throughput,973839,Barrels/Day
2011,June,Oil Products Production,1174055,Barrels/Day
2011,June,Oil Products Import,88455,Barrels/Day
2011,June,Oil Products Supply,1262511,Barrels/Day
2011,June,Oil Products Consumption,946220,Barrels/Day
2011,June,Mogas Consumption,130579,Barrels/Day
2011,June,Diesel Oil Consumption,336974,Barrels/Day
2011,June,Others Consumption,478666,Barrels/Day
2011,June,Oil Products Export,195130,Barrels/Day
2011,June,Oil Products Demand,1141350,Barrels/Day
2011,July,Crude Production,213441,Barrels/Day
2011,July,Crude Import,822328,Barrels/Day
2011,July,Crude Export,9284,Barrels/Day
2011,July,Crude Throughput,996202,Barrels/Day
2011,July,Oil Products Production,1170862,Barrels/Day
2011,July,Oil Products Import,98441,Barrels/Day
2011,July,Oil Products Supply,1269304,Barrels/Day
2011,July,Oil Products Consumption,916045,Barrels/Day
2011,July,Mogas Consumption,124309,Barrels/Day
2011,July,Diesel Oil Consumption,308612,Barrels/Day
2011,July,Others Consumption,483123,Barrels/Day
2011,July,Oil Products Export,266831,Barrels/Day
2011,July,Oil Products Demand,1182877,Barrels/Day
2011,August,Crude Production,222493,Barrels/Day
2011,August,Crude Import,913966,Barrels/Day
2011,August,Crude Export,44155,Barrels/Day
2011,August,Crude Throughput,982829,Barrels/Day
2011,August,Oil Products Production,1170883,Barrels/Day
2011,August,Oil Products Import,96739,Barrels/Day
2011,August,Oil Products Supply,1267623,Barrels/Day
2011,August,Oil Products Consumption,922553,Barrels/Day
2011,August,Mogas Consumption,128510,Barrels/Day
2011,August,Diesel Oil Consumption,311994,Barrels/Day
2011,August,Others Consumption,482048,Barrels/Day
2011,August,Oil Products Export,324332,Barrels/Day
2011,August,Oil Products Demand,1246885,Barrels/Day
2011,September,Crude Production,221612,Barrels/Day
2011,September,Crude Import,760657,Barrels/Day
2011,September,Crude Export,31172,Barrels/Day
2011,September,Crude Throughput,913062,Barrels/Day
2011,September,Oil Products Production,1109329,Barrels/Day
2011,September,Oil Products Import,127661,Barrels/Day
2011,September,Oil Products Supply,1236991,Barrels/Day
2011,September,Oil Products Consumption,918741,Barrels/Day
2011,September,Mogas Consumption,126104,Barrels/Day
2011,September,Diesel Oil Consumption,314813,Barrels/Day
2011,September,Others Consumption,477824,Barrels/Day
2011,September,Oil Products Export,297605,Barrels/Day
2011,September,Oil Products Demand,1216347,Barrels/Day
2011,October,Crude Production,209542,Barrels/Day
2011,October,Crude Import,718407,Barrels/Day
2011,October,Crude Export,40981,Barrels/Day
2011,October,Crude Throughput,858489,Barrels/Day
2011,October,Oil Products Production,1007600,Barrels/Day
2011,October,Oil Products Import,102042,Barrels/Day
2011,October,Oil Products Supply,1109643,Barrels/Day
2011,October,Oil Products Consumption,872334,Barrels/Day
2011,October,Mogas Consumption,116708,Barrels/Day
2011,October,Diesel Oil Consumption,304526,Barrels/Day
2011,October,Others Consumption,451099,Barrels/Day
2011,October,Oil Products Export,186003,Barrels/Day
2011,October,Oil Products Demand,1058337,Barrels/Day
2011,November,Crude Production,224322,Barrels/Day
2011,November,Crude Import,767471,Barrels/Day
2011,November,Crude Export,33792,Barrels/Day
2011,November,Crude Throughput,795555,Barrels/Day
2011,November,Oil Products Production,1073475,Barrels/Day
2011,November,Oil Products Import,105597,Barrels/Day
2011,November,Oil Products Supply,1179072,Barrels/Day
2011,November,Oil Products Consumption,868768,Barrels/Day
2011,November,Mogas Consumption,116443,Barrels/Day
2011,November,Diesel Oil Consumption,329994,Barrels/Day
2011,November,Others Consumption,422330,Barrels/Day
2011,November,Oil Products Export,186552,Barrels/Day
2011,November,Oil Products Demand,1055321,Barrels/Day
2011,December,Crude Production,221267,Barrels/Day
2011,December,Crude Import,735433,Barrels/Day
2011,December,Crude Export,27696,Barrels/Day
2011,December,Crude Throughput,1005334,Barrels/Day
2011,December,Oil Products Production,1194184,Barrels/Day
2011,December,Oil Products Import,89243,Barrels/Day
2011,December,Oil Products Supply,1283428,Barrels/Day
2011,December,Oil Products Consumption,962413,Barrels/Day
2011,December,Mogas Consumption,133486,Barrels/Day
2011,December,Diesel Oil Consumption,363574,Barrels/Day
2011,December,Others Consumption,465353,Barrels/Day
2011,December,Oil Products Export,265173,Barrels/Day
2011,December,Oil Products Demand,1227587,Barrels/Day
2012,January,Crude Production,222286,Barrels/Day
2012,January,Crude Import,906091,Barrels/Day
2012,January,Crude Export,67115,Barrels/Day
2012,January,Crude Throughput,1016125,Barrels/Day
2012,January,Oil Products Production,1147246,Barrels/Day
2012,January,Oil Products Import,82265,Barrels/Day
2012,January,Oil Products Supply,1229512,Barrels/Day
2012,January,Oil Products Consumption,966287,Barrels/Day
2012,January,Mogas Consumption,128559,Barrels/Day
2012,January,Diesel Oil Consumption,344079,Barrels/Day
2012,January,Others Consumption,493648,Barrels/Day
2012,January,Oil Products Export,235957,Barrels/Day
2012,January,Oil Products Demand,1202245,Barrels/Day
2012,February,Crude Production,237055,Barrels/Day
2012,February,Crude Import,973478,Barrels/Day
2012,February,Crude Export,64266,Barrels/Day
2012,February,Crude Throughput,1014999,Barrels/Day
2012,February,Oil Products Production,1230556,Barrels/Day
2012,February,Oil Products Import,138340,Barrels/Day
2012,February,Oil Products Supply,1368897,Barrels/Day
2012,February,Oil Products Consumption,1004675,Barrels/Day
2012,February,Mogas Consumption,131385,Barrels/Day
2012,February,Diesel Oil Consumption,368470,Barrels/Day
2012,February,Others Consumption,504819,Barrels/Day
2012,February,Oil Products Export,263711,Barrels/Day
2012,February,Oil Products Demand,1268386,Barrels/Day
2012,March,Crude Production,249193,Barrels/Day
2012,March,Crude Import,957280,Barrels/Day
2012,March,Crude Export,22654,Barrels/Day
2012,March,Crude Throughput,1030605,Barrels/Day
2012,March,Oil Products Production,1177398,Barrels/Day
2012,March,Oil Products Import,117925,Barrels/Day
2012,March,Oil Products Supply,1295323,Barrels/Day
2012,March,Oil Products Consumption,1012997,Barrels/Day
2012,March,Mogas Consumption,129824,Barrels/Day
2012,March,Diesel Oil Consumption,371638,Barrels/Day
2012,March,Others Consumption,511533,Barrels/Day
2012,March,Oil Products Export,259552,Barrels/Day
2012,March,Oil Products Demand,1272549,Barrels/Day
2012,April,Crude Production,242280,Barrels/Day
2012,April,Crude Import,899262,Barrels/Day
2012,April,Crude Export,48899,Barrels/Day
2012,April,Crude Throughput,1006215,Barrels/Day
2012,April,Oil Products Production,1219949,Barrels/Day
2012,April,Oil Products Import,158464,Barrels/Day
2012,April,Oil Products Supply,1378414,Barrels/Day
2012,April,Oil Products Consumption,989953,Barrels/Day
2012,April,Mogas Consumption,128876,Barrels/Day
2012,April,Diesel Oil Consumption,361545,Barrels/Day
2012,April,Others Consumption,499532,Barrels/Day
2012,April,Oil Products Export,267854,Barrels/Day
2012,April,Oil Products Demand,1257808,Barrels/Day
2012,May,Crude Production,223287,Barrels/Day
2012,May,Crude Import,849587,Barrels/Day
2012,May,Crude Export,56697,Barrels/Day
2012,May,Crude Throughput,981062,Barrels/Day
2012,May,Oil Products Production,1181514,Barrels/Day
2012,May,Oil Products Import,111626,Barrels/Day
2012,May,Oil Products Supply,1293140,Barrels/Day
2012,May,Oil Products Consumption,1013578,Barrels/Day
2012,May,Mogas Consumption,128269,Barrels/Day
2012,May,Diesel Oil Consumption,366582,Barrels/Day
2012,May,Others Consumption,518725,Barrels/Day
2012,May,Oil Products Export,257207,Barrels/Day
2012,May,Oil Products Demand,1270785,Barrels/Day
2012,June,Crude Production,233066,Barrels/Day
2012,June,Crude Import,867405,Barrels/Day
2012,June,Crude Export,34847,Barrels/Day
2012,June,Crude Throughput,922079,Barrels/Day
2012,June,Oil Products Production,1137514,Barrels/Day
2012,June,Oil Products Import,84640,Barrels/Day
2012,June,Oil Products Supply,1222154,Barrels/Day
2012,June,Oil Products Consumption,972960,Barrels/Day
2012,June,Mogas Consumption,133040,Barrels/Day
2012,June,Diesel Oil Consumption,356596,Barrels/Day
2012,June,Others Consumption,483323,Barrels/Day
2012,June,Oil Products Export,306763,Barrels/Day
2012,June,Oil Products Demand,1279724,Barrels/Day
2012,July,Crude Production,242146,Barrels/Day
2012,July,Crude Import,811491,Barrels/Day
2012,July,Crude Export,56246,Barrels/Day
2012,July,Crude Throughput,922854,Barrels/Day
2012,July,Oil Products Production,1096213,Barrels/Day
2012,July,Oil Products Import,107652,Barrels/Day
2012,July,Oil Products Supply,1203866,Barrels/Day
2012,July,Oil Products Consumption,967348,Barrels/Day
2012,July,Mogas Consumption,128873,Barrels/Day
2012,July,Diesel Oil Consumption,334826,Barrels/Day
2012,July,Others Consumption,503648,Barrels/Day
2012,July,Oil Products Export,231038,Barrels/Day
2012,July,Oil Products Demand,1198387,Barrels/Day
2012,August,Crude Production,239138,Barrels/Day
2012,August,Crude Import,796656,Barrels/Day
2012,August,Crude Export,33107,Barrels/Day
2012,August,Crude Throughput,950729,Barrels/Day
2012,August,Oil Products Production,1132157,Barrels/Day
2012,August,Oil Products Import,152886,Barrels/Day
2012,August,Oil Products Supply,1285043,Barrels/Day
2012,August,Oil Products Consumption,983332,Barrels/Day
2012,August,Mogas Consumption,131003,Barrels/Day
2012,August,Diesel Oil Consumption,336173,Barrels/Day
2012,August,Others Consumption,516156,Barrels/Day
2012,August,Oil Products Export,218331,Barrels/Day
2012,August,Oil Products Demand,1201664,Barrels/Day
2012,September,Crude Production,240967,Barrels/Day
2012,September,Crude Import,758599,Barrels/Day
2012,September,Crude Export,24794,Barrels/Day
2012,September,Crude Throughput,942304,Barrels/Day
2012,September,Oil Products Production,1171208,Barrels/Day
2012,September,Oil Products Import,110271,Barrels/Day
2012,September,Oil Products Supply,1281479,Barrels/Day
2012,September,Oil Products Consumption,965707,Barrels/Day
2012,September,Mogas Consumption,127631,Barrels/Day
2012,September,Diesel Oil Consumption,325923,Barrels/Day
2012,September,Others Consumption,512153,Barrels/Day
2012,September,Oil Products Export,283105,Barrels/Day
2012,September,Oil Products Demand,1248813,Barrels/Day
2012,October,Crude Production,237710,Barrels/Day
2012,October,Crude Import,877855,Barrels/Day
2012,October,Crude Export,23337,Barrels/Day
2012,October,Crude Throughput,924318,Barrels/Day
2012,October,Oil Products Production,1091945,Barrels/Day
2012,October,Oil Products Import,101587,Barrels/Day
2012,October,Oil Products Supply,1193532,Barrels/Day
2012,October,Oil Products Consumption,967620,Barrels/Day
2012,October,Mogas Consumption,132739,Barrels/Day
2012,October,Diesel Oil Consumption,338130,Barrels/Day
2012,October,Others Consumption,496750,Barrels/Day
2012,October,Oil Products Export,255897,Barrels/Day
2012,October,Oil Products Demand,1223518,Barrels/Day
2012,November,Crude Production,250652,Barrels/Day
2012,November,Crude Import,769031,Barrels/Day
2012,November,Crude Export,36407,Barrels/Day
2012,November,Crude Throughput,1001776,Barrels/Day
2012,November,Oil Products Production,1216140,Barrels/Day
2012,November,Oil Products Import,113546,Barrels/Day
2012,November,Oil Products Supply,1329686,Barrels/Day
2012,November,Oil Products Consumption,1003957,Barrels/Day
2012,November,Mogas Consumption,140489,Barrels/Day
2012,November,Diesel Oil Consumption,367874,Barrels/Day
2012,November,Others Consumption,495593,Barrels/Day
2012,November,Oil Products Export,291943,Barrels/Day
2012,November,Oil Products Demand,1295901,Barrels/Day
2012,December,Crude Production,245908,Barrels/Day
2012,December,Crude Import,858377,Barrels/Day
2012,December,Crude Export,24949,Barrels/Day
2012,December,Crude Throughput,1018381,Barrels/Day
2012,December,Oil Products Production,1232180,Barrels/Day
2012,December,Oil Products Import,84714,Barrels/Day
2012,December,Oil Products Supply,1316895,Barrels/Day
2012,December,Oil Products Consumption,1017116,Barrels/Day
2012,December,Mogas Consumption,148169,Barrels/Day
2012,December,Diesel Oil Consumption,372726,Barrels/Day
2012,December,Others Consumption,496220,Barrels/Day
2012,December,Oil Products Export,241842,Barrels/Day
2012,December,Oil Products Demand,1258958,Barrels/Day
2013,January,Crude Production,250641,Barrels/Day
2013,January,Crude Import,915062,Barrels/Day
2013,January,Crude Export,33438,Barrels/Day
2013,January,Crude Throughput,1061553,Barrels/Day
2013,January,Oil Products Production,1289301,Barrels/Day
2013,January,Oil Products Import,122069,Barrels/Day
2013,January,Oil Products Supply,1411370,Barrels/Day
2013,January,Oil Products Consumption,1040868,Barrels/Day
2013,January,Mogas Consumption,139129,Barrels/Day
2013,January,Diesel Oil Consumption,374635,Barrels/Day
2013,January,Others Consumption,527103,Barrels/Day
2013,January,Oil Products Export,215950,Barrels/Day
2013,January,Oil Products Demand,1256818,Barrels/Day
2013,February,Crude Production,254150,Barrels/Day
2013,February,Crude Import,883202,Barrels/Day
2013,February,Crude Export,35923,Barrels/Day
2013,February,Crude Throughput,1142078,Barrels/Day
2013,February,Oil Products Production,1371284,Barrels/Day
2013,February,Oil Products Import,134882,Barrels/Day
2013,February,Oil Products Supply,1506166,Barrels/Day
2013,February,Oil Products Consumption,1071636,Barrels/Day
2013,February,Mogas Consumption,139639,Barrels/Day
2013,February,Diesel Oil Consumption,379359,Barrels/Day
2013,February,Others Consumption,552637,Barrels/Day
2013,February,Oil Products Export,250025,Barrels/Day
2013,February,Oil Products Demand,1321662,Barrels/Day
2013,March,Crude Production,251509,Barrels/Day
2013,March,Crude Import,929746,Barrels/Day
2013,March,Crude Export,49949,Barrels/Day
2013,March,Crude Throughput,1076647,Barrels/Day
2013,March,Oil Products Production,1389647,Barrels/Day
2013,March,Oil Products Import,140780,Barrels/Day
2013,March,Oil Products Supply,1530427,Barrels/Day
2013,March,Oil Products Consumption,1072497,Barrels/Day
2013,March,Mogas Consumption,142647,Barrels/Day
2013,March,Diesel Oil Consumption,387167,Barrels/Day
2013,March,Others Consumption,542681,Barrels/Day
2013,March,Oil Products Export,275499,Barrels/Day
2013,March,Oil Products Demand,1347996,Barrels/Day
2013,April,Crude Production,249757,Barrels/Day
2013,April,Crude Import,907302,Barrels/Day
2013,April,Crude Export,19368,Barrels/Day
2013,April,Crude Throughput,1106089,Barrels/Day
2013,April,Oil Products Production,1340561,Barrels/Day
2013,April,Oil Products Import,108074,Barrels/Day
2013,April,Oil Products Supply,1448636,Barrels/Day
2013,April,Oil Products Consumption,1030335,Barrels/Day
2013,April,Mogas Consumption,144120,Barrels/Day
2013,April,Diesel Oil Consumption,373764,Barrels/Day
2013,April,Others Consumption,512451,Barrels/Day
2013,April,Oil Products Export,237284,Barrels/Day
2013,April,Oil Products Demand,1267620,Barrels/Day
2013,May,Crude Production,252425,Barrels/Day
2013,May,Crude Import,803681,Barrels/Day
2013,May,Crude Export,23458,Barrels/Day
2013,May,Crude Throughput,1001517,Barrels/Day
2013,May,Oil Products Production,1198036,Barrels/Day
2013,May,Oil Products Import,171480,Barrels/Day
2013,May,Oil Products Supply,1369517,Barrels/Day
2013,May,Oil Products Consumption,1029307,Barrels/Day
2013,May,Mogas Consumption,143237,Barrels/Day
2013,May,Diesel Oil Consumption,386877,Barrels/Day
2013,May,Others Consumption,499192,Barrels/Day
2013,May,Oil Products Export,214546,Barrels/Day
2013,May,Oil Products Demand,1243853,Barrels/Day
2013,June,Crude Production,242592,Barrels/Day
2013,June,Crude Import,816178,Barrels/Day
2013,June,Crude Export,28760,Barrels/Day
2013,June,Crude Throughput,997179,Barrels/Day
2013,June,Oil Products Production,1210253,Barrels/Day
2013,June,Oil Products Import,162489,Barrels/Day
2013,June,Oil Products Supply,1372743,Barrels/Day
2013,June,Oil Products Consumption,996808,Barrels/Day
2013,June,Mogas Consumption,141096,Barrels/Day
2013,June,Diesel Oil Consumption,350609,Barrels/Day
2013,June,Others Consumption,505102,Barrels/Day
2013,June,Oil Products Export,180890,Barrels/Day
2013,June,Oil Products Demand,1177699,Barrels/Day
2013,July,Crude Production,234579,Barrels/Day
2013,July,Crude Import,776218,Barrels/Day
2013,July,Crude Export,28068,Barrels/Day
2013,July,Crude Throughput,1088694,Barrels/Day
2013,July,Oil Products Production,1407350,Barrels/Day
2013,July,Oil Products Import,139750,Barrels/Day
2013,July,Oil Products Supply,1547101,Barrels/Day
2013,July,Oil Products Consumption,1003462,Barrels/Day
2013,July,Mogas Consumption,141546,Barrels/Day
2013,July,Diesel Oil Consumption,346602,Barrels/Day
2013,July,Others Consumption,515313,Barrels/Day
2013,July,Oil Products Export,273728,Barrels/Day
2013,July,Oil Products Demand,1277191,Barrels/Day
2013,August,Crude Production,231909,Barrels/Day
2013,August,Crude Import,968691,Barrels/Day
2013,August,Crude Export,26395,Barrels/Day
2013,August,Crude Throughput,1097294,Barrels/Day
2013,August,Oil Products Production,1421018,Barrels/Day
2013,August,Oil Products Import,144354,Barrels/Day
2013,August,Oil Products Supply,1565373,Barrels/Day
2013,August,Oil Products Consumption,979397,Barrels/Day
2013,August,Mogas Consumption,144938,Barrels/Day
2013,August,Diesel Oil Consumption,330406,Barrels/Day
2013,August,Others Consumption,504052,Barrels/Day
2013,August,Oil Products Export,319273,Barrels/Day
2013,August,Oil Products Demand,1298671,Barrels/Day
2013,September,Crude Production,225836,Barrels/Day
2013,September,Crude Import,765253,Barrels/Day
2013,September,Crude Throughput,1085038,Barrels/Day
2013,September,Oil Products Production,1465931,Barrels/Day
2013,September,Oil Products Import,135098,Barrels/Day
2013,September,Oil Products Supply,1601029,Barrels/Day
2013,September,Oil Products Consumption,958016,Barrels/Day
2013,September,Mogas Consumption,133875,Barrels/Day
2013,September,Diesel Oil Consumption,320932,Barrels/Day
2013,September,Others Consumption,503208,Barrels/Day
2013,September,Oil Products Export,306546,Barrels/Day
2013,September,Oil Products Demand,1264563,Barrels/Day
2013,October,Crude Production,239618,Barrels/Day
2013,October,Crude Import,881270,Barrels/Day
2013,October,Crude Export,37748,Barrels/Day
2013,October,Crude Throughput,1075959,Barrels/Day
2013,October,Oil Products Production,1451612,Barrels/Day
2013,October,Oil Products Import,169146,Barrels/Day
2013,October,Oil Products Supply,1620758,Barrels/Day
2013,October,Oil Products Consumption,988294,Barrels/Day
2013,October,Mogas Consumption,138643,Barrels/Day
2013,October,Diesel Oil Consumption,337634,Barrels/Day
2013,October,Others Consumption,512016,Barrels/Day
2013,October,Oil Products Export,286688,Barrels/Day
2013,October,Oil Products Demand,1274982,Barrels/Day
2013,November,Crude Production,230310,Barrels/Day
2013,November,Crude Import,942714,Barrels/Day
2013,November,Crude Export,12607,Barrels/Day
2013,November,Crude Throughput,1087176,Barrels/Day
2013,November,Oil Products Production,1444277,Barrels/Day
2013,November,Oil Products Import,93404,Barrels/Day
2013,November,Oil Products Supply,1537682,Barrels/Day
2013,November,Oil Products Consumption,1015697,Barrels/Day
2013,November,Mogas Consumption,142964,Barrels/Day
2013,November,Diesel Oil Consumption,365239,Barrels/Day
2013,November,Others Consumption,507494,Barrels/Day
2013,November,Oil Products Export,321207,Barrels/Day
2013,November,Oil Products Demand,1336905,Barrels/Day
2013,December,Crude Production,225200,Barrels/Day
2013,December,Crude Import,827312,Barrels/Day
2013,December,Crude Export,7422,Barrels/Day
2013,December,Crude Throughput,1121398,Barrels/Day
2013,December,Oil Products Production,1435767,Barrels/Day
2013,December,Oil Products Import,96215,Barrels/Day
2013,December,Oil Products Supply,1531983,Barrels/Day
2013,December,Oil Products Consumption,1008467,Barrels/Day
2013,December,Mogas Consumption,142494,Barrels/Day
2013,December,Diesel Oil Consumption,370960,Barrels/Day
2013,December,Others Consumption,495012,Barrels/Day
2013,December,Oil Products Export,312093,Barrels/Day
2013,December,Oil Products Demand,1320560,Barrels/Day
2014,January,Crude Production,218781,Barrels/Day
2014,January,Crude Import,895480,Barrels/Day
2014,January,Crude Export,16183,Barrels/Day
2014,January,Crude Throughput,1115652,Barrels/Day
2014,January,Oil Products Production,1468485,Barrels/Day
2014,January,Oil Products Import,166277,Barrels/Day
2014,January,Oil Products Supply,1634763,Barrels/Day
2014,January,Oil Products Consumption,1084076,Barrels/Day
2014,January,Mogas Consumption,137142,Barrels/Day
2014,January,Diesel Oil Consumption,372806,Barrels/Day
2014,January,Others Consumption,574127,Barrels/Day
2014,January,Oil Products Export,234611,Barrels/Day
2014,January,Oil Products Demand,1318687,Barrels/Day
2014,February,Crude Production,233235,Barrels/Day
2014,February,Crude Import,878409,Barrels/Day
2014,February,Crude Throughput,971488,Barrels/Day
2014,February,Oil Products Production,1356438,Barrels/Day
2014,February,Oil Products Import,202091,Barrels/Day
2014,February,Oil Products Supply,1558529,Barrels/Day
2014,February,Oil Products Consumption,1054921,Barrels/Day
2014,February,Mogas Consumption,140722,Barrels/Day
2014,February,Diesel Oil Consumption,381670,Barrels/Day
2014,February,Others Consumption,532529,Barrels/Day
2014,February,Oil Products Export,187484,Barrels/Day
2014,February,Oil Products Demand,1242406,Barrels/Day
2014,March,Crude Production,233705,Barrels/Day
2014,March,Crude Import,738525,Barrels/Day
2014,March,Crude Export,12602,Barrels/Day
2014,March,Crude Throughput,980716,Barrels/Day
2014,March,Oil Products Production,1350911,Barrels/Day
2014,March,Oil Products Import,179569,Barrels/Day
2014,March,Oil Products Supply,1530480,Barrels/Day
2014,March,Oil Products Consumption,1057293,Barrels/Day
2014,March,Mogas Consumption,143140,Barrels/Day
2014,March,Diesel Oil Consumption,380581,Barrels/Day
2014,March,Others Consumption,533571,Barrels/Day
2014,March,Oil Products Export,203456,Barrels/Day
2014,March,Oil Products Demand,1260749,Barrels/Day
2014,April,Crude Production,227695,Barrels/Day
2014,April,Crude Import,789321,Barrels/Day
2014,April,Crude Export,22525,Barrels/Day
2014,April,Crude Throughput,1042965,Barrels/Day
2014,April,Oil Products Production,1426414,Barrels/Day
2014,April,Oil Products Import,184580,Barrels/Day
2014,April,Oil Products Supply,1610995,Barrels/Day
2014,April,Oil Products Consumption,1069632,Barrels/Day
2014,April,Mogas Consumption,146379,Barrels/Day
2014,April,Diesel Oil Consumption,380543,Barrels/Day
2014,April,Others Consumption,542710,Barrels/Day
2014,April,Oil Products Export,203914,Barrels/Day
2014,April,Oil Products Demand,1273546,Barrels/Day
2014,May,Crude Production,243327,Barrels/Day
2014,May,Crude Import,830976,Barrels/Day
2014,May,Crude Export,9553,Barrels/Day
2014,May,Crude Throughput,1019620,Barrels/Day
2014,May,Oil Products Production,1373697,Barrels/Day
2014,May,Oil Products Import,219707,Barrels/Day
2014,May,Oil Products Supply,1593404,Barrels/Day
2014,May,Oil Products Consumption,1059866,Barrels/Day
2014,May,Mogas Consumption,144109,Barrels/Day
2014,May,Diesel Oil Consumption,384079,Barrels/Day
2014,May,Others Consumption,531678,Barrels/Day
2014,May,Oil Products Export,237416,Barrels/Day
2014,May,Oil Products Demand,1297282,Barrels/Day
2014,June,Crude Production,239692,Barrels/Day
2014,June,Crude Import,688491,Barrels/Day
2014,June,Crude Export,12816,Barrels/Day
2014,June,Crude Throughput,959284,Barrels/Day
2014,June,Oil Products Production,1359412,Barrels/Day
2014,June,Oil Products Import,198846,Barrels/Day
2014,June,Oil Products Supply,1558259,Barrels/Day
2014,June,Oil Products Consumption,1013664,Barrels/Day
2014,June,Mogas Consumption,141258,Barrels/Day
2014,June,Diesel Oil Consumption,357528,Barrels/Day
2014,June,Others Consumption,514878,Barrels/Day
2014,June,Oil Products Export,236512,Barrels/Day
2014,June,Oil Products Demand,1250177,Barrels/Day
2014,July,Crude Production,227825,Barrels/Day
2014,July,Crude Import,638547,Barrels/Day
2014,July,Crude Throughput,876967,Barrels/Day
2014,July,Oil Products Production,1290032,Barrels/Day
2014,July,Oil Products Import,220746,Barrels/Day
2014,July,Oil Products Supply,1510778,Barrels/Day
2014,July,Oil Products Consumption,1018256,Barrels/Day
2014,July,Mogas Consumption,146793,Barrels/Day
2014,July,Diesel Oil Consumption,346084,Barrels/Day
2014,July,Others Consumption,525377,Barrels/Day
2014,July,Oil Products Export,207825,Barrels/Day
2014,July,Oil Products Demand,1226081,Barrels/Day
2014,August,Crude Production,232365,Barrels/Day
2014,August,Crude Import,816225,Barrels/Day
2014,August,Crude Export,6167,Barrels/Day
2014,August,Crude Throughput,1074284,Barrels/Day
2014,August,Oil Products Production,1465275,Barrels/Day
2014,August,Oil Products Import,208765,Barrels/Day
2014,August,Oil Products Supply,1674040,Barrels/Day
2014,August,Oil Products Consumption,981079,Barrels/Day
2014,August,Mogas Consumption,149380,Barrels/Day
2014,August,Diesel Oil Consumption,334908,Barrels/Day
2014,August,Others Consumption,496790,Barrels/Day
2014,August,Oil Products Export,337930,Barrels/Day
2014,August,Oil Products Demand,1319009,Barrels/Day
2014,September,Crude Production,234430,Barrels/Day
2014,September,Crude Import,929615,Barrels/Day
2014,September,Crude Throughput,1060982,Barrels/Day
2014,September,Oil Products Production,1452794,Barrels/Day
2014,September,Oil Products Import,168562,Barrels/Day
2014,September,Oil Products Supply,1621356,Barrels/Day
2014,September,Oil Products Consumption,1007395,Barrels/Day
2014,September,Mogas Consumption,148391,Barrels/Day
2014,September,Diesel Oil Consumption,337687,Barrels/Day
2014,September,Others Consumption,521315,Barrels/Day
2014,September,Oil Products Export,309848,Barrels/Day
2014,September,Oil Products Demand,1317243,Barrels/Day
2014,October,Crude Production,226170,Barrels/Day
2014,October,Crude Import,814997,Barrels/Day
2014,October,Crude Throughput,1022781,Barrels/Day
2014,October,Oil Products Production,1388050,Barrels/Day
2014,October,Oil Products Import,182711,Barrels/Day
2014,October,Oil Products Supply,1570761,Barrels/Day
2014,October,Oil Products Consumption,1002704,Barrels/Day
2014,October,Mogas Consumption,147894,Barrels/Day
2014,October,Diesel Oil Consumption,338725,Barrels/Day
2014,October,Others Consumption,516084,Barrels/Day
2014,October,Oil Products Export,294623,Barrels/Day
2014,October,Oil Products Demand,1297328,Barrels/Day
2014,November,Crude Production,240446,Barrels/Day
2014,November,Crude Import,903452,Barrels/Day
2014,November,Crude Throughput,1103050,Barrels/Day
2014,November,Oil Products Production,1511785,Barrels/Day
2014,November,Oil Products Import,144081,Barrels/Day
2014,November,Oil Products Supply,1655866,Barrels/Day
2014,November,Oil Products Consumption,1018922,Barrels/Day
2014,November,Mogas Consumption,150660,Barrels/Day
2014,November,Diesel Oil Consumption,359766,Barrels/Day
2014,November,Others Consumption,508495,Barrels/Day
2014,November,Oil Products Export,255995,Barrels/Day
2014,November,Oil Products Demand,1274917,Barrels/Day
2014,December,Crude Production,236927,Barrels/Day
2014,December,Crude Import,744953,Barrels/Day
2014,December,Crude Throughput,1114322,Barrels/Day
2014,December,Oil Products Production,1520247,Barrels/Day
2014,December,Oil Products Import,148605,Barrels/Day
2014,December,Oil Products Supply,1668852,Barrels/Day
2014,December,Oil Products Consumption,1079091,Barrels/Day
2014,December,Mogas Consumption,162508,Barrels/Day
2014,December,Diesel Oil Consumption,386647,Barrels/Day
2014,December,Others Consumption,529935,Barrels/Day
2014,December,Oil Products Export,326496,Barrels/Day
2014,December,Oil Products Demand,1405587,Barrels/Day
2015,January,Crude Production,233914,Barrels/Day
2015,January,Crude Import,940956,Barrels/Day
2015,January,Crude Throughput,1133062,Barrels/Day
2015,January,Oil Products Production,1499232,Barrels/Day
2015,January,Oil Products Import,172883,Barrels/Day
2015,January,Oil Products Supply,1672116,Barrels/Day
2015,January,Oil Products Consumption,1059948,Barrels/Day
2015,January,Mogas Consumption,157590,Barrels/Day
2015,January,Diesel Oil Consumption,378752,Barrels/Day
2015,January,Others Consumption,523605,Barrels/Day
2015,January,Oil Products Export,266078,Barrels/Day
2015,January,Oil Products Demand,1326027,Barrels/Day
2015,February,Crude Production,235900,Barrels/Day
2015,February,Crude Import,690514,Barrels/Day
2015,February,Crude Throughput,1124675,Barrels/Day
2015,February,Oil Products Production,1504336,Barrels/Day
2015,February,Oil Products Import,157889,Barrels/Day
2015,February,Oil Products Supply,1662225,Barrels/Day
2015,February,Oil Products Consumption,1094320,Barrels/Day
2015,February,Mogas Consumption,162512,Barrels/Day
2015,February,Diesel Oil Consumption,393531,Barrels/Day
2015,February,Others Consumption,538276,Barrels/Day
2015,February,Oil Products Export,266024,Barrels/Day
2015,February,Oil Products Demand,1360345,Barrels/Day
2015,March,Crude Production,254105,Barrels/Day
2015,March,Crude Import,906943,Barrels/Day
2015,March,Crude Throughput,1104817,Barrels/Day
2015,March,Oil Products Production,1449472,Barrels/Day
2015,March,Oil Products Import,157949,Barrels/Day
2015,March,Oil Products Supply,1607421,Barrels/Day
2015,March,Oil Products Consumption,1057211,Barrels/Day
2015,March,Mogas Consumption,159817,Barrels/Day
2015,March,Diesel Oil Consumption,390176,Barrels/Day
2015,March,Others Consumption,507217,Barrels/Day
2015,March,Oil Products Export,260392,Barrels/Day
2015,March,Oil Products Demand,1317603,Barrels/Day
2015,April,Crude Production,249032,Barrels/Day
2015,April,Crude Import,933659,Barrels/Day
2015,April,Crude Throughput,1137543,Barrels/Day
2015,April,Oil Products Production,1511462,Barrels/Day
2015,April,Oil Products Import,168383,Barrels/Day
2015,April,Oil Products Supply,1679846,Barrels/Day
2015,April,Oil Products Consumption,1072475,Barrels/Day
2015,April,Mogas Consumption,166909,Barrels/Day
2015,April,Diesel Oil Consumption,390298,Barrels/Day
2015,April,Others Consumption,515267,Barrels/Day
2015,April,Oil Products Export,225811,Barrels/Day
2015,April,Oil Products Demand,1298287,Barrels/Day
2015,May,Crude Production,239839,Barrels/Day
2015,May,Crude Import,868872,Barrels/Day
2015,May,Crude Throughput,1146537,Barrels/Day
2015,May,Oil Products Production,1510257,Barrels/Day
2015,May,Oil Products Import,180394,Barrels/Day
2015,May,Oil Products Supply,1690652,Barrels/Day
2015,May,Oil Products Consumption,1061087,Barrels/Day
2015,May,Mogas Consumption,161782,Barrels/Day
2015,May,Diesel Oil Consumption,389849,Barrels/Day
2015,May,Others Consumption,509455,Barrels/Day
2015,May,Oil Products Export,271930,Barrels/Day
2015,May,Oil Products Demand,1333018,Barrels/Day
2015,June,Crude Production,236703,Barrels/Day
2015,June,Crude Import,1002202,Barrels/Day
2015,June,Crude Throughput,1137259,Barrels/Day
2015,June,Oil Products Production,1541680,Barrels/Day
2015,June,Oil Products Import,129961,Barrels/Day
2015,June,Oil Products Supply,1671641,Barrels/Day
2015,June,Oil Products Consumption,1038994,Barrels/Day
2015,June,Mogas Consumption,163879,Barrels/Day
2015,June,Diesel Oil Consumption,375637,Barrels/Day
2015,June,Others Consumption,499477,Barrels/Day
2015,June,Oil Products Export,302657,Barrels/Day
2015,June,Oil Products Demand,1341651,Barrels/Day
2015,July,Crude Production,249174,Barrels/Day
2015,July,Crude Import,875151,Barrels/Day
2015,July,Crude Throughput,1139632,Barrels/Day
2015,July,Oil Products Production,1503860,Barrels/Day
2015,July,Oil Products Import,146441,Barrels/Day
2015,July,Oil Products Supply,1650302,Barrels/Day
2015,July,Oil Products Consumption,1014936,Barrels/Day
2015,July,Mogas Consumption,167349,Barrels/Day
2015,July,Diesel Oil Consumption,364866,Barrels/Day
2015,July,Others Consumption,482719,Barrels/Day
2015,July,Oil Products Export,333057,Barrels/Day
2015,July,Oil Products Demand,1347993,Barrels/Day
2015,August,Crude Production,244719,Barrels/Day
2015,August,Crude Import,848366,Barrels/Day
2015,August,Crude Throughput,1112872,Barrels/Day
2015,August,Oil Products Production,1508090,Barrels/Day
2015,August,Oil Products Import,154532,Barrels/Day
2015,August,Oil Products Supply,1662623,Barrels/Day
2015,August,Oil Products Consumption,1013472,Barrels/Day
2015,August,Mogas Consumption,167171,Barrels/Day
2015,August,Diesel Oil Consumption,357527,Barrels/Day
2015,August,Others Consumption,488773,Barrels/Day
2015,August,Oil Products Export,316697,Barrels/Day
2015,August,Oil Products Demand,1330170,Barrels/Day
2015,September,Crude Production,247900,Barrels/Day
2015,September,Crude Import,776242,Barrels/Day
2015,September,Crude Throughput,1110383,Barrels/Day
2015,September,Oil Products Production,1514750,Barrels/Day
2015,September,Oil Products Import,169291,Barrels/Day
2015,September,Oil Products Supply,1684042,Barrels/Day
2015,September,Oil Products Consumption,998232,Barrels/Day
2015,September,Mogas Consumption,164835,Barrels/Day
2015,September,Diesel Oil Consumption,346618,Barrels/Day
2015,September,Others Consumption,486779,Barrels/Day
2015,September,Oil Products Export,331832,Barrels/Day
2015,September,Oil Products Demand,1330064,Barrels/Day
2015,October,Crude Production,255073,Barrels/Day
2015,October,Crude Import,968841,Barrels/Day
2015,October,Crude Throughput,1134272,Barrels/Day
2015,October,Oil Products Production,1490128,Barrels/Day
2015,October,Oil Products Import,134523,Barrels/Day
2015,October,Oil Products Supply,1624652,Barrels/Day
2015,October,Oil Products Consumption,1017809,Barrels/Day
2015,October,Mogas Consumption,167831,Barrels/Day
2015,October,Diesel Oil Consumption,355035,Barrels/Day
2015,October,Others Consumption,494943,Barrels/Day
2015,October,Oil Products Export,315117,Barrels/Day
2015,October,Oil Products Demand,1332927,Barrels/Day
2015,November,Crude Production,263379,Barrels/Day
2015,November,Crude Import,808396,Barrels/Day
2015,November,Crude Throughput,1149921,Barrels/Day
2015,November,Oil Products Production,1520731,Barrels/Day
2015,November,Oil Products Import,144095,Barrels/Day
2015,November,Oil Products Supply,1664826,Barrels/Day
2015,November,Oil Products Consumption,1057503,Barrels/Day
2015,November,Mogas Consumption,170147,Barrels/Day
2015,November,Diesel Oil Consumption,384637,Barrels/Day
2015,November,Others Consumption,502718,Barrels/Day
2015,November,Oil Products Export,297002,Barrels/Day
2015,November,Oil Products Demand,1354506,Barrels/Day
2015,December,Crude Production,265439,Barrels/Day
2015,December,Crude Import,867721,Barrels/Day
2015,December,Crude Export,9303,Barrels/Day
2015,December,Crude Throughput,1156768,Barrels/Day
2015,December,Oil Products Production,1554166,Barrels/Day
2015,December,Oil Products Import,113988,Barrels/Day
2015,December,Oil Products Supply,1668155,Barrels/Day
2015,December,Oil Products Consumption,1113458,Barrels/Day
2015,December,Mogas Consumption,181668,Barrels/Day
2015,December,Diesel Oil Consumption,411366,Barrels/Day
2015,December,Others Consumption,520422,Barrels/Day
2015,December,Oil Products Export,272469,Barrels/Day
2015,December,Oil Products Demand,1385927,Barrels/Day
2016,January,Crude Production,272829,Barrels/Day
2016,January,Crude Import,961927,Barrels/Day
2016,January,Crude Export,12515,Barrels/Day
2016,January,Crude Throughput,1167207,Barrels/Day
2016,January,Oil Products Production,1518257,Barrels/Day
2016,January,Oil Products Import,177460,Barrels/Day
2016,January,Oil Products Supply,1695717,Barrels/Day
2016,January,Oil Products Consumption,1116108,Barrels/Day
2016,January,Mogas Consumption,172895,Barrels/Day
2016,January,Diesel Oil Consumption,392626,Barrels/Day
2016,January,Others Consumption,550586,Barrels/Day
2016,January,Oil Products Export,231684,Barrels/Day
2016,January,Oil Products Demand,1347793,Barrels/Day
2016,February,Crude Production,270796,Barrels/Day
2016,February,Crude Import,792312,Barrels/Day
2016,February,Crude Export,16206,Barrels/Day
2016,February,Crude Throughput,1064120,Barrels/Day
2016,February,Oil Products Production,1455418,Barrels/Day
2016,February,Oil Products Import,183671,Barrels/Day
2016,February,Oil Products Supply,1639089,Barrels/Day
2016,February,Oil Products Consumption,1147229,Barrels/Day
2016,February,Mogas Consumption,181129,Barrels/Day
2016,February,Diesel Oil Consumption,414662,Barrels/Day
2016,February,Others Consumption,551438,Barrels/Day
2016,February,Oil Products Export,202362,Barrels/Day
2016,February,Oil Products Demand,1349592,Barrels/Day
2016,March,Crude Production,264995,Barrels/Day
2016,March,Crude Import,773865,Barrels/Day
2016,March,Crude Export,34272,Barrels/Day
2016,March,Crude Throughput,1072760,Barrels/Day
2016,March,Oil Products Production,1392677,Barrels/Day
2016,March,Oil Products Import,230085,Barrels/Day
2016,March,Oil Products Supply,1622763,Barrels/Day
2016,March,Oil Products Consumption,1147594,Barrels/Day
2016,March,Mogas Consumption,178556,Barrels/Day
2016,March,Diesel Oil Consumption,410259,Barrels/Day
2016,March,Others Consumption,558778,Barrels/Day
2016,March,Oil Products Export,207401,Barrels/Day
2016,March,Oil Products Demand,1354996,Barrels/Day
2016,April,Crude Production,268897,Barrels/Day
2016,April,Crude Import,1029489,Barrels/Day
2016,April,Crude Export,20765,Barrels/Day
2016,April,Crude Throughput,1128883,Barrels/Day
2016,April,Oil Products Production,1489359,Barrels/Day
2016,April,Oil Products Import,218516,Barrels/Day
2016,April,Oil Products Supply,1707876,Barrels/Day
2016,April,Oil Products Consumption,1134606,Barrels/Day
2016,April,Mogas Consumption,186867,Barrels/Day
2016,April,Diesel Oil Consumption,399891,Barrels/Day
2016,April,Others Consumption,547847,Barrels/Day
2016,April,Oil Products Export,165826,Barrels/Day
2016,April,Oil Products Demand,1300433,Barrels/Day
2016,May,Crude Production,244130,Barrels/Day
2016,May,Crude Import,703553,Barrels/Day
2016,May,Crude Export,59652,Barrels/Day
2016,May,Crude Throughput,978088,Barrels/Day
2016,May,Oil Products Production,1320179,Barrels/Day
2016,May,Oil Products Import,220751,Barrels/Day
2016,May,Oil Products Supply,1540931,Barrels/Day
2016,May,Oil Products Consumption,1119600,Barrels/Day
2016,May,Mogas Consumption,179438,Barrels/Day
2016,May,Diesel Oil Consumption,408431,Barrels/Day
2016,May,Others Consumption,531730,Barrels/Day
2016,May,Oil Products Export,203553,Barrels/Day
2016,May,Oil Products Demand,1323153,Barrels/Day
2016,June,Crude Production,253363,Barrels/Day
2016,June,Crude Import,737793,Barrels/Day
2016,June,Crude Export,21418,Barrels/Day
2016,June,Crude Throughput,1953967,Barrels/Day
2016,June,Oil Products Production,1311926,Barrels/Day
2016,June,Oil Products Import,182140,Barrels/Day
2016,June,Oil Products Supply,1494067,Barrels/Day
2016,June,Oil Products Consumption,1085167,Barrels/Day
2016,June,Mogas Consumption,179746,Barrels/Day
2016,June,Diesel Oil Consumption,390077,Barrels/Day
2016,June,Others Consumption,515342,Barrels/Day
2016,June,Oil Products Export,204444,Barrels/Day
2016,June,Oil Products Demand,1289612,Barrels/Day
2016,July,Crude Production,258709,Barrels/Day
2016,July,Crude Import,927934,Barrels/Day
2016,July,Crude Export,59283,Barrels/Day
2016,July,Crude Throughput,1089170,Barrels/Day
2016,July,Oil Products Production,1474501,Barrels/Day
2016,July,Oil Products Import,143643,Barrels/Day
2016,July,Oil Products Supply,1618145,Barrels/Day
2016,July,Oil Products Consumption,1052879,Barrels/Day
2016,July,Mogas Consumption,183150,Barrels/Day
2016,July,Diesel Oil Consumption,360187,Barrels/Day
2016,July,Others Consumption,509542,Barrels/Day
2016,July,Oil Products Export,230391,Barrels/Day
2016,July,Oil Products Demand,1283270,Barrels/Day
2016,August,Crude Production,253367,Barrels/Day
2016,August,Crude Import,715728,Barrels/Day
2016,August,Crude Export,53766,Barrels/Day
2016,August,Crude Throughput,1088504,Barrels/Day
2016,August,Oil Products Production,1464890,Barrels/Day
2016,August,Oil Products Import,207902,Barrels/Day
2016,August,Oil Products Supply,1672792,Barrels/Day
2016,August,Oil Products Consumption,1078318,Barrels/Day
2016,August,Mogas Consumption,191552,Barrels/Day
2016,August,Diesel Oil Consumption,368350,Barrels/Day
2016,August,Others Consumption,518415,Barrels/Day
2016,August,Oil Products Export,267490,Barrels/Day
2016,August,Oil Products Demand,1345809,Barrels/Day
2016,September,Crude Production,253367,Barrels/Day
2016,September,Crude Import,943481,Barrels/Day
2016,September,Crude Export,49694,Barrels/Day
2016,September,Crude Throughput,1093195,Barrels/Day
2016,September,Oil Products Production,1488119,Barrels/Day
2016,September,Oil Products Import,174896,Barrels/Day
2016,September,Oil Products Supply,1663015,Barrels/Day
2016,September,Oil Products Consumption,1068073,Barrels/Day
2016,September,Mogas Consumption,181711,Barrels/Day
2016,September,Diesel Oil Consumption,366223,Barrels/Day
2016,September,Others Consumption,520138,Barrels/Day
2016,September,Oil Products Export,237666,Barrels/Day
2016,September,Oil Products Demand,1305739,Barrels/Day
2016,October,Crude Production,252110,Barrels/Day
2016,October,Crude Import,827040,Barrels/Day
2016,October,Crude Export,15816,Barrels/Day
2016,October,Crude Throughput,1153109,Barrels/Day
2016,October,Oil Products Production,1534449,Barrels/Day
2016,October,Oil Products Import,187169,Barrels/Day
2016,October,Oil Products Supply,1721618,Barrels/Day
2016,October,Oil Products Consumption,1044482,Barrels/Day
2016,October,Mogas Consumption,175882,Barrels/Day
2016,October,Diesel Oil Consumption,351026,Barrels/Day
2016,October,Others Consumption,517574,Barrels/Day
2016,October,Oil Products Export,245310,Barrels/Day
2016,October,Oil Products Demand,1289793,Barrels/Day
2016,November,Crude Production,252572,Barrels/Day
2016,November,Crude Import,891702,Barrels/Day
2016,November,Crude Export,45656,Barrels/Day
2016,November,Crude Throughput,1174322,Barrels/Day
2016,November,Oil Products Production,1549746,Barrels/Day
2016,November,Oil Products Import,76857,Barrels/Day
2016,November,Oil Products Supply,1626604,Barrels/Day
2016,November,Oil Products Consumption,1068602,Barrels/Day
2016,November,Mogas Consumption,184478,Barrels/Day
2016,November,Diesel Oil Consumption,398540,Barrels/Day
2016,November,Others Consumption,485583,Barrels/Day
2016,November,Oil Products Export,313514,Barrels/Day
2016,November,Oil Products Demand,1382117,Barrels/Day
2016,December,Crude Production,246481,Barrels/Day
2016,December,Crude Import,924175,Barrels/Day
2016,December,Crude Export,25623,Barrels/Day
2016,December,Crude Throughput,1159952,Barrels/Day
2016,December,Oil Products Production,1545602,Barrels/Day
2016,December,Oil Products Import,134425,Barrels/Day
2016,December,Oil Products Supply,1680027,Barrels/Day
2016,December,Oil Products Consumption,1137285,Barrels/Day
2016,December,Mogas Consumption,192275,Barrels/Day
2016,December,Diesel Oil Consumption,415874,Barrels/Day
2016,December,Others Consumption,529135,Barrels/Day
2016,December,Oil Products Export,302250,Barrels/Day
2016,December,Oil Products Demand,1439535,Barrels/Day
2017,January,Crude Production,250110,Barrels/Day
2017,January,Crude Import,1009391,Barrels/Day
2017,January,Crude Export,28722,Barrels/Day
2017,January,Crude Throughput,1155267,Barrels/Day
2017,January,Oil Products Production,1528942,Barrels/Day
2017,January,Oil Products Import,157156,Barrels/Day
2017,January,Oil Products Supply,1686098,Barrels/Day
2017,January,Oil Products Consumption,1127655,Barrels/Day
2017,January,Mogas Consumption,180292,Barrels/Day
2017,January,Diesel Oil Consumption,389251,Barrels/Day
2017,January,Others Consumption,558111,Barrels/Day
2017,January,Oil Products Export,223819,Barrels/Day
2017,January,Oil Products Demand,1351474,Barrels/Day
2017,February,Crude Production,245689,Barrels/Day
2017,February,Crude Import,728939,Barrels/Day
2017,February,Crude Export,37140,Barrels/Day
2017,February,Crude Throughput,1031356,Barrels/Day
2017,February,Oil Products Production,1424213,Barrels/Day
2017,February,Oil Products Import,142941,Barrels/Day
2017,February,Oil Products Supply,1567154,Barrels/Day
2017,February,Oil Products Consumption,1141590,Barrels/Day
2017,February,Mogas Consumption,184656,Barrels/Day
2017,February,Diesel Oil Consumption,428109,Barrels/Day
2017,February,Others Consumption,528823,Barrels/Day
2017,February,Oil Products Export,197022,Barrels/Day
2017,February,Oil Products Demand,1338612,Barrels/Day
2017,March,Crude Production,242127,Barrels/Day
2017,March,Crude Import,846691,Barrels/Day
2017,March,Crude Export,34275,Barrels/Day
2017,March,Crude Throughput,1058083,Barrels/Day
2017,March,Oil Products Production,1440901,Barrels/Day
2017,March,Oil Products Import,256590,Barrels/Day
2017,March,Oil Products Supply,1697492,Barrels/Day
2017,March,Oil Products Consumption,1158525,Barrels/Day
2017,March,Mogas Consumption,190167,Barrels/Day
2017,March,Diesel Oil Consumption,434011,Barrels/Day
2017,March,Others Consumption,534346,Barrels/Day
2017,March,Oil Products Export,191464,Barrels/Day
2017,March,Oil Products Demand,1349989,Barrels/Day
2017,April,Crude Production,232413,Barrels/Day
2017,April,Crude Import,1840791,Barrels/Day
2017,April,Crude Export,45347,Barrels/Day
2017,April,Crude Throughput,1164364,Barrels/Day
2017,April,Oil Products Production,1545820,Barrels/Day
2017,April,Oil Products Import,190159,Barrels/Day
2017,April,Oil Products Supply,1735980,Barrels/Day
2017,April,Oil Products Consumption,1106217,Barrels/Day
2017,April,Mogas Consumption,188285,Barrels/Day
2017,April,Diesel Oil Consumption,403008,Barrels/Day
2017,April,Others Consumption,514923,Barrels/Day
2017,April,Oil Products Export,213794,Barrels/Day
2017,April,Oil Products Demand,1320011,Barrels/Day
2017,May,Crude Production,241626,Barrels/Day
2017,May,Crude Import,849419,Barrels/Day
2017,May,Crude Export,32879,Barrels/Day
2017,May,Crude Throughput,1098602,Barrels/Day
2017,May,Oil Products Production,1483354,Barrels/Day
2017,May,Oil Products Import,240415,Barrels/Day
2017,May,Oil Products Supply,1723769,Barrels/Day
2017,May,Oil Products Consumption,1108933,Barrels/Day
2017,May,Mogas Consumption,187222,Barrels/Day
2017,May,Diesel Oil Consumption,411020,Barrels/Day
2017,May,Others Consumption,510690,Barrels/Day
2017,May,Oil Products Export,251800,Barrels/Day
2017,May,Oil Products Demand,1360733,Barrels/Day
2017,June,Crude Production,226446,Barrels/Day
2017,June,Crude Import,908954,Barrels/Day
2017,June,Crude Export,35788,Barrels/Day
2017,June,Crude Throughput,1072072,Barrels/Day
2017,June,Oil Products Production,1452643,Barrels/Day
2017,June,Oil Products Import,168763,Barrels/Day
2017,June,Oil Products Supply,1621406,Barrels/Day
2017,June,Oil Products Consumption,1113772,Barrels/Day
2017,June,Mogas Consumption,196111,Barrels/Day
2017,June,Diesel Oil Consumption,409686,Barrels/Day
2017,June,Others Consumption,507974,Barrels/Day
2017,June,Oil Products Export,271216,Barrels/Day
2017,June,Oil Products Demand,1384988,Barrels/Day
2017,July,Crude Production,237228,Barrels/Day
2017,July,Crude Import,968914,Barrels/Day
2017,July,Crude Export,42132,Barrels/Day
2017,July,Crude Throughput,1166562,Barrels/Day
2017,July,Oil Products Production,1495276,Barrels/Day
2017,July,Oil Products Import,212320,Barrels/Day
2017,July,Oil Products Supply,1707596,Barrels/Day
2017,July,Oil Products Consumption,1074602,Barrels/Day
2017,July,Mogas Consumption,189644,Barrels/Day
2017,July,Diesel Oil Consumption,374718,Barrels/Day
2017,July,Others Consumption,510239,Barrels/Day
2017,July,Oil Products Export,232325,Barrels/Day
2017,July,Oil Products Demand,1306928,Barrels/Day
2017,August,Crude Production,240876,Barrels/Day
2017,August,Crude Import,883755,Barrels/Day
2017,August,Crude Export,26772,Barrels/Day
2017,August,Crude Throughput,1191284,Barrels/Day
2017,August,Oil Products Production,1579186,Barrels/Day
2017,August,Oil Products Import,179085,Barrels/Day
2017,August,Oil Products Supply,1758271,Barrels/Day
2017,August,Oil Products Consumption,1089661,Barrels/Day
2017,August,Mogas Consumption,192551,Barrels/Day
2017,August,Diesel Oil Consumption,382423,Barrels/Day
2017,August,Others Consumption,514685,Barrels/Day
2017,August,Oil Products Export,289508,Barrels/Day
2017,August,Oil Products Demand,1379169,Barrels/Day
2017,September,Crude Production,240503,Barrels/Day
2017,September,Crude Import,961626,Barrels/Day
2017,September,Crude Export,26830,Barrels/Day
2017,September,Crude Throughput,1180411,Barrels/Day
2017,September,Oil Products Production,1554640,Barrels/Day
2017,September,Oil Products Import,148956,Barrels/Day
2017,September,Oil Products Supply,1703596,Barrels/Day
2017,September,Oil Products Consumption,1091816,Barrels/Day
2017,September,Mogas Consumption,190691,Barrels/Day
2017,September,Diesel Oil Consumption,384866,Barrels/Day
2017,September,Others Consumption,516258,Barrels/Day
2017,September,Oil Products Export,315199,Barrels/Day
2017,September,Oil Products Demand,1407015,Barrels/Day
2017,October,Crude Production,243519,Barrels/Day
2017,October,Crude Import,959623,Barrels/Day
2017,October,Crude Export,25163,Barrels/Day
2017,October,Crude Throughput,1164095,Barrels/Day
2017,October,Oil Products Production,1523574,Barrels/Day
2017,October,Oil Products Import,170790,Barrels/Day
2017,October,Oil Products Supply,1694364,Barrels/Day
2017,October,Oil Products Consumption,1080583,Barrels/Day
2017,October,Mogas Consumption,188355,Barrels/Day
2017,October,Diesel Oil Consumption,365778,Barrels/Day
2017,October,Others Consumption,526448,Barrels/Day
2017,October,Oil Products Export,330658,Barrels/Day
2017,October,Oil Products Demand,1411241,Barrels/Day
2017,November,Crude Production,240592,Barrels/Day
2017,November,Crude Import,1000390,Barrels/Day
2017,November,Crude Export,24945,Barrels/Day
2017,November,Crude Throughput,1183869,Barrels/Day
2017,November,Oil Products Production,1567818,Barrels/Day
2017,November,Oil Products Import,206586,Barrels/Day
2017,November,Oil Products Supply,1774405,Barrels/Day
2017,November,Oil Products Consumption,1144825,Barrels/Day
2017,November,Mogas Consumption,184328,Barrels/Day
2017,November,Diesel Oil Consumption,408729,Barrels/Day
2017,November,Others Consumption,551767,Barrels/Day
2017,November,Oil Products Export,308760,Barrels/Day
2017,November,Oil Products Demand,1453586,Barrels/Day
2017,December,Crude Production,236657,Barrels/Day
2017,December,Crude Import,833781,Barrels/Day
2017,December,Crude Export,32718,Barrels/Day
2017,December,Crude Throughput,1197969,Barrels/Day
2017,December,Oil Products Production,1594285,Barrels/Day
2017,December,Oil Products Import,140780,Barrels/Day
2017,December,Oil Products Supply,1735066,Barrels/Day
2017,December,Oil Products Consumption,1177352,Barrels/Day
2017,December,Mogas Consumption,196315,Barrels/Day
2017,December,Diesel Oil Consumption,424338,Barrels/Day
2017,December,Others Consumption,556698,Barrels/Day
2017,December,Oil Products Export,298596,Barrels/Day
2017,December,Oil Products Demand,1475949,Barrels/Day
2018,January,Crude Production,243022,Barrels/Day
2018,January,Crude Import,1042685,Barrels/Day
2018,January,Crude Export,39362,Barrels/Day
2018,January,Crude Throughput,1124351,Barrels/Day
2018,January,Oil Products Production,1574072,Barrels/Day
2018,January,Oil Products Import,178555,Barrels/Day
2018,January,Oil Products Supply,1752627,Barrels/Day
2018,January,Oil Products Consumption,1161072,Barrels/Day
2018,January,Mogas Consumption,188785,Barrels/Day
2018,January,Diesel Oil Consumption,412841,Barrels/Day
2018,January,Others Consumption,559444,Barrels/Day
2018,January,Oil Products Export,273927,Barrels/Day
2018,January,Oil Products Demand,1434999,Barrels/Day
2018,February,Crude Production,244279,Barrels/Day
2018,February,Crude Import,1012439,Barrels/Day
2018,February,Crude Export,19608,Barrels/Day
2018,February,Crude Throughput,1145214,Barrels/Day
2018,February,Oil Products Production,1623027,Barrels/Day
2018,February,Oil Products Import,219110,Barrels/Day
2018,February,Oil Products Supply,1842138,Barrels/Day
2018,February,Oil Products Consumption,1197704,Barrels/Day
2018,February,Mogas Consumption,198382,Barrels/Day
2018,February,Diesel Oil Consumption,438698,Barrels/Day
2018,February,Others Consumption,560622,Barrels/Day
2018,February,Oil Products Export,246514,Barrels/Day
2018,February,Oil Products Demand,1444219,Barrels/Day
2018,March,Crude Production,218861,Barrels/Day
2018,March,Crude Import,885181,Barrels/Day
2018,March,Crude Export,47918,Barrels/Day
2018,March,Crude Throughput,1152407,Barrels/Day
2018,March,Oil Products Production,1631506,Barrels/Day
2018,March,Oil Products Import,166655,Barrels/Day
2018,March,Oil Products Supply,1798162,Barrels/Day
2018,March,Oil Products Consumption,1198851,Barrels/Day
2018,March,Mogas Consumption,194651,Barrels/Day
2018,March,Diesel Oil Consumption,442165,Barrels/Day
2018,March,Others Consumption,562033,Barrels/Day
2018,March,Oil Products Export,282679,Barrels/Day
2018,March,Oil Products Demand,1481531,Barrels/Day
2018,April,Crude Production,204842,Barrels/Day
2018,April,Crude Import,1062281,Barrels/Day
2018,April,Crude Export,24304,Barrels/Day
2018,April,Crude Throughput,1149156,Barrels/Day
2018,April,Oil Products Production,1600270,Barrels/Day
2018,April,Oil Products Import,203758,Barrels/Day
2018,April,Oil Products Supply,1804028,Barrels/Day
2018,April,Oil Products Consumption,1146768,Barrels/Day
2018,April,Mogas Consumption,197569,Barrels/Day
2018,April,Diesel Oil Consumption,419194,Barrels/Day
2018,April,Others Consumption,530003,Barrels/Day
2018,April,Oil Products Export,262338,Barrels/Day
2018,April,Oil Products Demand,1409106,Barrels/Day
2018,May,Crude Production,229693,Barrels/Day
2018,May,Crude Import,887184,Barrels/Day
2018,May,Crude Export,31010,Barrels/Day
2018,May,Crude Throughput,1031499,Barrels/Day
2018,May,Oil Products Production,1507372,Barrels/Day
2018,May,Oil Products Import,213529,Barrels/Day
2018,May,Oil Products Supply,1720902,Barrels/Day
2018,May,Oil Products Consumption,1130019,Barrels/Day
2018,May,Mogas Consumption,188473,Barrels/Day
2018,May,Diesel Oil Consumption,410403,Barrels/Day
2018,May,Others Consumption,531142,Barrels/Day
2018,May,Oil Products Export,255840,Barrels/Day
2018,May,Oil Products Demand,1385859,Barrels/Day
2018,June,Crude Production,225019,Barrels/Day
2018,June,Crude Import,840006,Barrels/Day
2018,June,Crude Export,26486,Barrels/Day
2018,June,Crude Throughput,1083214,Barrels/Day
2018,June,Oil Products Production,1537129,Barrels/Day
2018,June,Oil Products Import,209255,Barrels/Day
2018,June,Oil Products Supply,1746385,Barrels/Day
2018,June,Oil Products Consumption,1131616,Barrels/Day
2018,June,Mogas Consumption,199384,Barrels/Day
2018,June,Diesel Oil Consumption,401719,Barrels/Day
2018,June,Others Consumption,530512,Barrels/Day
2018,June,Oil Products Export,242677,Barrels/Day
2018,June,Oil Products Demand,1374294,Barrels/Day
2018,July,Crude Production,230065,Barrels/Day
2018,July,Crude Import,1043840,Barrels/Day
2018,July,Crude Export,26627,Barrels/Day
2018,July,Crude Throughput,1163204,Barrels/Day
2018,July,Oil Products Production,1593169,Barrels/Day
2018,July,Oil Products Import,175413,Barrels/Day
2018,July,Oil Products Supply,1768582,Barrels/Day
2018,July,Oil Products Consumption,1082048,Barrels/Day
2018,July,Mogas Consumption,192537,Barrels/Day
2018,July,Diesel Oil Consumption,374187,Barrels/Day
2018,July,Others Consumption,515323,Barrels/Day
2018,July,Oil Products Export,278567,Barrels/Day
2018,July,Oil Products Demand,1360616,Barrels/Day
2018,August,Crude Production,224701,Barrels/Day
2018,August,Crude Import,937476,Barrels/Day
2018,August,Crude Export,33532,Barrels/Day
2018,August,Crude Throughput,1101795,Barrels/Day
2018,August,Oil Products Production,1562980,Barrels/Day
2018,August,Oil Products Import,177178,Barrels/Day
2018,August,Oil Products Supply,1740158,Barrels/Day
2018,August,Oil Products Consumption,1109602,Barrels/Day
2018,August,Mogas Consumption,196599,Barrels/Day
2018,August,Diesel Oil Consumption,387072,Barrels/Day
2018,August,Others Consumption,525930,Barrels/Day
2018,August,Oil Products Export,344541,Barrels/Day
2018,August,Oil Products Demand,1454143,Barrels/Day
2018,September,Crude Production,217629,Barrels/Day
2018,September,Crude Import,851702,Barrels/Day
2018,September,Crude Export,29811,Barrels/Day
2018,September,Crude Throughput,1139301,Barrels/Day
2018,September,Oil Products Production,1571688,Barrels/Day
2018,September,Oil Products Import,207484,Barrels/Day
2018,September,Oil Products Supply,1779172,Barrels/Day
2018,September,Oil Products Consumption,1079055,Barrels/Day
2018,September,Mogas Consumption,188826,Barrels/Day
2018,September,Diesel Oil Consumption,368159,Barrels/Day
2018,September,Others Consumption,522069,Barrels/Day
2018,September,Oil Products Export,288439,Barrels/Day
2018,September,Oil Products Demand,1367494,Barrels/Day
2018,October,Crude Production,236077,Barrels/Day
2018,October,Crude Import,1089736,Barrels/Day
2018,October,Crude Export,17346,Barrels/Day
2018,October,Crude Throughput,1160004,Barrels/Day
2018,October,Oil Products Production,1581904,Barrels/Day
2018,October,Oil Products Import,215088,Barrels/Day
2018,October,Oil Products Supply,1796993,Barrels/Day
2018,October,Oil Products Consumption,1105032,Barrels/Day
2018,October,Mogas Consumption,192786,Barrels/Day
2018,October,Diesel Oil Consumption,381883,Barrels/Day
2018,October,Others Consumption,530362,Barrels/Day
2018,October,Oil Products Export,311847,Barrels/Day
2018,October,Oil Products Demand,1416880,Barrels/Day
2018,November,Crude Production,241875,Barrels/Day
2018,November,Crude Import,842024,Barrels/Day
2018,November,Crude Export,24248,Barrels/Day
2018,November,Crude Throughput,1182560,Barrels/Day
2018,November,Oil Products Production,1621310,Barrels/Day
2018,November,Oil Products Import,166990,Barrels/Day
2018,November,Oil Products Supply,1788301,Barrels/Day
2018,November,Oil Products Consumption,1169721,Barrels/Day
2018,November,Mogas Consumption,198300,Barrels/Day
2018,November,Diesel Oil Consumption,418329,Barrels/Day
2018,November,Others Consumption,553091,Barrels/Day
2018,November,Oil Products Export,300843,Barrels/Day
2018,November,Oil Products Demand,1470564,Barrels/Day
2018,December,Crude Production,223252,Barrels/Day
2018,December,Crude Import,917560,Barrels/Day
2018,December,Crude Export,22018,Barrels/Day
2018,December,Crude Throughput,1138672,Barrels/Day
2018,December,Oil Products Production,1598561,Barrels/Day
2018,December,Oil Products Import,141704,Barrels/Day
2018,December,Oil Products Supply,1740266,Barrels/Day
2018,December,Oil Products Consumption,1195826,Barrels/Day
2018,December,Mogas Consumption,207865,Barrels/Day
2018,December,Diesel Oil Consumption,431638,Barrels/Day
2018,December,Others Consumption,556323,Barrels/Day
2018,December,Oil Products Export,317606,Barrels/Day
2018,December,Oil Products Demand,1513433,Barrels/Day
2019,January,Crude Production,207907,Barrels/Day
2019,January,Crude Import,1071732,Barrels/Day
2019,January,Crude Export,33450,Barrels/Day
2019,January,Crude Throughput,1149931,Barrels/Day
2019,January,Oil Products Production,1574151,Barrels/Day
2019,January,Oil Products Import,193597,Barrels/Day
2019,January,Oil Products Supply,1767748,Barrels/Day
2019,January,Oil Products Consumption,1181053,Barrels/Day
2019,January,Mogas Consumption,196140,Barrels/Day
2019,January,Diesel Oil Consumption,430227,Barrels/Day
2019,January,Others Consumption,554686,Barrels/Day
2019,January,Oil Products Export,217307,Barrels/Day
2019,January,Oil Products Demand,1398360,Barrels/Day
2019,February,Crude Production,214800,Barrels/Day
2019,February,Crude Import,997949,Barrels/Day
2019,February,Crude Export,6429,Barrels/Day
2019,February,Crude Throughput,1139009,Barrels/Day
2019,February,Oil Products Production,1637652,Barrels/Day
2019,February,Oil Products Import,263087,Barrels/Day
2019,February,Oil Products Supply,1900740,Barrels/Day
2019,February,Oil Products Consumption,1213936,Barrels/Day
2019,February,Mogas Consumption,202337,Barrels/Day
2019,February,Diesel Oil Consumption,439949,Barrels/Day
2019,February,Others Consumption,571649,Barrels/Day
2019,February,Oil Products Export,275140,Barrels/Day
2019,February,Oil Products Demand,1489076,Barrels/Day
2019,March,Crude Production,241781,Barrels/Day
2019,March,Crude Import,925642,Barrels/Day
2019,March,Crude Export,33482,Barrels/Day
2019,March,Crude Throughput,1149453,Barrels/Day
2019,March,Oil Products Production,1632650,Barrels/Day
2019,March,Oil Products Import,217478,Barrels/Day
2019,March,Oil Products Supply,1850128,Barrels/Day
2019,March,Oil Products Consumption,1207338,Barrels/Day
2019,March,Mogas Consumption,203082,Barrels/Day
2019,March,Diesel Oil Consumption,444129,Barrels/Day
2019,March,Others Consumption,560126,Barrels/Day
2019,March,Oil Products Export,227135,Barrels/Day
2019,March,Oil Products Demand,1434473,Barrels/Day
2019,April,Crude Production,242439,Barrels/Day
2019,April,Crude Import,944771,Barrels/Day
2019,April,Crude Export,45911,Barrels/Day
2019,April,Crude Throughput,1167795,Barrels/Day
2019,April,Oil Products Production,1657657,Barrels/Day
2019,April,Oil Products Import,192907,Barrels/Day
2019,April,Oil Products Supply,1850565,Barrels/Day
2019,April,Oil Products Consumption,1169932,Barrels/Day
2019,April,Mogas Consumption,205247,Barrels/Day
2019,April,Diesel Oil Consumption,435178,Barrels/Day
2019,April,Others Consumption,529506,Barrels/Day
2019,April,Oil Products Export,227738,Barrels/Day
2019,April,Oil Products Demand,1397670,Barrels/Day
2019,May,Crude Production,234484,Barrels/Day
2019,May,Crude Import,884632,Barrels/Day
2019,May,Crude Export,17704,Barrels/Day
2019,May,Crude Throughput,1094061,Barrels/Day
2019,May,Oil Products Production,1581700,Barrels/Day
2019,May,Oil Products Import,217811,Barrels/Day
2019,May,Oil Products Supply,1799511,Barrels/Day
2019,May,Oil Products Consumption,1149569,Barrels/Day
2019,May,Mogas Consumption,198437,Barrels/Day
2019,May,Diesel Oil Consumption,434310,Barrels/Day
2019,May,Others Consumption,516821,Barrels/Day
2019,May,Oil Products Export,216909,Barrels/Day
2019,May,Oil Products Demand,1366479,Barrels/Day
2019,June,Crude Production,227250,Barrels/Day
2019,June,Crude Import,791684,Barrels/Day
2019,June,Crude Export,27936,Barrels/Day
2019,June,Crude Throughput,985064,Barrels/Day
2019,June,Oil Products Production,1494084,Barrels/Day
2019,June,Oil Products Import,210294,Barrels/Day
2019,June,Oil Products Supply,1704379,Barrels/Day
2019,June,Oil Products Consumption,1131671,Barrels/Day
2019,June,Mogas Consumption,206597,Barrels/Day
2019,June,Diesel Oil Consumption,419724,Barrels/Day
2019,June,Others Consumption,505349,Barrels/Day
2019,June,Oil Products Export,223095,Barrels/Day
2019,June,Oil Products Demand,1354766,Barrels/Day
2019,July,Crude Production,237360,Barrels/Day
2019,July,Crude Import,901811,Barrels/Day
2019,July,Crude Export,8111,Barrels/Day
2019,July,Crude Throughput,1021747,Barrels/Day
2019,July,Oil Products Production,1569841,Barrels/Day
2019,July,Oil Products Import,243414,Barrels/Day
2019,July,Oil Products Supply,1813255,Barrels/Day
2019,July,Oil Products Consumption,1136187,Barrels/Day
2019,July,Mogas Consumption,202346,Barrels/Day
2019,July,Diesel Oil Consumption,414715,Barrels/Day
2019,July,Others Consumption,519125,Barrels/Day
2019,July,Oil Products Export,225177,Barrels/Day
2019,July,Oil Products Demand,1361364,Barrels/Day
2019,August,Crude Production,221454,Barrels/Day
2019,August,Crude Import,826659,Barrels/Day
2019,August,Crude Export,32026,Barrels/Day
2019,August,Crude Throughput,1070156,Barrels/Day
2019,August,Oil Products Production,1586915,Barrels/Day
2019,August,Oil Products Import,198992,Barrels/Day
2019,August,Oil Products Supply,1785908,Barrels/Day
2019,August,Oil Products Consumption,1131513,Barrels/Day
2019,August,Mogas Consumption,202522,Barrels/Day
2019,August,Diesel Oil Consumption,400639,Barrels/Day
2019,August,Others Consumption,528351,Barrels/Day
2019,August,Oil Products Export,208493,Barrels/Day
2019,August,Oil Products Demand,1340006,Barrels/Day
2019,September,Crude Production,221758,Barrels/Day
2019,September,Crude Import,768250,Barrels/Day
2019,September,Crude Export,25778,Barrels/Day
2019,September,Crude Throughput,986092,Barrels/Day
2019,September,Oil Products Production,1565252,Barrels/Day
2019,September,Oil Products Import,196657,Barrels/Day
2019,September,Oil Products Supply,1761909,Barrels/Day
2019,September,Oil Products Consumption,1100780,Barrels/Day
2019,September,Mogas Consumption,194594,Barrels/Day
2019,September,Diesel Oil Consumption,391697,Barrels/Day
2019,September,Others Consumption,514488,Barrels/Day
2019,September,Oil Products Export,230829,Barrels/Day
2019,September,Oil Products Demand,1331610,Barrels/Day
2019,October,Crude Production,234456,Barrels/Day
2019,October,Crude Import,598014,Barrels/Day
2019,October,Crude Export,23870,Barrels/Day
2019,October,Crude Throughput,765405,Barrels/Day
2019,October,Oil Products Production,1366356,Barrels/Day
2019,October,Oil Products Import,342299,Barrels/Day
2019,October,Oil Products Supply,1708655,Barrels/Day
2019,October,Oil Products Consumption,1123923,Barrels/Day
2019,October,Mogas Consumption,205636,Barrels/Day
2019,October,Diesel Oil Consumption,410892,Barrels/Day
2019,October,Others Consumption,507393,Barrels/Day
2019,October,Oil Products Export,206107,Barrels/Day
2019,October,Oil Products Demand,1330031,Barrels/Day
2019,November,Crude Production,237061,Barrels/Day
2019,November,Crude Import,735788,Barrels/Day
2019,November,Crude Export,35000,Barrels/Day
2019,November,Crude Throughput,789878,Barrels/Day
2019,November,Oil Products Production,1418381,Barrels/Day
2019,November,Oil Products Import,285832,Barrels/Day
2019,November,Oil Products Supply,1704214,Barrels/Day
2019,November,Oil Products Consumption,1168282,Barrels/Day
2019,November,Mogas Consumption,203838,Barrels/Day
2019,November,Diesel Oil Consumption,435977,Barrels/Day
2019,November,Others Consumption,528465,Barrels/Day
2019,November,Oil Products Export,192264,Barrels/Day
2019,November,Oil Products Demand,1360546,Barrels/Day
2019,December,Crude Production,217101,Barrels/Day
2019,December,Crude Import,835538,Barrels/Day
2019,December,Crude Export,42359,Barrels/Day
2019,December,Crude Throughput,989214,Barrels/Day
2019,December,Oil Products Production,1607278,Barrels/Day
2019,December,Oil Products Import,244121,Barrels/Day
2019,December,Oil Products Supply,1851399,Barrels/Day
2019,December,Oil Products Consumption,1278592,Barrels/Day
2019,December,Mogas Consumption,209032,Barrels/Day
2019,December,Diesel Oil Consumption,433615,Barrels/Day
2019,December,Others Consumption,635945,Barrels/Day
2019,December,Oil Products Export,242739,Barrels/Day
2019,December,Oil Products Demand,1521332,Barrels/Day
2020,January,Crude Production,220979,Barrels/Day
2020,January,Crude Import,979689,Barrels/Day
2020,January,Crude Export,25177,Barrels/Day
2020,January,Crude Throughput,1059147,Barrels/Day
2020,January,Oil Products Production,1539682,Barrels/Day
2020,January,Oil Products Import,287356,Barrels/Day
2020,January,Oil Products Supply,1827039,Barrels/Day
2020,January,Oil Products Consumption,1123522,Barrels/Day
2020,January,Mogas Consumption,199734,Barrels/Day
2020,January,Diesel Oil Consumption,423679,Barrels/Day
2020,January,Others Consumption,500108,Barrels/Day
2020,January,Oil Products Export,221523,Barrels/Day
2020,January,Oil Products Demand,1345045,Barrels/Day
2020,February,Crude Production,222810,Barrels/Day
2020,February,Crude Import,883142,Barrels/Day
2020,February,Crude Export,36011,Barrels/Day
2020,February,Crude Throughput,1086476,Barrels/Day
2020,February,Oil Products Production,1592254,Barrels/Day
2020,February,Oil Products Import,144645,Barrels/Day
2020,February,Oil Products Supply,1736900,Barrels/Day
2020,February,Oil Products Consumption,1096222,Barrels/Day
2020,February,Mogas Consumption,199897,Barrels/Day
2020,February,Diesel Oil Consumption,428882,Barrels/Day
2020,February,Others Consumption,467442,Barrels/Day
2020,February,Oil Products Export,237385,Barrels/Day
2020,February,Oil Products Demand,1333607,Barrels/Day
2020,March,Crude Production,224103,Barrels/Day
2020,March,Crude Import,940395,Barrels/Day
2020,March,Crude Export,18246,Barrels/Day
2020,March,Crude Throughput,1059663,Barrels/Day
2020,March,Oil Products Production,1528545,Barrels/Day
2020,March,Oil Products Import,311355,Barrels/Day
2020,March,Oil Products Supply,1839900,Barrels/Day
2020,March,Oil Products Consumption,1073665,Barrels/Day
2020,March,Mogas Consumption,188185,Barrels/Day
2020,March,Diesel Oil Consumption,424124,Barrels/Day
2020,March,Others Consumption,461355,Barrels/Day
2020,March,Oil Products Export,258181,Barrels/Day
2020,March,Oil Products Demand,1331847,Barrels/Day
2020,April,Crude Production,205849,Barrels/Day
2020,April,Crude Import,883790,Barrels/Day
2020,April,Crude Export,40061,Barrels/Day
2020,April,Crude Throughput,965891,Barrels/Day
2020,April,Oil Products Production,1387082,Barrels/Day
2020,April,Oil Products Import,227468,Barrels/Day
2020,April,Oil Products Supply,1614551,Barrels/Day
2020,April,Oil Products Consumption,931344,Barrels/Day
2020,April,Mogas Consumption,153635,Barrels/Day
2020,April,Diesel Oil Consumption,388561,Barrels/Day
2020,April,Others Consumption,389147,Barrels/Day
2020,April,Oil Products Export,268913,Barrels/Day
2020,April,Oil Products Demand,1200258,Barrels/Day
2020,May,Crude Production,196490,Barrels/Day
2020,May,Crude Import,606710,Barrels/Day
2020,May,Crude Export,33510,Barrels/Day
2020,May,Crude Throughput,941075,Barrels/Day
2020,May,Oil Products Production,1381854,Barrels/Day
2020,May,Oil Products Import,271354,Barrels/Day
2020,May,Oil Products Supply,1653208,Barrels/Day
2020,May,Oil Products Consumption,992141,Barrels/Day
2020,May,Mogas Consumption,177980,Barrels/Day
2020,May,Diesel Oil Consumption,409252,Barrels/Day
2020,May,Others Consumption,404908,Barrels/Day
2020,May,Oil Products Export,318565,Barrels/Day
2020,May,Oil Products Demand,1310707,Barrels/Day
2020,June,Crude Production,187615,Barrels/Day
2020,June,Crude Import,967981,Barrels/Day
2020,June,Crude Export,25844,Barrels/Day
2020,June,Crude Throughput,1033762,Barrels/Day
2020,June,Oil Products Production,1457358,Barrels/Day
2020,June,Oil Products Import,255548,Barrels/Day
2020,June,Oil Products Supply,1712906,Barrels/Day
2020,June,Oil Products Consumption,1035648,Barrels/Day
2020,June,Mogas Consumption,200040,Barrels/Day
2020,June,Diesel Oil Consumption,402219,Barrels/Day
2020,June,Others Consumption,433388,Barrels/Day
2020,June,Oil Products Export,226183,Barrels/Day
2020,June,Oil Products Demand,1261831,Barrels/Day
2020,July,Crude Production,193979,Barrels/Day
2020,July,Crude Import,841148,Barrels/Day
2020,July,Crude Export,27107,Barrels/Day
2020,July,Crude Throughput,996115,Barrels/Day
2020,July,Oil Products Production,1467604,Barrels/Day
2020,July,Oil Products Import,272095,Barrels/Day
2020,July,Oil Products Supply,1739700,Barrels/Day
2020,July,Oil Products Consumption,1056883,Barrels/Day
2020,July,Mogas Consumption,217959,Barrels/Day
2020,July,Diesel Oil Consumption,406441,Barrels/Day
2020,July,Others Consumption,432482,Barrels/Day
2020,July,Oil Products Export,204105,Barrels/Day
2020,July,Oil Products Demand,1260988,Barrels/Day
2020,August,Crude Production,199198,Barrels/Day
2020,August,Crude Import,755723,Barrels/Day
2020,August,Crude Export,16417,Barrels/Day
2020,August,Crude Throughput,986214,Barrels/Day
2020,August,Oil Products Production,1443822,Barrels/Day
2020,August,Oil Products Import,251066,Barrels/Day
2020,August,Oil Products Supply,1694888,Barrels/Day
2020,August,Oil Products Consumption,1046194,Barrels/Day
2020,August,Mogas Consumption,209586,Barrels/Day
2020,August,Diesel Oil Consumption,396975,Barrels/Day
2020,August,Others Consumption,439631,Barrels/Day
2020,August,Oil Products Export,221850,Barrels/Day
2020,August,Oil Products Demand,1268045,Barrels/Day
2020,September,Crude Production,205253,Barrels/Day
2020,September,Crude Import,748434,Barrels/Day
2020,September,Crude Export,29998,Barrels/Day
2020,September,Crude Throughput,920617,Barrels/Day
2020,September,Oil Products Production,1416278,Barrels/Day
2020,September,Oil Products Import,380197,Barrels/Day
2020,September,Oil Products Supply,1796476,Barrels/Day
2020,September,Oil Products Consumption,1123909,Barrels/Day
2020,September,Mogas Consumption,216272,Barrels/Day
2020,September,Diesel Oil Consumption,405333,Barrels/Day
2020,September,Others Consumption,502303,Barrels/Day
2020,September,Oil Products Export,190616,Barrels/Day
2020,September,Oil Products Demand,1314525,Barrels/Day
2020,October,Crude Production,196404,Barrels/Day
2020,October,Crude Import,800816,Barrels/Day
2020,October,Crude Export,17516,Barrels/Day
2020,October,Crude Throughput,959831,Barrels/Day
2020,October,Oil Products Production,1432082,Barrels/Day
2020,October,Oil Products Import,252448,Barrels/Day
2020,October,Oil Products Supply,1684530,Barrels/Day
2020,October,Oil Products Consumption,1030649,Barrels/Day
2020,October,Mogas Consumption,205391,Barrels/Day
2020,October,Diesel Oil Consumption,382978,Barrels/Day
2020,October,Others Consumption,442279,Barrels/Day
2020,October,Oil Products Export,182673,Barrels/Day
2020,October,Oil Products Demand,1213323,Barrels/Day
2020,November,Crude Production,190763,Barrels/Day
2020,November,Crude Import,869499,Barrels/Day
2020,November,Crude Export,16902,Barrels/Day
2020,November,Crude Throughput,1006338,Barrels/Day
2020,November,Oil Products Production,1481524,Barrels/Day
2020,November,Oil Products Import,134105,Barrels/Day
2020,November,Oil Products Supply,1615630,Barrels/Day
2020,November,Oil Products Consumption,1023486,Barrels/Day
2020,November,Mogas Consumption,211978,Barrels/Day
2020,November,Diesel Oil Consumption,436931,Barrels/Day
2020,November,Others Consumption,374577,Barrels/Day
2020,November,Oil Products Export,209141,Barrels/Day
2020,November,Oil Products Demand,1232628,Barrels/Day
2020,December,Crude Production,179685,Barrels/Day
2020,December,Crude Import,769458,Barrels/Day
2020,December,Crude Export,9228,Barrels/Day
2020,December,Crude Throughput,1045272,Barrels/Day
2020,December,Oil Products Production,1509572,Barrels/Day
2020,December,Oil Products Import,148714,Barrels/Day
2020,December,Oil Products Supply,1658287,Barrels/Day
2020,December,Oil Products Consumption,1075947,Barrels/Day
2020,December,Mogas Consumption,212726,Barrels/Day
2020,December,Diesel Oil Consumption,435998,Barrels/Day
2020,December,Others Consumption,427221,Barrels/Day
2020,December,Oil Products Export,244423,Barrels/Day
2020,December,Oil Products Demand,1320370,Barrels/Day
2021,January,Crude Production,187004,Barrels/Day
2021,January,Crude Import,903152,Barrels/Day
2021,January,Crude Export,19244,Barrels/Day
2021,January,Crude Throughput,1018481,Barrels/Day
2021,January,Oil Products Production,1455313,Barrels/Day
2021,January,Oil Products Import,284694,Barrels/Day
2021,January,Oil Products Supply,1740007,Barrels/Day
2021,January,Oil Products Consumption,995438,Barrels/Day
2021,January,Mogas Consumption,171782,Barrels/Day
2021,January,Diesel Oil Consumption,384037,Barrels/Day
2021,January,Others Consumption,439618,Barrels/Day
2021,January,Oil Products Export,213891,Barrels/Day
2021,January,Oil Products Demand,1209330,Barrels/Day
2021,February,Crude Production,189407,Barrels/Day
2021,February,Crude Import,877233,Barrels/Day
2021,February,Crude Export,20495,Barrels/Day
2021,February,Crude Throughput,924129,Barrels/Day
2021,February,Oil Products Production,1425640,Barrels/Day
2021,February,Oil Products Import,352358,Barrels/Day
2021,February,Oil Products Supply,1777999,Barrels/Day
2021,February,Oil Products Consumption,1115883,Barrels/Day
2021,February,Mogas Consumption,202455,Barrels/Day
2021,February,Diesel Oil Consumption,439193,Barrels/Day
2021,February,Others Consumption,474234,Barrels/Day
2021,February,Oil Products Export,229894,Barrels/Day
2021,February,Oil Products Demand,1345777,Barrels/Day
2021,March,Crude Production,189171,Barrels/Day
2021,March,Crude Import,857742,Barrels/Day
2021,March,Crude Export,19329,Barrels/Day
2021,March,Crude Throughput,917443,Barrels/Day
2021,March,Oil Products Production,1431741,Barrels/Day
2021,March,Oil Products Import,377974,Barrels/Day
2021,March,Oil Products Supply,1809715,Barrels/Day
2021,March,Oil Products Consumption,1170049,Barrels/Day
2021,March,Mogas Consumption,212967,Barrels/Day
2021,March,Diesel Oil Consumption,447304,Barrels/Day
2021,March,Others Consumption,509778,Barrels/Day
2021,March,Oil Products Export,194971,Barrels/Day
2021,March,Oil Products Demand,1365021,Barrels/Day
2021,April,Crude Production,184854,Barrels/Day
2021,April,Crude Import,851798,Barrels/Day
2021,April,Crude Export,9996,Barrels/Day
2021,April,Crude Throughput,1022203,Barrels/Day
2021,April,Oil Products Production,1462823,Barrels/Day
2021,April,Oil Products Import,268668,Barrels/Day
2021,April,Oil Products Supply,1731491,Barrels/Day
2021,April,Oil Products Consumption,1077820,Barrels/Day
2021,April,Mogas Consumption,188086,Barrels/Day
2021,April,Diesel Oil Consumption,413004,Barrels/Day
2021,April,Others Consumption,476729,Barrels/Day
2021,April,Oil Products Export,209825,Barrels/Day
2021,April,Oil Products Demand,1287645,Barrels/Day
2021,May,Crude Production,192999,Barrels/Day
2021,May,Crude Import,900251,Barrels/Day
2021,May,Crude Export,19327,Barrels/Day
2021,May,Crude Throughput,982353,Barrels/Day
2021,May,Oil Products Production,1437732,Barrels/Day
2021,May,Oil Products Import,371368,Barrels/Day
2021,May,Oil Products Supply,1809101,Barrels/Day
2021,May,Oil Products Consumption,1040958,Barrels/Day
2021,May,Mogas Consumption,163871,Barrels/Day
2021,May,Diesel Oil Consumption,383010,Barrels/Day
2021,May,Others Consumption,494076,Barrels/Day
2021,May,Oil Products Export,252132,Barrels/Day
2021,May,Oil Products Demand,1293090,Barrels/Day
2021,June,Crude Production,194122,Barrels/Day
2021,June,Crude Import,889959,Barrels/Day
2021,June,Crude Export,19652,Barrels/Day
2021,June,Crude Throughput,963266,Barrels/Day
2021,June,Oil Products Production,1459489,Barrels/Day
2021,June,Oil Products Import,277816,Barrels/Day
2021,June,Oil Products Supply,1737305,Barrels/Day
2021,June,Oil Products Consumption,1065267,Barrels/Day
2021,June,Mogas Consumption,183934,Barrels/Day
2021,June,Diesel Oil Consumption,384892,Barrels/Day
2021,June,Others Consumption,496440,Barrels/Day
2021,June,Oil Products Export,233640,Barrels/Day
2021,June,Oil Products Demand,1298908,Barrels/Day
2021,July,Crude Production,168986,Barrels/Day
2021,July,Crude Import,757489,Barrels/Day
2021,July,Crude Export,9669,Barrels/Day
2021,July,Crude Throughput,937538,Barrels/Day
2021,July,Oil Products Production,1369359,Barrels/Day
2021,July,Oil Products Import,299254,Barrels/Day
2021,July,Oil Products Supply,1668614,Barrels/Day
2021,July,Oil Products Consumption,984714,Barrels/Day
2021,July,Mogas Consumption,160723,Barrels/Day
2021,July,Diesel Oil Consumption,337437,Barrels/Day
2021,July,Others Consumption,486553,Barrels/Day
2021,July,Oil Products Export,227861,Barrels/Day
2021,July,Oil Products Demand,1212576,Barrels/Day
2021,August,Crude Production,173917,Barrels/Day
2021,August,Crude Import,908458,Barrels/Day
2021,August,Crude Export,18718,Barrels/Day
2021,August,Crude Throughput,950401,Barrels/Day
2021,August,Oil Products Production,1385773,Barrels/Day
2021,August,Oil Products Import,303853,Barrels/Day
2021,August,Oil Products Supply,1689627,Barrels/Day
2021,August,Oil Products Consumption,949028,Barrels/Day
2021,August,Mogas Consumption,154202,Barrels/Day
2021,August,Diesel Oil Consumption,335084,Barrels/Day
2021,August,Others Consumption,459742,Barrels/Day
2021,August,Oil Products Export,313837,Barrels/Day
2021,August,Oil Products Demand,1262866,Barrels/Day
2021,September,Crude Production,170343,Barrels/Day
2021,September,Crude Import,740729,Barrels/Day
2021,September,Crude Export,18949,Barrels/Day
2021,September,Crude Throughput,858440,Barrels/Day
2021,September,Oil Products Production,1274419,Barrels/Day
2021,September,Oil Products Import,292036,Barrels/Day
2021,September,Oil Products Supply,1566456,Barrels/Day
2021,September,Oil Products Consumption,975825,Barrels/Day
2021,September,Mogas Consumption,171367,Barrels/Day
2021,September,Diesel Oil Consumption,340916,Barrels/Day
2021,September,Others Consumption,463542,Barrels/Day
2021,September,Oil Products Export,256753,Barrels/Day
2021,September,Oil Products Demand,1232579,Barrels/Day
2021,October,Crude Production,161878,Barrels/Day
2021,October,Crude Import,822825,Barrels/Day
2021,October,Crude Export,9652,Barrels/Day
2021,October,Crude Throughput,1004044,Barrels/Day
2021,October,Oil Products Production,1413024,Barrels/Day
2021,October,Oil Products Import,320778,Barrels/Day
2021,October,Oil Products Supply,1733802,Barrels/Day
2021,October,Oil Products Consumption,1015859,Barrels/Day
2021,October,Mogas Consumption,179662,Barrels/Day
2021,October,Diesel Oil Consumption,369578,Barrels/Day
2021,October,Others Consumption,466619,Barrels/Day
2021,October,Oil Products Export,285522,Barrels/Day
2021,October,Oil Products Demand,1301382,Barrels/Day
2021,November,Crude Production,160836,Barrels/Day
2021,November,Crude Import,782387,Barrels/Day
2021,November,Crude Export,9982,Barrels/Day
2021,November,Crude Throughput,1067951,Barrels/Day
2021,November,Oil Products Production,1547331,Barrels/Day
2021,November,Oil Products Import,233232,Barrels/Day
2021,November,Oil Products Supply,1780564,Barrels/Day
2021,November,Oil Products Consumption,1116458,Barrels/Day
2021,November,Mogas Consumption,191996,Barrels/Day
2021,November,Diesel Oil Consumption,452087,Barrels/Day
2021,November,Others Consumption,472374,Barrels/Day
2021,November,Oil Products Export,306332,Barrels/Day
2021,November,Oil Products Demand,1422790,Barrels/Day
2021,December,Crude Production,153737,Barrels/Day
2021,December,Crude Import,1061664,Barrels/Day
2021,December,Crude Export,19288,Barrels/Day
2021,December,Crude Throughput,1063042,Barrels/Day
2021,December,Oil Products Production,1557257,Barrels/Day
2021,December,Oil Products Import,386482,Barrels/Day
2021,December,Oil Products Supply,1943739,Barrels/Day
2021,December,Oil Products Consumption,1184258,Barrels/Day
2021,December,Mogas Consumption,212052,Barrels/Day
2021,December,Diesel Oil Consumption,484621,Barrels/Day
2021,December,Others Consumption,487584,Barrels/Day
2021,December,Oil Products Export,242174,Barrels/Day
2021,December,Oil Products Demand,1426432,Barrels/Day
2022,January,Crude Production,151326,Barrels/Day
2022,January,Crude Import,926555,Barrels/Day
2022,January,Crude Export,9656,Barrels/Day
2022,January,Crude Throughput,1042368,Barrels/Day
2022,January,Oil Products Production,1502552,Barrels/Day
2022,January,Oil Products Import,302229,Barrels/Day
2022,January,Oil Products Supply,1804782,Barrels/Day
2022,January,Oil Products Consumption,1190301,Barrels/Day
2022,January,Mogas Consumption,192082,Barrels/Day
2022,January,Diesel Oil Consumption,477367,Barrels/Day
2022,January,Others Consumption,520851,Barrels/Day
2022,January,Oil Products Export,183847,Barrels/Day
2022,January,Oil Products Demand,1374148,Barrels/Day
2022,February,Crude Production,149473,Barrels/Day
2022,February,Crude Import,976448,Barrels/Day
2022,February,Crude Export,21398,Barrels/Day
2022,February,Crude Throughput,1046037,Barrels/Day
2022,February,Oil Products Production,1457137,Barrels/Day
2022,February,Oil Products Import,328464,Barrels/Day
2022,February,Oil Products Supply,1785601,Barrels/Day
2022,February,Oil Products Consumption,1185571,Barrels/Day
2022,February,Mogas Consumption,186532,Barrels/Day
2022,February,Diesel Oil Consumption,492174,Barrels/Day
2022,February,Others Consumption,506864,Barrels/Day
2022,February,Oil Products Export,183274,Barrels/Day
2022,February,Oil Products Demand,1368845,Barrels/Day
2022,March,Crude Production,148467,Barrels/Day
2022,March,Crude Import,1014077,Barrels/Day
2022,March,Crude Export,18447,Barrels/Day
2022,March,Crude Throughput,1087544,Barrels/Day
2022,March,Oil Products Production,1528532,Barrels/Day
2022,March,Oil Products Import,336929,Barrels/Day
2022,March,Oil Products Supply,1865462,Barrels/Day
2022,March,Oil Products Consumption,1168184,Barrels/Day
2022,March,Mogas Consumption,174913,Barrels/Day
2022,March,Diesel Oil Consumption,470815,Barrels/Day
2022,March,Others Consumption,522455,Barrels/Day
2022,March,Oil Products Export,198556,Barrels/Day
2022,March,Oil Products Demand,1366741,Barrels/Day
2022,April,Crude Production,145053,Barrels/Day
2022,April,Crude Import,889941,Barrels/Day
2022,April,Crude Export,0,Barrels/Day
2022,April,Crude Throughput,1078430,Barrels/Day
2022,April,Oil Products Production,1535601,Barrels/Day
2022,April,Oil Products Import,333626,Barrels/Day
2022,April,Oil Products Supply,1869227,Barrels/Day
2022,April,Oil Products Consumption,1177663,Barrels/Day
2022,April,Mogas Consumption,191422,Barrels/Day
2022,April,Diesel Oil Consumption,505783,Barrels/Day
2022,April,Others Consumption,480457,Barrels/Day
2022,April,Oil Products Export,190553,Barrels/Day
2022,April,Oil Products Demand,1368216,Barrels/Day
2022,May,Crude Production,139125,Barrels/Day
2022,May,Crude Import,880597,Barrels/Day
2022,May,Crude Export,19328,Barrels/Day
2022,May,Crude Throughput,1068499,Barrels/Day
2022,May,Oil Products Production,1495267,Barrels/Day
2022,May,Oil Products Import,214609,Barrels/Day
2022,May,Oil Products Supply,1709876,Barrels/Day
2022,May,Oil Products Consumption,1126228,Barrels/Day
2022,May,Mogas Consumption,189630,Barrels/Day
2022,May,Diesel Oil Consumption,441056,Barrels/Day
2022,May,Others Consumption,495540,Barrels/Day
2022,May,Oil Products Export,271531,Barrels/Day
2022,May,Oil Products Demand,1397760,Barrels/Day
2022,June,Crude Production,130346,Barrels/Day
2022,June,Crude Import,1083813,Barrels/Day
2022,June,Crude Export,17943,Barrels/Day
2022,June,Crude Throughput,1071374,Barrels/Day
2022,June,Oil Products Production,1482717,Barrels/Day
2022,June,Oil Products Import,316991,Barrels/Day
2022,June,Oil Products Supply,1799708,Barrels/Day
2022,June,Oil Products Consumption,1125238,Barrels/Day
2022,June,Mogas Consumption,186420,Barrels/Day
2022,June,Diesel Oil Consumption,450365,Barrels/Day
2022,June,Others Consumption,488452,Barrels/Day
2022,June,Oil Products Export,239347,Barrels/Day
2022,June,Oil Products Demand,1364585,Barrels/Day
2022,July,Crude Production,137383,Barrels/Day
2022,July,Crude Import,973222,Barrels/Day
2022,July,Crude Export,8899,Barrels/Day
2022,July,Crude Throughput,1046859,Barrels/Day
2022,July,Oil Products Production,1456358,Barrels/Day
2022,July,Oil Products Import,308552,Barrels/Day
2022,July,Oil Products Supply,1764910,Barrels/Day
2022,July,Oil Products Consumption,1097627,Barrels/Day
2022,July,Mogas Consumption,191121,Barrels/Day
2022,July,Diesel Oil Consumption,400984,Barrels/Day
2022,July,Others Consumption,505521,Barrels/Day
2022,July,Oil Products Export,210988,Barrels/Day
2022,July,Oil Products Demand,1308616,Barrels/Day
2022,August,Crude Production,141102,Barrels/Day
2022,August,Crude Import,928606,Barrels/Day
2022,August,Crude Export,18939,Barrels/Day
2022,August,Crude Throughput,1033054,Barrels/Day
2022,August,Oil Products Production,1491105,Barrels/Day
2022,August,Oil Products Import,363511,Barrels/Day
2022,August,Oil Products Supply,1854616,Barrels/Day
2022,August,Oil Products Consumption,1124908,Barrels/Day
2022,August,Mogas Consumption,187263,Barrels/Day
2022,August,Diesel Oil Consumption,433455,Barrels/Day
2022,August,Others Consumption,504189,Barrels/Day
2022,August,Oil Products Export,198593,Barrels/Day
2022,August,Oil Products Demand,1323502,Barrels/Day
2022,September,Crude Production,140732,Barrels/Day
2022,September,Crude Import,1012452,Barrels/Day
2022,September,Crude Export,9997,Barrels/Day
2022,September,Crude Throughput,1065557,Barrels/Day
2022,September,Oil Products Production,1499432,Barrels/Day
2022,September,Oil Products Import,258906,Barrels/Day
2022,September,Oil Products Supply,1758339,Barrels/Day
2022,September,Oil Products Consumption,1085757,Barrels/Day
2022,September,Mogas Consumption,194113,Barrels/Day
2022,September,Diesel Oil Consumption,432404,Barrels/Day
2022,September,Others Consumption,459239,Barrels/Day
2022,September,Oil Products Export,177787,Barrels/Day
2022,September,Oil Products Demand,1263544,Barrels/Day
2022,October,Crude Production,149096,Barrels/Day
2022,October,Crude Import,777363,Barrels/Day
2022,October,Crude Export,8607,Barrels/Day
2022,October,Crude Throughput,859923,Barrels/Day
2022,October,Oil Products Production,1276188,Barrels/Day
2022,October,Oil Products Import,206751,Barrels/Day
2022,October,Oil Products Supply,1482939,Barrels/Day
2022,October,Oil Products Consumption,1063999,Barrels/Day
2022,October,Mogas Consumption,182995,Barrels/Day
2022,October,Diesel Oil Consumption,442616,Barrels/Day
2022,October,Others Consumption,438387,Barrels/Day
2022,October,Oil Products Export,170525,Barrels/Day
2022,October,Oil Products Demand,1234525,Barrels/Day
2022,November,Crude Production,147740,Barrels/Day
2022,November,Crude Import,672391,Barrels/Day
2022,November,Crude Export,19822,Barrels/Day
2022,November,Crude Throughput,809782,Barrels/Day
2022,November,Oil Products Production,1219587,Barrels/Day
2022,November,Oil Products Import,210476,Barrels/Day
2022,November,Oil Products Supply,1430064,Barrels/Day
2022,November,Oil Products Consumption,1123265,Barrels/Day
2022,November,Mogas Consumption,193833,Barrels/Day
2022,November,Diesel Oil Consumption,482617,Barrels/Day
2022,November,Others Consumption,446814,Barrels/Day
2022,November,Oil Products Export,136965,Barrels/Day
2022,November,Oil Products Demand,1260231,Barrels/Day
2022,December,Crude Production,140118,Barrels/Day
2022,December,Crude Import,829974,Barrels/Day
2022,December,Crude Export,18703,Barrels/Day
2022,December,Crude Throughput,1041771,Barrels/Day
2022,December,Oil Products Production,1482326,Barrels/Day
2022,December,Oil Products Import,221569,Barrels/Day
2022,December,Oil Products Supply,1703895,Barrels/Day
2022,December,Oil Products Consumption,1141375,Barrels/Day
2022,December,Mogas Consumption,205642,Barrels/Day
2022,December,Diesel Oil Consumption,490283,Barrels/Day
2022,December,Others Consumption,445449,Barrels/Day
2022,December,Oil Products Export,206227,Barrels/Day
2022,December,Oil Products Demand,1347603,Barrels/Day
2023,January,Crude Production,146612,Barrels/Day
2023,January,Crude Import,972843,Barrels/Day
2023,January,Crude Throughput,1088438,Barrels/Day
2023,January,Oil Products Production,1508695,Barrels/Day
2023,January,Oil Products Import,226367,Barrels/Day
2023,January,Oil Products Supply,1735062,Barrels/Day
2023,January,Oil Products Consumption,1163145,Barrels/Day
2023,January,Mogas Consumption,194966,Barrels/Day
2023,January,Diesel Oil Consumption,492407,Barrels/Day
2023,January,Others Consumption,475772,Barrels/Day
2023,January,Oil Products Export,170456,Barrels/Day
2023,January,Oil Products Demand,1333601,Barrels/Day
2023,February,Crude Production,148175,Barrels/Day
2023,February,Crude Import,1092041,Barrels/Day
2023,February,Crude Export,30089,Barrels/Day
2023,February,Crude Throughput,1087122,Barrels/Day
2023,February,Oil Products Production,1545512,Barrels/Day
2023,February,Oil Products Import,288551,Barrels/Day
2023,February,Oil Products Supply,1834064,Barrels/Day
2023,February,Oil Products Consumption,1214471,Barrels/Day
2023,February,Mogas Consumption,198249,Barrels/Day
2023,February,Diesel Oil Consumption,481092,Barrels/Day
2023,February,Others Consumption,535129,Barrels/Day
2023,February,Oil Products Export,195132,Barrels/Day
2023,February,Oil Products Demand,1409603,Barrels/Day
2023,March,Crude Production,134207,Barrels/Day
2023,March,Crude Import,993067,Barrels/Day
2023,March,Crude Export,9661,Barrels/Day
2023,March,Crude Throughput,1084774,Barrels/Day
2023,March,Oil Products Production,1558884,Barrels/Day
2023,March,Oil Products Import,240557,Barrels/Day
2023,March,Oil Products Supply,1799442,Barrels/Day
2023,March,Oil Products Consumption,1182063,Barrels/Day
2023,March,Mogas Consumption,199007,Barrels/Day
2023,March,Diesel Oil Consumption,468526,Barrels/Day
2023,March,Others Consumption,514529,Barrels/Day
2023,March,Oil Products Export,239327,Barrels/Day
2023,March,Oil Products Demand,1421391,Barrels/Day
2023,April,Crude Production,133516,Barrels/Day
2023,April,Crude Import,1038079,Barrels/Day
2023,April,Crude Export,17986,Barrels/Day
2023,April,Crude Throughput,1082274,Barrels/Day
2023,April,Oil Products Production,1538760,Barrels/Day
2023,April,Oil Products Import,208387,Barrels/Day
2023,April,Oil Products Supply,1747147,Barrels/Day
2023,April,Oil Products Consumption,1139247,Barrels/Day
2023,April,Mogas Consumption,198569,Barrels/Day
2023,April,Diesel Oil Consumption,436090,Barrels/Day
2023,April,Others Consumption,504587,Barrels/Day
2023,April,Oil Products Export,220512,Barrels/Day
2023,April,Oil Products Demand,1359759,Barrels/Day
2023,May,Crude Production,136870,Barrels/Day
2023,May,Crude Import,928634,Barrels/Day
2023,May,Crude Export,9681,Barrels/Day
2023,May,Crude Throughput,1023048,Barrels/Day
2023,May,Oil Products Production,1492403,Barrels/Day
2023,May,Oil Products Import,193358,Barrels/Day
2023,May,Oil Products Supply,1685762,Barrels/Day
2023,May,Oil Products Consumption,1136022,Barrels/Day
2023,May,Mogas Consumption,198986,Barrels/Day
2023,May,Diesel Oil Consumption,435762,Barrels/Day
2023,May,Others Consumption,501272,Barrels/Day
2023,May,Oil Products Export,223711,Barrels/Day
2023,May,Oil Products Demand,1359734,Barrels/Day
2023,June,Crude Production,128029,Barrels/Day
2023,June,Crude Import,933561,Barrels/Day
2023,June,Crude Export,9857,Barrels/Day
2023,June,Crude Throughput,1053212,Barrels/Day
2023,June,Oil Products Production,1514538,Barrels/Day
2023,June,Oil Products Import,204937,Barrels/Day
2023,June,Oil Products Supply,1719475,Barrels/Day
2023,June,Oil Products Consumption,1130077,Barrels/Day
2023,June,Mogas Consumption,200879,Barrels/Day
2023,June,Diesel Oil Consumption,416139,Barrels/Day
2023,June,Others Consumption,513058,Barrels/Day
2023,June,Oil Products Export,225223,Barrels/Day
2023,June,Oil Products Demand,1355300,Barrels/Day
2023,July,Crude Production,136645,Barrels/Day
2023,July,Crude Import,985562,Barrels/Day
2023,July,Crude Export,14573,Barrels/Day
2023,July,Crude Throughput,1050532,Barrels/Day
2023,July,Oil Products Production,1493278,Barrels/Day
2023,July,Oil Products Import,151330,Barrels/Day
2023,July,Oil Products Supply,1644608,Barrels/Day
2023,July,Oil Products Consumption,1117746,Barrels/Day
2023,July,Mogas Consumption,201206,Barrels/Day
2023,July,Diesel Oil Consumption,399940,Barrels/Day
2023,July,Others Consumption,516598,Barrels/Day
2023,July,Oil Products Export,251426,Barrels/Day
2023,July,Oil Products Demand,1369172,Barrels/Day
2023,August,Crude Production,134016,Barrels/Day
2023,August,Crude Import,816284,Barrels/Day
2023,August,Crude Export,18660,Barrels/Day
2023,August,Crude Throughput,1036656,Barrels/Day
2023,August,Oil Products Production,1492461,Barrels/Day
2023,August,Oil Products Import,162229,Barrels/Day
2023,August,Oil Products Supply,1654691,Barrels/Day
2023,August,Oil Products Consumption,1092260,Barrels/Day
2023,August,Mogas Consumption,194778,Barrels/Day
2023,August,Diesel Oil Consumption,396444,Barrels/Day
2023,August,Others Consumption,501036,Barrels/Day
2023,August,Oil Products Export,255639,Barrels/Day
2023,August,Oil Products Demand,1347900,Barrels/Day
2023,September,Crude Production,125784,Barrels/Day
2023,September,Crude Import,958548,Barrels/Day
2023,September,Crude Export,9801,Barrels/Day
2023,September,Crude Throughput,956508,Barrels/Day
2023,September,Oil Products Production,1391542,Barrels/Day
2023,September,Oil Products Import,224544,Barrels/Day
2023,September,Oil Products Supply,1616087,Barrels/Day
2023,September,Oil Products Consumption,1100653,Barrels/Day
2023,September,Mogas Consumption,189369,Barrels/Day
2023,September,Diesel Oil Consumption,392329,Barrels/Day
2023,September,Others Consumption,518954,Barrels/Day
2023,September,Oil Products Export,257255,Barrels/Day
2023,September,Oil Products Demand,1357909,Barrels/Day
2023,October,Crude Production,140444,Barrels/Day
2023,October,Crude Import,883096,Barrels/Day
2023,October,Crude Export,9359,Barrels/Day
2023,October,Crude Throughput,1031130,Barrels/Day
2023,October,Oil Products Production,1479327,Barrels/Day
2023,October,Oil Products Import,199309,Barrels/Day
2023,October,Oil Products Supply,1678636,Barrels/Day
2023,October,Oil Products Consumption,1072026,Barrels/Day
2023,October,Mogas Consumption,185338,Barrels/Day
2023,October,Diesel Oil Consumption,399914,Barrels/Day
2023,October,Others Consumption,486773,Barrels/Day
2023,October,Oil Products Export,281117,Barrels/Day
2023,October,Oil Products Demand,1353143,Barrels/Day
2023,November,Crude Production,135310,Barrels/Day
2023,November,Crude Import,1133408,Barrels/Day
2023,November,Crude Throughput,1075828,Barrels/Day
2023,November,Oil Products Production,1522297,Barrels/Day
2023,November,Oil Products Import,143082,Barrels/Day
2023,November,Oil Products Supply,1665380,Barrels/Day
2023,November,Oil Products Consumption,1112400,Barrels/Day
2023,November,Mogas Consumption,199621,Barrels/Day
2023,November,Diesel Oil Consumption,448490,Barrels/Day
2023,November,Others Consumption,464288,Barrels/Day
2023,November,Oil Products Export,278879,Barrels/Day
2023,November,Oil Products Demand,1391280,Barrels/Day
2023,December,Crude Production,135031,Barrels/Day
2023,December,Crude Import,830240,Barrels/Day
2023,December,Crude Export,9609,Barrels/Day
2023,December,Crude Throughput,1082078,Barrels/Day
2023,December,Oil Products Production,1559444,Barrels/Day
2023,December,Oil Products Import,75337,Barrels/Day
2023,December,Oil Products Supply,1634781,Barrels/Day
2023,December,Oil Products Consumption,1090266,Barrels/Day
2023,December,Mogas Consumption,205787,Barrels/Day
2023,December,Diesel Oil Consumption,439038,Barrels/Day
2023,December,Others Consumption,445441,Barrels/Day
2023,December,Oil Products Export,296680,Barrels/Day
2023,December,Oil Products Demand,1386946,Barrels/Day
2024,January,Crude Production,141859,Barrels/Day
2024,January,Crude Import,985829,Barrels/Day
2024,January,Crude Export,19362,Barrels/Day
2024,January,Crude Throughput,1001432,Barrels/Day
2024,January,Oil Products Production,1510107,Barrels/Day
2024,January,Oil Products Import,111745,Barrels/Day
2024,January,Oil Products Supply,1621853,Barrels/Day
2024,January,Oil Products Consumption,1095110,Barrels/Day
2024,January,Mogas Consumption,200853,Barrels/Day
2024,January,Diesel Oil Consumption,436647,Barrels/Day
2024,January,Others Consumption,457609,Barrels/Day
2024,January,Oil Products Export,203647,Barrels/Day
2024,January,Oil Products Demand,1298758,Barrels/Day
2024,February,Crude Production,145509,Barrels/Day
2024,February,Crude Import,936057,Barrels/Day
2024,February,Crude Export,15965,Barrels/Day
2024,February,Crude Throughput,1095109,Barrels/Day
2024,February,Oil Products Production,1566152,Barrels/Day
2024,February,Oil Products Import,140599,Barrels/Day
2024,February,Oil Products Supply,1706752,Barrels/Day
2024,February,Oil Products Consumption,1131592,Barrels/Day
2024,February,Mogas Consumption,198255,Barrels/Day
2024,February,Diesel Oil Consumption,447018,Barrels/Day
2024,February,Others Consumption,486319,Barrels/Day
2024,February,Oil Products Export,190881,Barrels/Day
2024,February,Oil Products Demand,1322474,Barrels/Day
2024,March,Crude Production,153665,Barrels/Day
2024,March,Crude Import,1078473,Barrels/Day
2024,March,Crude Export,13904,Barrels/Day
2024,March,Crude Throughput,1101363,Barrels/Day
2024,March,Oil Products Production,1564968,Barrels/Day
2024,March,Oil Products Import,168846,Barrels/Day
2024,March,Oil Products Supply,1733814,Barrels/Day
2024,March,Oil Products Consumption,1154220,Barrels/Day
2024,March,Mogas Consumption,192961,Barrels/Day
2024,March,Diesel Oil Consumption,458837,Barrels/Day
2024,March,Others Consumption,502422,Barrels/Day
2024,March,Oil Products Export,221533,Barrels/Day
2024,March,Oil Products Demand,1375754,Barrels/Day
2024,April,Crude Production,156266,Barrels/Day
2024,April,Crude Import,981776,Barrels/Day
2024,April,Crude Export,20014,Barrels/Day
2024,April,Crude Throughput,1143664,Barrels/Day
2024,April,Oil Products Production,1595912,Barrels/Day
2024,April,Oil Products Import,122304,Barrels/Day
2024,April,Oil Products Supply,1718216,Barrels/Day
2024,April,Oil Products Consumption,1165212,Barrels/Day
2024,April,Mogas Consumption,199883,Barrels/Day
2024,April,Diesel Oil Consumption,445894,Barrels/Day
2024,April,Others Consumption,519434,Barrels/Day
2024,April,Oil Products Export,203740,Barrels/Day
2024,April,Oil Products Demand,1368952,Barrels/Day
2024,May,Crude Production,155948,Barrels/Day
2024,May,Crude Import,945084,Barrels/Day
2024,May,Crude Export,34561,Barrels/Day
2024,May,Crude Throughput,995766,Barrels/Day
2024,May,Oil Products Production,1418730,Barrels/Day
2024,May,Oil Products Import,181486,Barrels/Day
2024,May,Oil Products Supply,1600216,Barrels/Day
2024,May,Oil Products Consumption,1151691,Barrels/Day
2024,May,Mogas Consumption,191090,Barrels/Day
2024,May,Diesel Oil Consumption,443233,Barrels/Day
2024,May,Others Consumption,517367,Barrels/Day
2024,May,Oil Products Export,230479,Barrels/Day
2024,May,Oil Products Demand,1382171,Barrels/Day
2024,June,Crude Production,156521,Barrels/Day
2024,June,Crude Import,962380,Barrels/Day
2024,June,Crude Export,15111,Barrels/Day
2024,June,Crude Throughput,1082962,Barrels/Day
2024,June,Oil Products Production,1554893,Barrels/Day
2024,June,Oil Products Import,161021,Barrels/Day
2024,June,Oil Products Supply,1715915,Barrels/Day
2024,June,Oil Products Consumption,1135168,Barrels/Day
2024,June,Mogas Consumption,199996,Barrels/Day
2024,June,Diesel Oil Consumption,418535,Barrels/Day
2024,June,Others Consumption,516636,Barrels/Day
2024,June,Oil Products Export,284938,Barrels/Day
2024,June,Oil Products Demand,1420106,Barrels/Day
2024,July,Crude Production,144584,Barrels/Day
2024,July,Crude Import,913623,Barrels/Day
2024,July,Crude Export,9645,Barrels/Day
2024,July,Crude Throughput,1091270,Barrels/Day
2024,July,Oil Products Production,1545569,Barrels/Day
2024,July,Oil Products Import,165850,Barrels/Day
2024,July,Oil Products Supply,1711420,Barrels/Day
2024,July,Oil Products Consumption,1144601,Barrels/Day
2024,July,Mogas Consumption,192610,Barrels/Day
2024,July,Diesel Oil Consumption,419474,Barrels/Day
2024,July,Others Consumption,532516,Barrels/Day
2024,July,Oil Products Export,288840,Barrels/Day
2024,July,Oil Products Demand,1433441,Barrels/Day
2024,August,Crude Production,154351,Barrels/Day
2024,August,Crude Import,1060703,Barrels/Day
2024,August,Crude Export,28462,Barrels/Day
2024,August,Crude Throughput,1113272,Barrels/Day
2024,August,Oil Products Production,1573800,Barrels/Day
2024,August,Oil Products Import,175510,Barrels/Day
2024,August,Oil Products Supply,1749310,Barrels/Day
2024,August,Oil Products Consumption,1144745,Barrels/Day
2024,August,Mogas Consumption,200881,Barrels/Day
2024,August,Diesel Oil Consumption,417648,Barrels/Day
2024,August,Others Consumption,526214,Barrels/Day
2024,August,Oil Products Export,255000,Barrels/Day
2024,August,Oil Products Demand,1399746,Barrels/Day
2024,September,Crude Production,158904,Barrels/Day
2024,September,Crude Import,977309,Barrels/Day
2024,September,Crude Export,15966,Barrels/Day
2024,September,Crude Throughput,1067287,Barrels/Day
2024,September,Oil Products Production,1509357,Barrels/Day
2024,September,Oil Products Import,147610,Barrels/Day
2024,September,Oil Products Supply,1656967,Barrels/Day
2024,September,Oil Products Consumption,1117699,Barrels/Day
2024,September,Mogas Consumption,190897,Barrels/Day
2024,September,Diesel Oil Consumption,395278,Barrels/Day
2024,September,Others Consumption,531523,Barrels/Day
2024,September,Oil Products Export,265843,Barrels/Day
2024,September,Oil Products Demand,1383542,Barrels/Day
2024,October,Crude Production,164879,Barrels/Day
2024,October,Crude Import,988810,Barrels/Day
2024,October,Crude Export,27605,Barrels/Day
2024,October,Crude Throughput,1071881,Barrels/Day
2024,October,Oil Products Production,1493598,Barrels/Day
2024,October,Oil Products Import,128796,Barrels/Day
2024,October,Oil Products Supply,1622394,Barrels/Day
2024,October,Oil Products Consumption,1130689,Barrels/Day
2024,October,Mogas Consumption,196221,Barrels/Day
2024,October,Diesel Oil Consumption,413303,Barrels/Day
2024,October,Others Consumption,521165,Barrels/Day
2024,October,Oil Products Export,262955,Barrels/Day
2024,October,Oil Products Demand,1393645,Barrels/Day
2024,November,Crude Production,161352,Barrels/Day
2024,November,Crude Import,962279,Barrels/Day
2024,November,Crude Export,16148,Barrels/Day
2024,November,Crude Throughput,1105508,Barrels/Day
2024,November,Oil Products Production,1548476,Barrels/Day
2024,November,Oil Products Import,135101,Barrels/Day
2024,November,Oil Products Supply,1683577,Barrels/Day
2024,November,Oil Products Consumption,1177228,Barrels/Day
2024,November,Mogas Consumption,200444,Barrels/Day
2024,November,Diesel Oil Consumption,453444,Barrels/Day
2024,November,Others Consumption,523339,Barrels/Day
2024,November,Oil Products Export,278737,Barrels/Day
2024,November,Oil Products Demand,1455965,Barrels/Day
2024,December,Crude Production,146517,Barrels/Day
2024,December,Crude Import,857714,Barrels/Day
2024,December,Crude Export,14852,Barrels/Day
2024,December,Crude Throughput,1152476,Barrels/Day
2024,December,Oil Products Production,1571558,Barrels/Day
2024,December,Oil Products Import,97279,Barrels/Day
2024,December,Oil Products Supply,1668837,Barrels/Day
2024,December,Oil Products Consumption,1165107,Barrels/Day
2024,December,Mogas Consumption,204132,Barrels/Day
2024,December,Diesel Oil Consumption,442174,Barrels/Day
2024,December,Others Consumption,518800,Barrels/Day
2024,December,Oil Products Export,236030,Barrels/Day
2024,December,Oil Products Demand,1401138,Barrels/Day
2025,January,Crude Production,153132,Barrels/Day
2025,January,Crude Import,1095215,Barrels/Day
2025,January,Crude Export,25606,Barrels/Day
2025,January,Crude Throughput,1104533,Barrels/Day
2025,January,Oil Products Production,1568446,Barrels/Day
2025,January,Oil Products Import,124660,Barrels/Day
2025,January,Oil Products Supply,1693106,Barrels/Day
2025,January,Oil Products Consumption,1165561,Barrels/Day
2025,January,Mogas Consumption,194190,Barrels/Day
2025,January,Diesel Oil Consumption,440511,Barrels/Day
2025,January,Others Consumption,530859,Barrels/Day
2025,January,Oil Products Export,180695,Barrels/Day
2025,January,Oil Products Demand,1346256,Barrels/Day
2025,February,Crude Production,157620,Barrels/Day
2025,February,Crude Import,1046696,Barrels/Day
2025,February,Crude Export,,Barrels/Day
2025,February,Crude Throughput,1112352,Barrels/Day
2025,February,Oil Products Production,1596869,Barrels/Day
2025,February,Oil Products Import,133064,Barrels/Day
2025,February,Oil Products Supply,1729934,Barrels/Day
2025,February,Oil Products Consumption,1199427,Barrels/Day
2025,February,Mogas Consumption,198709,Barrels/Day
2025,February,Diesel Oil Consumption,452345,Barrels/Day
2025,February,Others Consumption,548372,Barrels/Day
2025,February,Oil Products Export,195373,Barrels/Day
2025,February,Oil Products Demand,1394801,Barrels/Day
2025,March,Crude Production,144759,Barrels/Day
2025,March,Crude Import,981958,Barrels/Day
2025,March,Crude Export,25181,Barrels/Day
2025,March,Crude Throughput,1119615,Barrels/Day
2025,March,Oil Products Production,1587347,Barrels/Day
2025,March,Oil Products Import,79085,Barrels/Day
2025,March,Oil Products Supply,1666432,Barrels/Day
2025,March,Oil Products Consumption,1172129,Barrels/Day
2025,March,Mogas Consumption,196526,Barrels/Day
2025,March,Diesel Oil Consumption,439728,Barrels/Day
2025,March,Others Consumption,535874,Barrels/Day
2025,March,Oil Products Export,211086,Barrels/Day
2025,March,Oil Products Demand,1383215,Barrels/Day
2025,April,Crude Production,158828,Barrels/Day
2025,April,Crude Import,1111471,Barrels/Day
2025,April,Crude Export,7992,Barrels/Day
2025,April,Crude Throughput,1135104,Barrels/Day
2025,April,Oil Products Production,1604992,Barrels/Day
2025,April,Oil Products Import,148994,Barrels/Day
2025,April,Oil Products Supply,1753986,Barrels/Day
2025,April,Oil Products Consumption,1178162,Barrels/Day
2025,April,Mogas Consumption,203265,Barrels/Day
2025,April,Diesel Oil Consumption,448390,Barrels/Day
2025,April,Others Consumption,526506,Barrels/Day
2025,April,Oil Products Export,213400,Barrels/Day
2025,April,Oil Products Demand,1391563,Barrels/Day
2025,May,Crude Production,163269,Barrels/Day
2025,May,Crude Import,926114,Barrels/Day
2025,May,Crude Export,15294,Barrels/Day
2025,May,Crude Throughput,1045439,Barrels/Day
2025,May,Oil Products Production,1494540,Barrels/Day
2025,May,Oil Products Import,151983,Barrels/Day
2025,May,Oil Products Supply,1646524,Barrels/Day
2025,May,Oil Products Consumption,1156425,Barrels/Day
2025,May,Mogas Consumption,198743,Barrels/Day
2025,May,Diesel Oil Consumption,435969,Barrels/Day
2025,May,Others Consumption,521712,Barrels/Day
2025,May,Oil Products Export,185398,Barrels/Day
2025,May,Oil Products Demand,1341824,Barrels/Day
2025,June,Crude Production,158215,Barrels/Day
2025,June,Crude Import,862771,Barrels/Day
2025,June,Crude Export,,Barrels/Day
2025,June,Crude Throughput,1109263,Barrels/Day
2025,June,Oil Products Production,1603327,Barrels/Day
2025,June,Oil Products Import,154372,Barrels/Day
2025,June,Oil Products Supply,1757699,Barrels/Day
2025,June,Oil Products Consumption,1142240,Barrels/Day
2025,June,Mogas Consumption,199950,Barrels/Day
2025,June,Diesel Oil Consumption,419936,Barrels/Day
2025,June,Others Consumption,522352,Barrels/Day
2025,June,Oil Products Export,209850,Barrels/Day
2025,June,Oil Products Demand,1352091,Barrels/Day
2025,July,Crude Production,161596,Barrels/Day
2025,July,Crude Import,908239,Barrels/Day
2025,July,Crude Export,8711,Barrels/Day
2025,July,Crude Throughput,921713,Barrels/Day
2025,July,Oil Products Production,1371416,Barrels/Day
2025,July,Oil Products Import,130773,Barrels/Day
2025,July,Oil Products Supply,1502190,Barrels/Day
2025,July,Oil Products Consumption,1118361,Barrels/Day
2025,July,Mogas Consumption,203740,Barrels/Day
2025,July,Diesel Oil Consumption,395059,Barrels/Day
2025,July,Others Consumption,519561,Barrels/Day
2025,July,Oil Products Export,176189,Barrels/Day
2025,July,Oil Products Demand,1294550,Barrels/Day
2025,August,Crude Production,164474,Barrels/Day
2025,August,Crude Import,1014059,Barrels/Day
2025,August,Crude Export,13203,Barrels/Day
2025,August,Crude Throughput,1075007,Barrels/Day
2025,August,Oil Products Production,1498575,Barrels/Day
2025,August,Oil Products Import,142766,Barrels/Day
2025,August,Oil Products Supply,1641342,Barrels/Day
2025,August,Oil Products Consumption,1116062,Barrels/Day
2025,August,Mogas Consumption,197221,Barrels/Day
2025,August,Diesel Oil Consumption,398275,Barrels/Day
2025,August,Others Consumption,520565,Barrels/Day
2025,August,Oil Products Export,213653,Barrels/Day
2025,August,Oil Products Demand,1329716,Barrels/Day
2025,September,Crude Production,158178,Barrels/Day
2025,September,Crude Import,989686,Barrels/Day
2025,September,Crude Export,18141,Barrels/Day
2025,September,Crude Throughput,1138500,Barrels/Day
2025,September,Oil Products Production,1536430,Barrels/Day
2025,September,Oil Products Import,156508,Barrels/Day
2025,September,Oil Products Supply,1692938,Barrels/Day
2025,September,Oil Products Consumption,1112565,Barrels/Day
2025,September,Mogas Consumption,197359,Barrels/Day
2025,September,Diesel Oil Consumption,377439,Barrels/Day
2025,September,Others Consumption,537766,Barrels/Day
2025,September,Oil Products Export,244834,Barrels/Day
2025,September,Oil Products Demand,1357400,Barrels/Day
2025,October,Crude Production,174885,Barrels/Day
2025,October,Crude Import,918095,Barrels/Day
2025,October,Crude Export,5495,Barrels/Day
2025,October,Crude Throughput,1006960,Barrels/Day
2025,October,Oil Products Production,1462269,Barrels/Day
2025,October,Oil Products Import,135492,Barrels/Day
2025,October,Oil Products Supply,1597761,Barrels/Day
2025,October,Oil Products Consumption,1115540,Barrels/Day
2025,October,Mogas Consumption,197250,Barrels/Day
2025,October,Diesel Oil Consumption,394229,Barrels/Day
2025,October,Others Consumption,524059,Barrels/Day
2025,October,Oil Products Export,159015,Barrels/Day
2025,October,Oil Products Demand,1274556,Barrels/Day
2025,November,Crude Production,169581,Barrels/Day
2025,November,Crude Import,888236,Barrels/Day
2025,November,Crude Export,9351,Barrels/Day
2025,November,Crude Throughput,974162,Barrels/Day
2025,November,Oil Products Production,1400394,Barrels/Day
2025,November,Oil Products Import,160378,Barrels/Day
2025,November,Oil Products Supply,1560772,Barrels/Day
2025,November,Oil Products Consumption,1132265,Barrels/Day
2025,November,Mogas Consumption,196668,Barrels/Day
2025,November,Diesel Oil Consumption,420472,Barrels/Day
2025,November,Others Consumption,515125,Barrels/Day
2025,November,Oil Products Export,200651,Barrels/Day
2025,November,Oil Products Demand,1332917,Barrels/Day
2025,December,Crude Production,174289,Barrels/Day
2025,December,Crude Import,907948,Barrels/Day
2025,December,Crude Export,30765,Barrels/Day
2025,December,Crude Throughput,1147933,Barrels/Day
2025,December,Oil Products Production,1628104,Barrels/Day
2025,December,Oil Products Import,120580,Barrels/Day
2025,December,Oil Products Supply,1748684,Barrels/Day
2025,December,Oil Products Consumption,1180348,Barrels/Day
2025,December,Mogas Consumption,210076,Barrels/Day
2025,December,Diesel Oil Consumption,438028,Barrels/Day
2025,December,Others Consumption,532243,Barrels/Day
2025,December,Oil Products Export,288743,Barrels/Day
2025,December,Oil Products Demand,1469092,Barrels/Day
2026,January,Crude Production,175909,Barrels/Day
2026,January,Crude Import,1061311,Barrels/Day
2026,January,Crude Export,,Barrels/Day
2026,January,Crude Throughput,1128957,Barrels/Day
2026,January,Oil Products Production,1656915,Barrels/Day
2026,January,Oil Products Import,161761,Barrels/Day
2026,January,Oil Products Supply,1818676,Barrels/Day
2026,January,Oil Products Consumption,1254462,Barrels/Day
2026,January,Mogas Consumption,203315,Barrels/Day
2026,January,Diesel Oil Consumption,435820,Barrels/Day
2026,January,Others Consumption,615327,Barrels/Day
2026,January,Oil Products Export,231519,Barrels/Day
2026,January,Oil Products Demand,1485982,Barrels/Day
2026,February,Crude Production,184446,Barrels/Day
2026,February,Crude Import,938262,Barrels/Day
2026,February,Crude Export,27878,Barrels/Day
2026,February,Crude Throughput,980085,Barrels/Day
2026,February,Oil Products Production,1550018,Barrels/Day
2026,February,Oil Products Import,159505,Barrels/Day
2026,February,Oil Products Supply,1709523,Barrels/Day
2026,February,Oil Products Consumption,1258736,Barrels/Day
2026,February,Mogas Consumption,208301,Barrels/Day
2026,February,Diesel Oil Consumption,443765,Barrels/Day
2026,February,Others Consumption,606668,Barrels/Day
2026,February,Oil Products Export,210869,Barrels/Day
2026,February,Oil Products Demand,1469605,Barrels/Day
2026,March,Crude Production,172454,Barrels/Day
2026,March,Crude Import,1027263,Barrels/Day
2026,March,Crude Export,19427,Barrels/Day
2026,March,Crude Throughput,1165436,Barrels/Day
2026,March,Oil Products Production,1660446,Barrels/Day
2026,March,Oil Products Import,105883,Barrels/Day
2026,March,Oil Products Supply,1766330,Barrels/Day
2026,March,Oil Products Consumption,1290698,Barrels/Day
2026,March,Mogas Consumption,214802,Barrels/Day
2026,March,Diesel Oil Consumption,517511,Barrels/Day
2026,March,Others Consumption,558383,Barrels/Day
2026,March,Oil Products Export,137884,Barrels/Day
2026,March,Oil Products Demand,1428582,Barrels/Day
2026,April,Crude Production,178871,Barrels/Day
2026,April,Crude Import,834777,Barrels/Day
2026,April,Crude Export,,Barrels/Day
2026,April,Crude Throughput,1055158,Barrels/Day
2026,April,Oil Products Production,1604877,Barrels/Day
2026,April,Oil Products Import,98290,Barrels/Day
2026,April,Oil Products Supply,1703167,Barrels/Day
2026,April,Oil Products Consumption,1098181,Barrels/Day
2026,April,Mogas Consumption,183860,Barrels/Day
2026,April,Diesel Oil Consumption,365807,Barrels/Day
2026,April,Others Consumption,548513,Barrels/Day
2026,April,Oil Products Export,139670,Barrels/Day
2026,April,Oil Products Demand,1237851,Barrels/Day
