period,duoarea,area-name,product,product-name,process,process-name,series,series-description,value,units
1987-05-15,ZEU,NA,EPCBRENT,UK Brent Crude Oil,PF4,Spot Price FOB,RBRTE,Europe Brent Spot Price FOB (Dollars per Barrel),18.58,$/BBL
1987-05-22,ZEU,NA,EPCBRENT,UK Brent Crude Oil,PF4,Spot Price FOB,RBRTE,Europe Brent Spot Price FOB (Dollars per Barrel),18.54,$/BBL
1987-05-29,ZEU,NA,EPCBRENT,UK Brent Crude Oil,PF4,Spot Price FOB,RBRTE,Europe Brent Spot Price FOB (Dollars per Barrel),18.6,$/BBL
1987-06-05,ZEU,NA,EPCBRENT,UK Brent Crude Oil,PF4,Spot Price FOB,RBRTE,Europe Brent Spot Price FOB (Dollars per Barrel),18.7,$/BBL
1987-06-12,ZEU,NA,EPCBRENT,UK Brent Crude Oil,PF4,Spot Price FOB,RBRTE,Europe Brent Spot Price FOB (Dollars per Barrel),18.75,$/BBL
1987-06-19,ZEU,NA,EPCBRENT,UK Brent Crude Oil,PF4,Spot Price FOB,RBRTE,Europe Brent Spot Price FOB (Dollars per Barrel),19.01,$/BBL
1987-06-26,ZEU,NA,EPCBRENT,UK Brent Crude Oil,PF4,Spot Price FOB,RBRTE,Europe Brent Spot Price FOB (Dollars per Barrel),18.91,$/BBL
1987-07-03,ZEU,NA,EPCBRENT,UK Brent Crude Oil,PF4,Spot Price FOB,RBRTE,Europe Brent Spot Price FOB (Dollars per Barrel),19.16,$/BBL
1987-07-10,ZEU,NA,EPCBRENT,UK Brent Crude Oil,PF4,Spot Price FOB,RBRTE,Europe Brent Spot Price FOB (Dollars per Barrel),19.57,$/BBL
1987-07-17,ZEU,NA,EPCBRENT,UK Brent Crude Oil,PF4,Spot Price FOB,RBRTE,Europe Brent Spot Price FOB (Dollars per Barrel),20.2,$/BBL
1987-07-24,ZEU,NA,EPCBRENT,UK Brent Crude Oil,PF4,Spot Price FOB,RBRTE,Europe Brent Spot Price FOB (Dollars per Barrel),20.19,$/BBL
1987-07-31,ZEU,NA,EPCBRENT,UK Brent Crude Oil,PF4,Spot Price FOB,RBRTE,Europe Brent Spot Price FOB (Dollars per Barrel),19.86,$/BBL
1987-08-07,ZEU,NA,EPCBRENT,UK Brent Crude Oil,PF4,Spot Price FOB,RBRTE,Europe Brent Spot Price FOB (Dollars per Barrel),20.16,$/BBL
1987-08-14,ZEU,NA,EPCBRENT,UK Brent Crude Oil,PF4,Spot Price FOB,RBRTE,Europe Brent Spot Price FOB (Dollars per Barrel),19.41,$/BBL
1987-08-21,ZEU,NA,EPCBRENT,UK Brent Crude Oil,PF4,Spot Price FOB,RBRTE,Europe Brent Spot Price FOB (Dollars per Barrel),18.5,$/BBL
1987-08-28,ZEU,NA,EPCBRENT,UK Brent Crude Oil,PF4,Spot Price FOB,RBRTE,Europe Brent Spot Price FOB (Dollars per Barrel),17.92,$/BBL
1987-09-04,ZEU,NA,EPCBRENT,UK Brent Crude Oil,PF4,Spot Price FOB,RBRTE,Europe Brent Spot Price FOB (Dollars per Barrel),18.35,$/BBL
1987-09-11,ZEU,NA,EPCBRENT,UK Brent Crude Oil,PF4,Spot Price FOB,RBRTE,Europe Brent Spot Price FOB (Dollars per Barrel),17.93,$/BBL
1987-09-18,ZEU,NA,EPCBRENT,UK Brent Crude Oil,PF4,Spot Price FOB,RBRTE,Europe Brent Spot Price FOB (Dollars per Barrel),18.39,$/BBL
1987-09-25,ZEU,NA,EPCBRENT,UK Brent Crude Oil,PF4,Spot Price FOB,RBRTE,Europe Brent Spot Price FOB (Dollars per Barrel),18.5,$/BBL
1987-10-02,ZEU,NA,EPCBRENT,UK Brent Crude Oil,PF4,Spot Price FOB,RBRTE,Europe Brent Spot Price FOB (Dollars per Barrel),18.56,$/BBL
1987-10-09,ZEU,NA,EPCBRENT,UK Brent Crude Oil,PF4,Spot Price FOB,RBRTE,Europe Brent Spot Price FOB (Dollars per Barrel),18.64,$/BBL
1987-10-16,ZEU,NA,EPCBRENT,UK Brent Crude Oil,PF4,Spot Price FOB,RBRTE,Europe Brent Spot Price FOB (Dollars per Barrel),18.69,$/BBL
1987-10-23,ZEU,NA,EPCBRENT,UK Brent Crude Oil,PF4,Spot Price FOB,RBRTE,Europe Brent Spot Price FOB (Dollars per Barrel),18.98,$/BBL
1987-10-30,ZEU,NA,EPCBRENT,UK Brent Crude Oil,PF4,Spot Price FOB,RBRTE,Europe Brent Spot Price FOB (Dollars per Barrel),18.79,$/BBL
1987-11-06,ZEU,NA,EPCBRENT,UK Brent Crude Oil,PF4,Spot Price FOB,RBRTE,Europe Brent Spot Price FOB (Dollars per Barrel),18.15,$/BBL
1987-11-13,ZEU,NA,EPCBRENT,UK Brent Crude Oil,PF4,Spot Price FOB,RBRTE,Europe Brent Spot Price FOB (Dollars per Barrel),17.74,$/BBL
1987-11-20,ZEU,NA,EPCBRENT,UK Brent Crude Oil,PF4,Spot Price FOB,RBRTE,Europe Brent Spot Price FOB (Dollars per Barrel),17.47,$/BBL
1987-11-27,ZEU,NA,EPCBRENT,UK Brent Crude Oil,PF4,Spot Price FOB,RBRTE,Europe Brent Spot Price FOB (Dollars per Barrel),17.78,$/BBL
1987-12-04,ZEU,NA,EPCBRENT,UK Brent Crude Oil,PF4,Spot Price FOB,RBRTE,Europe Brent Spot Price FOB (Dollars per Barrel),17.8,$/BBL
1987-12-11,ZEU,NA,EPCBRENT,UK Brent Crude Oil,PF4,Spot Price FOB,RBRTE,Europe Brent Spot Price FOB (Dollars per Barrel),17.61,$/BBL
1987-12-18,ZEU,NA,EPCBRENT,UK Brent Crude Oil,PF4,Spot Price FOB,RBRTE,Europe Brent Spot Price FOB (Dollars per Barrel),15.91,$/BBL
1987-12-25,ZEU,NA,EPCBRENT,UK Brent Crude Oil,PF4,Spot Price FOB,RBRTE,Europe Brent Spot Price FOB (Dollars per Barrel),16.61,$/BBL
1988-01-01,ZEU,NA,EPCBRENT,UK Brent Crude Oil,PF4,Spot Price FOB,RBRTE,Europe Brent Spot Price FOB (Dollars per Barrel),17.46,$/BBL
1988-01-08,ZEU,NA,EPCBRENT,UK Brent Crude Oil,PF4,Spot Price FOB,RBRTE,Europe Brent Spot Price FOB (Dollars per Barrel),17.45,$/BBL
1988-01-15,ZEU,NA,EPCBRENT,UK Brent Crude Oil,PF4,Spot Price FOB,RBRTE,Europe Brent Spot Price FOB (Dollars per Barrel),16.44,$/BBL
1988-01-22,ZEU,NA,EPCBRENT,UK Brent Crude Oil,PF4,Spot Price FOB,RBRTE,Europe Brent Spot Price FOB (Dollars per Barrel),16.91,$/BBL
1988-01-29,ZEU,NA,EPCBRENT,UK Brent Crude Oil,PF4,Spot Price FOB,RBRTE,Europe Brent Spot Price FOB (Dollars per Barrel),16.24,$/BBL
1988-02-05,ZEU,NA,EPCBRENT,UK Brent Crude Oil,PF4,Spot Price FOB,RBRTE,Europe Brent Spot Price FOB (Dollars per Barrel),16.14,$/BBL
1988-02-12,ZEU,NA,EPCBRENT,UK Brent Crude Oil,PF4,Spot Price FOB,RBRTE,Europe Brent Spot Price FOB (Dollars per Barrel),16.18,$/BBL
1988-02-19,ZEU,NA,EPCBRENT,UK Brent Crude Oil,PF4,Spot Price FOB,RBRTE,Europe Brent Spot Price FOB (Dollars per Barrel),15.64,$/BBL
1988-02-26,ZEU,NA,EPCBRENT,UK Brent Crude Oil,PF4,Spot Price FOB,RBRTE,Europe Brent Spot Price FOB (Dollars per Barrel),15.16,$/BBL
1988-03-04,ZEU,NA,EPCBRENT,UK Brent Crude Oil,PF4,Spot Price FOB,RBRTE,Europe Brent Spot Price FOB (Dollars per Barrel),14.14,$/BBL
1988-03-11,ZEU,NA,EPCBRENT,UK Brent Crude Oil,PF4,Spot Price FOB,RBRTE,Europe Brent Spot Price FOB (Dollars per Barrel),14.21,$/BBL
1988-03-18,ZEU,NA,EPCBRENT,UK Brent Crude Oil,PF4,Spot Price FOB,RBRTE,Europe Brent Spot Price FOB (Dollars per Barrel),14.48,$/BBL
1988-03-25,ZEU,NA,EPCBRENT,UK Brent Crude Oil,PF4,Spot Price FOB,RBRTE,Europe Brent Spot Price FOB (Dollars per Barrel),15.38,$/BBL
1988-04-01,ZEU,NA,EPCBRENT,UK Brent Crude Oil,PF4,Spot Price FOB,RBRTE,Europe Brent Spot Price FOB (Dollars per Barrel),15.63,$/BBL
1988-04-08,ZEU,NA,EPCBRENT,UK Brent Crude Oil,PF4,Spot Price FOB,RBRTE,Europe Brent Spot Price FOB (Dollars per Barrel),15.49,$/BBL
1988-04-15,ZEU,NA,EPCBRENT,UK Brent Crude Oil,PF4,Spot Price FOB,RBRTE,Europe Brent Spot Price FOB (Dollars per Barrel),16.55,$/BBL
1988-04-22,ZEU,NA,EPCBRENT,UK Brent Crude Oil,PF4,Spot Price FOB,RBRTE,Europe Brent Spot Price FOB (Dollars per Barrel),17.09,$/BBL
1988-04-29,ZEU,NA,EPCBRENT,UK Brent Crude Oil,PF4,Spot Price FOB,RBRTE,Europe Brent Spot Price FOB (Dollars per Barrel),17.04,$/BBL
1988-05-06,ZEU,NA,EPCBRENT,UK Brent Crude Oil,PF4,Spot Price FOB,RBRTE,Europe Brent Spot Price FOB (Dollars per Barrel),16.16,$/BBL
1988-05-13,ZEU,NA,EPCBRENT,UK Brent Crude Oil,PF4,Spot Price FOB,RBRTE,Europe Brent Spot Price FOB (Dollars per Barrel),16.45,$/BBL
1988-05-20,ZEU,NA,EPCBRENT,UK Brent Crude Oil,PF4,Spot Price FOB,RBRTE,Europe Brent Spot Price FOB (Dollars per Barrel),16.46,$/BBL
1988-05-27,ZEU,NA,EPCBRENT,UK Brent Crude Oil,PF4,Spot Price FOB,RBRTE,Europe Brent Spot Price FOB (Dollars per Barrel),16.23,$/BBL
1988-06-03,ZEU,NA,EPCBRENT,UK Brent Crude Oil,PF4,Spot Price FOB,RBRTE,Europe Brent Spot Price FOB (Dollars per Barrel),16.31,$/BBL
1988-06-10,ZEU,NA,EPCBRENT,UK Brent Crude Oil,PF4,Spot Price FOB,RBRTE,Europe Brent Spot Price FOB (Dollars per Barrel),16.18,$/BBL
1988-06-17,ZEU,NA,EPCBRENT,UK Brent Crude Oil,PF4,Spot Price FOB,RBRTE,Europe Brent Spot Price FOB (Dollars per Barrel),15.6,$/BBL
1988-06-24,ZEU,NA,EPCBRENT,UK Brent Crude Oil,PF4,Spot Price FOB,RBRTE,Europe Brent Spot Price FOB (Dollars per Barrel),15.09,$/BBL
1988-07-01,ZEU,NA,EPCBRENT,UK Brent Crude Oil,PF4,Spot Price FOB,RBRTE,Europe Brent Spot Price FOB (Dollars per Barrel),14.49,$/BBL
1988-07-08,ZEU,NA,EPCBRENT,UK Brent Crude Oil,PF4,Spot Price FOB,RBRTE,Europe Brent Spot Price FOB (Dollars per Barrel),14.62,$/BBL
1988-07-15,ZEU,NA,EPCBRENT,UK Brent Crude Oil,PF4,Spot Price FOB,RBRTE,Europe Brent Spot Price FOB (Dollars per Barrel),14.22,$/BBL
1988-07-22,ZEU,NA,EPCBRENT,UK Brent Crude Oil,PF4,Spot Price FOB,RBRTE,Europe Brent Spot Price FOB (Dollars per Barrel),15.37,$/BBL
1988-07-29,ZEU,NA,EPCBRENT,UK Brent Crude Oil,PF4,Spot Price FOB,RBRTE,Europe Brent Spot Price FOB (Dollars per Barrel),15.62,$/BBL
1988-08-05,ZEU,NA,EPCBRENT,UK Brent Crude Oil,PF4,Spot Price FOB,RBRTE,Europe Brent Spot Price FOB (Dollars per Barrel),15.06,$/BBL
1988-08-12,ZEU,NA,EPCBRENT,UK Brent Crude Oil,PF4,Spot Price FOB,RBRTE,Europe Brent Spot Price FOB (Dollars per Barrel),15.22,$/BBL
1988-08-19,ZEU,NA,EPCBRENT,UK Brent Crude Oil,PF4,Spot Price FOB,RBRTE,Europe Brent Spot Price FOB (Dollars per Barrel),14.81,$/BBL
1988-08-26,ZEU,NA,EPCBRENT,UK Brent Crude Oil,PF4,Spot Price FOB,RBRTE,Europe Brent Spot Price FOB (Dollars per Barrel),14.76,$/BBL
1988-09-02,ZEU,NA,EPCBRENT,UK Brent Crude Oil,PF4,Spot Price FOB,RBRTE,Europe Brent Spot Price FOB (Dollars per Barrel),14.3,$/BBL
1988-09-09,ZEU,NA,EPCBRENT,UK Brent Crude Oil,PF4,Spot Price FOB,RBRTE,Europe Brent Spot Price FOB (Dollars per Barrel),13.35,$/BBL
1988-09-16,ZEU,NA,EPCBRENT,UK Brent Crude Oil,PF4,Spot Price FOB,RBRTE,Europe Brent Spot Price FOB (Dollars per Barrel),13.35,$/BBL
1988-09-23,ZEU,NA,EPCBRENT,UK Brent Crude Oil,PF4,Spot Price FOB,RBRTE,Europe Brent Spot Price FOB (Dollars per Barrel),13.09,$/BBL
1988-09-30,ZEU,NA,EPCBRENT,UK Brent Crude Oil,PF4,Spot Price FOB,RBRTE,Europe Brent Spot Price FOB (Dollars per Barrel),12.57,$/BBL
1988-10-07,ZEU,NA,EPCBRENT,UK Brent Crude Oil,PF4,Spot Price FOB,RBRTE,Europe Brent Spot Price FOB (Dollars per Barrel),11.42,$/BBL
1988-10-14,ZEU,NA,EPCBRENT,UK Brent Crude Oil,PF4,Spot Price FOB,RBRTE,Europe Brent Spot Price FOB (Dollars per Barrel),12.55,$/BBL
1988-10-21,ZEU,NA,EPCBRENT,UK Brent Crude Oil,PF4,Spot Price FOB,RBRTE,Europe Brent Spot Price FOB (Dollars per Barrel),13.36,$/BBL
1988-10-28,ZEU,NA,EPCBRENT,UK Brent Crude Oil,PF4,Spot Price FOB,RBRTE,Europe Brent Spot Price FOB (Dollars per Barrel),12.26,$/BBL
1988-11-04,ZEU,NA,EPCBRENT,UK Brent Crude Oil,PF4,Spot Price FOB,RBRTE,Europe Brent Spot Price FOB (Dollars per Barrel),12.48,$/BBL
1988-11-11,ZEU,NA,EPCBRENT,UK Brent Crude Oil,PF4,Spot Price FOB,RBRTE,Europe Brent Spot Price FOB (Dollars per Barrel),12.82,$/BBL
1988-11-18,ZEU,NA,EPCBRENT,UK Brent Crude Oil,PF4,Spot Price FOB,RBRTE,Europe Brent Spot Price FOB (Dollars per Barrel),12.57,$/BBL
1988-11-25,ZEU,NA,EPCBRENT,UK Brent Crude Oil,PF4,Spot Price FOB,RBRTE,Europe Brent Spot Price FOB (Dollars per Barrel),13.3,$/BBL
1988-12-02,ZEU,NA,EPCBRENT,UK Brent Crude Oil,PF4,Spot Price FOB,RBRTE,Europe Brent Spot Price FOB (Dollars per Barrel),14.61,$/BBL
1988-12-09,ZEU,NA,EPCBRENT,UK Brent Crude Oil,PF4,Spot Price FOB,RBRTE,Europe Brent Spot Price FOB (Dollars per Barrel),14.76,$/BBL
1988-12-16,ZEU,NA,EPCBRENT,UK Brent Crude Oil,PF4,Spot Price FOB,RBRTE,Europe Brent Spot Price FOB (Dollars per Barrel),15.38,$/BBL
1988-12-23,ZEU,NA,EPCBRENT,UK Brent Crude Oil,PF4,Spot Price FOB,RBRTE,Europe Brent Spot Price FOB (Dollars per Barrel),15.31,$/BBL
1988-12-30,ZEU,NA,EPCBRENT,UK Brent Crude Oil,PF4,Spot Price FOB,RBRTE,Europe Brent Spot Price FOB (Dollars per Barrel),16.12,$/BBL
1989-01-06,ZEU,NA,EPCBRENT,UK Brent Crude Oil,PF4,Spot Price FOB,RBRTE,Europe Brent Spot Price FOB (Dollars per Barrel),16.59,$/BBL
1989-01-13,ZEU,NA,EPCBRENT,UK Brent Crude Oil,PF4,Spot Price FOB,RBRTE,Europe Brent Spot Price FOB (Dollars per Barrel),16.98,$/BBL
1989-01-20,ZEU,NA,EPCBRENT,UK Brent Crude Oil,PF4,Spot Price FOB,RBRTE,Europe Brent Spot Price FOB (Dollars per Barrel),17.9,$/BBL
1989-01-27,ZEU,NA,EPCBRENT,UK Brent Crude Oil,PF4,Spot Price FOB,RBRTE,Europe Brent Spot Price FOB (Dollars per Barrel),17.33,$/BBL
1989-02-03,ZEU,NA,EPCBRENT,UK Brent Crude Oil,PF4,Spot Price FOB,RBRTE,Europe Brent Spot Price FOB (Dollars per Barrel),16.67,$/BBL
1989-02-10,ZEU,NA,EPCBRENT,UK Brent Crude Oil,PF4,Spot Price FOB,RBRTE,Europe Brent Spot Price FOB (Dollars per Barrel),16.57,$/BBL
1989-02-17,ZEU,NA,EPCBRENT,UK Brent Crude Oil,PF4,Spot Price FOB,RBRTE,Europe Brent Spot Price FOB (Dollars per Barrel),16.88,$/BBL
1989-02-24,ZEU,NA,EPCBRENT,UK Brent Crude Oil,PF4,Spot Price FOB,RBRTE,Europe Brent Spot Price FOB (Dollars per Barrel),17.14,$/BBL
1989-03-03,ZEU,NA,EPCBRENT,UK Brent Crude Oil,PF4,Spot Price FOB,RBRTE,Europe Brent Spot Price FOB (Dollars per Barrel),17.44,$/BBL
1989-03-10,ZEU,NA,EPCBRENT,UK Brent Crude Oil,PF4,Spot Price FOB,RBRTE,Europe Brent Spot Price FOB (Dollars per Barrel),17.65,$/BBL
1989-03-17,ZEU,NA,EPCBRENT,UK Brent Crude Oil,PF4,Spot Price FOB,RBRTE,Europe Brent Spot Price FOB (Dollars per Barrel),18.81,$/BBL
1989-03-24,ZEU,NA,EPCBRENT,UK Brent Crude Oil,PF4,Spot Price FOB,RBRTE,Europe Brent Spot Price FOB (Dollars per Barrel),19.59,$/BBL
1989-03-31,ZEU,NA,EPCBRENT,UK Brent Crude Oil,PF4,Spot Price FOB,RBRTE,Europe Brent Spot Price FOB (Dollars per Barrel),19.91,$/BBL
1989-04-07,ZEU,NA,EPCBRENT,UK Brent Crude Oil,PF4,Spot Price FOB,RBRTE,Europe Brent Spot Price FOB (Dollars per Barrel),19.56,$/BBL
1989-04-14,ZEU,NA,EPCBRENT,UK Brent Crude Oil,PF4,Spot Price FOB,RBRTE,Europe Brent Spot Price FOB (Dollars per Barrel),19.8,$/BBL
1989-04-21,ZEU,NA,EPCBRENT,UK Brent Crude Oil,PF4,Spot Price FOB,RBRTE,Europe Brent Spot Price FOB (Dollars per Barrel),21.09,$/BBL
1989-04-28,ZEU,NA,EPCBRENT,UK Brent Crude Oil,PF4,Spot Price FOB,RBRTE,Europe Brent Spot Price FOB (Dollars per Barrel),20.84,$/BBL
1989-05-05,ZEU,NA,EPCBRENT,UK Brent Crude Oil,PF4,Spot Price FOB,RBRTE,Europe Brent Spot Price FOB (Dollars per Barrel),19.28,$/BBL
1989-05-12,ZEU,NA,EPCBRENT,UK Brent Crude Oil,PF4,Spot Price FOB,RBRTE,Europe Brent Spot Price FOB (Dollars per Barrel),19.04,$/BBL
1989-05-19,ZEU,NA,EPCBRENT,UK Brent Crude Oil,PF4,Spot Price FOB,RBRTE,Europe Brent Spot Price FOB (Dollars per Barrel),18.9,$/BBL
1989-05-26,ZEU,NA,EPCBRENT,UK Brent Crude Oil,PF4,Spot Price FOB,RBRTE,Europe Brent Spot Price FOB (Dollars per Barrel),17.82,$/BBL
1989-06-02,ZEU,NA,EPCBRENT,UK Brent Crude Oil,PF4,Spot Price FOB,RBRTE,Europe Brent Spot Price FOB (Dollars per Barrel),18.05,$/BBL
1989-06-09,ZEU,NA,EPCBRENT,UK Brent Crude Oil,PF4,Spot Price FOB,RBRTE,Europe Brent Spot Price FOB (Dollars per Barrel),18.19,$/BBL
1989-06-16,ZEU,NA,EPCBRENT,UK Brent Crude Oil,PF4,Spot Price FOB,RBRTE,Europe Brent Spot Price FOB (Dollars per Barrel),16.9,$/BBL
1989-06-23,ZEU,NA,EPCBRENT,UK Brent Crude Oil,PF4,Spot Price FOB,RBRTE,Europe Brent Spot Price FOB (Dollars per Barrel),17.24,$/BBL
1989-06-30,ZEU,NA,EPCBRENT,UK Brent Crude Oil,PF4,Spot Price FOB,RBRTE,Europe Brent Spot Price FOB (Dollars per Barrel),18.18,$/BBL
1989-07-07,ZEU,NA,EPCBRENT,UK Brent Crude Oil,PF4,Spot Price FOB,RBRTE,Europe Brent Spot Price FOB (Dollars per Barrel),18.38,$/BBL
1989-07-14,ZEU,NA,EPCBRENT,UK Brent Crude Oil,PF4,Spot Price FOB,RBRTE,Europe Brent Spot Price FOB (Dollars per Barrel),17.72,$/BBL
1989-07-21,ZEU,NA,EPCBRENT,UK Brent Crude Oil,PF4,Spot Price FOB,RBRTE,Europe Brent Spot Price FOB (Dollars per Barrel),17.95,$/BBL
1989-07-28,ZEU,NA,EPCBRENT,UK Brent Crude Oil,PF4,Spot Price FOB,RBRTE,Europe Brent Spot Price FOB (Dollars per Barrel),16.7,$/BBL
1989-08-04,ZEU,NA,EPCBRENT,UK Brent Crude Oil,PF4,Spot Price FOB,RBRTE,Europe Brent Spot Price FOB (Dollars per Barrel),16.24,$/BBL
1989-08-11,ZEU,NA,EPCBRENT,UK Brent Crude Oil,PF4,Spot Price FOB,RBRTE,Europe Brent Spot Price FOB (Dollars per Barrel),16.54,$/BBL
1989-08-18,ZEU,NA,EPCBRENT,UK Brent Crude Oil,PF4,Spot Price FOB,RBRTE,Europe Brent Spot Price FOB (Dollars per Barrel),16.93,$/BBL
1989-08-25,ZEU,NA,EPCBRENT,UK Brent Crude Oil,PF4,Spot Price FOB,RBRTE,Europe Brent Spot Price FOB (Dollars per Barrel),17.02,$/BBL
1989-09-01,ZEU,NA,EPCBRENT,UK Brent Crude Oil,PF4,Spot Price FOB,RBRTE,Europe Brent Spot Price FOB (Dollars per Barrel),17.15,$/BBL
1989-09-08,ZEU,NA,EPCBRENT,UK Brent Crude Oil,PF4,Spot Price FOB,RBRTE,Europe Brent Spot Price FOB (Dollars per Barrel),17.66,$/BBL
1989-09-15,ZEU,NA,EPCBRENT,UK Brent Crude Oil,PF4,Spot Price FOB,RBRTE,Europe Brent Spot Price FOB (Dollars per Barrel),17.94,$/BBL
1989-09-22,ZEU,NA,EPCBRENT,UK Brent Crude Oil,PF4,Spot Price FOB,RBRTE,Europe Brent Spot Price FOB (Dollars per Barrel),17.83,$/BBL
1989-09-29,ZEU,NA,EPCBRENT,UK Brent Crude Oil,PF4,Spot Price FOB,RBRTE,Europe Brent Spot Price FOB (Dollars per Barrel),17.72,$/BBL
1989-10-06,ZEU,NA,EPCBRENT,UK Brent Crude Oil,PF4,Spot Price FOB,RBRTE,Europe Brent Spot Price FOB (Dollars per Barrel),18.59,$/BBL
1989-10-13,ZEU,NA,EPCBRENT,UK Brent Crude Oil,PF4,Spot Price FOB,RBRTE,Europe Brent Spot Price FOB (Dollars per Barrel),18.9,$/BBL
1989-10-20,ZEU,NA,EPCBRENT,UK Brent Crude Oil,PF4,Spot Price FOB,RBRTE,Europe Brent Spot Price FOB (Dollars per Barrel),19.37,$/BBL
1989-10-27,ZEU,NA,EPCBRENT,UK Brent Crude Oil,PF4,Spot Price FOB,RBRTE,Europe Brent Spot Price FOB (Dollars per Barrel),18.75,$/BBL
1989-11-03,ZEU,NA,EPCBRENT,UK Brent Crude Oil,PF4,Spot Price FOB,RBRTE,Europe Brent Spot Price FOB (Dollars per Barrel),19.07,$/BBL
1989-11-10,ZEU,NA,EPCBRENT,UK Brent Crude Oil,PF4,Spot Price FOB,RBRTE,Europe Brent Spot Price FOB (Dollars per Barrel),18.93,$/BBL
1989-11-17,ZEU,NA,EPCBRENT,UK Brent Crude Oil,PF4,Spot Price FOB,RBRTE,Europe Brent Spot Price FOB (Dollars per Barrel),18.72,$/BBL
1989-11-24,ZEU,NA,EPCBRENT,UK Brent Crude Oil,PF4,Spot Price FOB,RBRTE,Europe Brent Spot Price FOB (Dollars per Barrel),18.59,$/BBL
1989-12-01,ZEU,NA,EPCBRENT,UK Brent Crude Oil,PF4,Spot Price FOB,RBRTE,Europe Brent Spot Price FOB (Dollars per Barrel),18.41,$/BBL
1989-12-08,ZEU,NA,EPCBRENT,UK Brent Crude Oil,PF4,Spot Price FOB,RBRTE,Europe Brent Spot Price FOB (Dollars per Barrel),19.24,$/BBL
1989-12-15,ZEU,NA,EPCBRENT,UK Brent Crude Oil,PF4,Spot Price FOB,RBRTE,Europe Brent Spot Price FOB (Dollars per Barrel),19.62,$/BBL
1989-12-22,ZEU,NA,EPCBRENT,UK Brent Crude Oil,PF4,Spot Price FOB,RBRTE,Europe Brent Spot Price FOB (Dollars per Barrel),20.22,$/BBL
1989-12-29,ZEU,NA,EPCBRENT,UK Brent Crude Oil,PF4,Spot Price FOB,RBRTE,Europe Brent Spot Price FOB (Dollars per Barrel),20.93,$/BBL
1990-01-05,ZEU,NA,EPCBRENT,UK Brent Crude Oil,PF4,Spot Price FOB,RBRTE,Europe Brent Spot Price FOB (Dollars per Barrel),22.37,$/BBL
1990-01-12,ZEU,NA,EPCBRENT,UK Brent Crude Oil,PF4,Spot Price FOB,RBRTE,Europe Brent Spot Price FOB (Dollars per Barrel),21.67,$/BBL
1990-01-19,ZEU,NA,EPCBRENT,UK Brent Crude Oil,PF4,Spot Price FOB,RBRTE,Europe Brent Spot Price FOB (Dollars per Barrel),21.05,$/BBL
1990-01-26,ZEU,NA,EPCBRENT,UK Brent Crude Oil,PF4,Spot Price FOB,RBRTE,Europe Brent Spot Price FOB (Dollars per Barrel),20.49,$/BBL
1990-02-02,ZEU,NA,EPCBRENT,UK Brent Crude Oil,PF4,Spot Price FOB,RBRTE,Europe Brent Spot Price FOB (Dollars per Barrel),20.65,$/BBL
1990-02-09,ZEU,NA,EPCBRENT,UK Brent Crude Oil,PF4,Spot Price FOB,RBRTE,Europe Brent Spot Price FOB (Dollars per Barrel),20.26,$/BBL
1990-02-16,ZEU,NA,EPCBRENT,UK Brent Crude Oil,PF4,Spot Price FOB,RBRTE,Europe Brent Spot Price FOB (Dollars per Barrel),19.82,$/BBL
1990-02-23,ZEU,NA,EPCBRENT,UK Brent Crude Oil,PF4,Spot Price FOB,RBRTE,Europe Brent Spot Price FOB (Dollars per Barrel),19.45,$/BBL
1990-03-02,ZEU,NA,EPCBRENT,UK Brent Crude Oil,PF4,Spot Price FOB,RBRTE,Europe Brent Spot Price FOB (Dollars per Barrel),19.17,$/BBL
1990-03-09,ZEU,NA,EPCBRENT,UK Brent Crude Oil,PF4,Spot Price FOB,RBRTE,Europe Brent Spot Price FOB (Dollars per Barrel),18.94,$/BBL
1990-03-16,ZEU,NA,EPCBRENT,UK Brent Crude Oil,PF4,Spot Price FOB,RBRTE,Europe Brent Spot Price FOB (Dollars per Barrel),18.41,$/BBL
1990-03-23,ZEU,NA,EPCBRENT,UK Brent Crude Oil,PF4,Spot Price FOB,RBRTE,Europe Brent Spot Price FOB (Dollars per Barrel),17.81,$/BBL
1990-03-30,ZEU,NA,EPCBRENT,UK Brent Crude Oil,PF4,Spot Price FOB,RBRTE,Europe Brent Spot Price FOB (Dollars per Barrel),18.04,$/BBL
1990-04-06,ZEU,NA,EPCBRENT,UK Brent Crude Oil,PF4,Spot Price FOB,RBRTE,Europe Brent Spot Price FOB (Dollars per Barrel),17.8,$/BBL
1990-04-13,ZEU,NA,EPCBRENT,UK Brent Crude Oil,PF4,Spot Price FOB,RBRTE,Europe Brent Spot Price FOB (Dollars per Barrel),15.89,$/BBL
1990-04-20,ZEU,NA,EPCBRENT,UK Brent Crude Oil,PF4,Spot Price FOB,RBRTE,Europe Brent Spot Price FOB (Dollars per Barrel),15.88,$/BBL
1990-04-27,ZEU,NA,EPCBRENT,UK Brent Crude Oil,PF4,Spot Price FOB,RBRTE,Europe Brent Spot Price FOB (Dollars per Barrel),16.65,$/BBL
1990-05-04,ZEU,NA,EPCBRENT,UK Brent Crude Oil,PF4,Spot Price FOB,RBRTE,Europe Brent Spot Price FOB (Dollars per Barrel),16.17,$/BBL
1990-05-11,ZEU,NA,EPCBRENT,UK Brent Crude Oil,PF4,Spot Price FOB,RBRTE,Europe Brent Spot Price FOB (Dollars per Barrel),16.34,$/BBL
1990-05-18,ZEU,NA,EPCBRENT,UK Brent Crude Oil,PF4,Spot Price FOB,RBRTE,Europe Brent Spot Price FOB (Dollars per Barrel),17.24,$/BBL
1990-05-25,ZEU,NA,EPCBRENT,UK Brent Crude Oil,PF4,Spot Price FOB,RBRTE,Europe Brent Spot Price FOB (Dollars per Barrel),16.12,$/BBL
1990-06-01,ZEU,NA,EPCBRENT,UK Brent Crude Oil,PF4,Spot Price FOB,RBRTE,Europe Brent Spot Price FOB (Dollars per Barrel),15.55,$/BBL
1990-06-08,ZEU,NA,EPCBRENT,UK Brent Crude Oil,PF4,Spot Price FOB,RBRTE,Europe Brent Spot Price FOB (Dollars per Barrel),14.93,$/BBL
1990-06-15,ZEU,NA,EPCBRENT,UK Brent Crude Oil,PF4,Spot Price FOB,RBRTE,Europe Brent Spot Price FOB (Dollars per Barrel),15.01,$/BBL
1990-06-22,ZEU,NA,EPCBRENT,UK Brent Crude Oil,PF4,Spot Price FOB,RBRTE,Europe Brent Spot Price FOB (Dollars per Barrel),14.9,$/BBL
1990-06-29,ZEU,NA,EPCBRENT,UK Brent Crude Oil,PF4,Spot Price FOB,RBRTE,Europe Brent Spot Price FOB (Dollars per Barrel),15.52,$/BBL
1990-07-06,ZEU,NA,EPCBRENT,UK Brent Crude Oil,PF4,Spot Price FOB,RBRTE,Europe Brent Spot Price FOB (Dollars per Barrel),15.39,$/BBL
1990-07-13,ZEU,NA,EPCBRENT,UK Brent Crude Oil,PF4,Spot Price FOB,RBRTE,Europe Brent Spot Price FOB (Dollars per Barrel),15.83,$/BBL
1990-07-20,ZEU,NA,EPCBRENT,UK Brent Crude Oil,PF4,Spot Price FOB,RBRTE,Europe Brent Spot Price FOB (Dollars per Barrel),17.77,$/BBL
1990-07-27,ZEU,NA,EPCBRENT,UK Brent Crude Oil,PF4,Spot Price FOB,RBRTE,Europe Brent Spot Price FOB (Dollars per Barrel),18.91,$/BBL
1990-08-03,ZEU,NA,EPCBRENT,UK Brent Crude Oil,PF4,Spot Price FOB,RBRTE,Europe Brent Spot Price FOB (Dollars per Barrel),20.9,$/BBL
1990-08-10,ZEU,NA,EPCBRENT,UK Brent Crude Oil,PF4,Spot Price FOB,RBRTE,Europe Brent Spot Price FOB (Dollars per Barrel),26.4,$/BBL
1990-08-17,ZEU,NA,EPCBRENT,UK Brent Crude Oil,PF4,Spot Price FOB,RBRTE,Europe Brent Spot Price FOB (Dollars per Barrel),27.18,$/BBL
1990-08-24,ZEU,NA,EPCBRENT,UK Brent Crude Oil,PF4,Spot Price FOB,RBRTE,Europe Brent Spot Price FOB (Dollars per Barrel),30.48,$/BBL
1990-08-31,ZEU,NA,EPCBRENT,UK Brent Crude Oil,PF4,Spot Price FOB,RBRTE,Europe Brent Spot Price FOB (Dollars per Barrel),27.65,$/BBL
1990-09-07,ZEU,NA,EPCBRENT,UK Brent Crude Oil,PF4,Spot Price FOB,RBRTE,Europe Brent Spot Price FOB (Dollars per Barrel),31.09,$/BBL
1990-09-14,ZEU,NA,EPCBRENT,UK Brent Crude Oil,PF4,Spot Price FOB,RBRTE,Europe Brent Spot Price FOB (Dollars per Barrel),32.01,$/BBL
1990-09-21,ZEU,NA,EPCBRENT,UK Brent Crude Oil,PF4,Spot Price FOB,RBRTE,Europe Brent Spot Price FOB (Dollars per Barrel),35.71,$/BBL
1990-09-28,ZEU,NA,EPCBRENT,UK Brent Crude Oil,PF4,Spot Price FOB,RBRTE,Europe Brent Spot Price FOB (Dollars per Barrel),40.79,$/BBL
1990-10-05,ZEU,NA,EPCBRENT,UK Brent Crude Oil,PF4,Spot Price FOB,RBRTE,Europe Brent Spot Price FOB (Dollars per Barrel),37.64,$/BBL
1990-10-12,ZEU,NA,EPCBRENT,UK Brent Crude Oil,PF4,Spot Price FOB,RBRTE,Europe Brent Spot Price FOB (Dollars per Barrel),40.27,$/BBL
1990-10-19,ZEU,NA,EPCBRENT,UK Brent Crude Oil,PF4,Spot Price FOB,RBRTE,Europe Brent Spot Price FOB (Dollars per Barrel),36.28,$/BBL
1990-10-26,ZEU,NA,EPCBRENT,UK Brent Crude Oil,PF4,Spot Price FOB,RBRTE,Europe Brent Spot Price FOB (Dollars per Barrel),30.63,$/BBL
1990-11-02,ZEU,NA,EPCBRENT,UK Brent Crude Oil,PF4,Spot Price FOB,RBRTE,Europe Brent Spot Price FOB (Dollars per Barrel),35.03,$/BBL
1990-11-09,ZEU,NA,EPCBRENT,UK Brent Crude Oil,PF4,Spot Price FOB,RBRTE,Europe Brent Spot Price FOB (Dollars per Barrel),34.13,$/BBL
1990-11-16,ZEU,NA,EPCBRENT,UK Brent Crude Oil,PF4,Spot Price FOB,RBRTE,Europe Brent Spot Price FOB (Dollars per Barrel),32.24,$/BBL
1990-11-23,ZEU,NA,EPCBRENT,UK Brent Crude Oil,PF4,Spot Price FOB,RBRTE,Europe Brent Spot Price FOB (Dollars per Barrel),31.01,$/BBL
1990-11-30,ZEU,NA,EPCBRENT,UK Brent Crude Oil,PF4,Spot Price FOB,RBRTE,Europe Brent Spot Price FOB (Dollars per Barrel),33.98,$/BBL
1990-12-07,ZEU,NA,EPCBRENT,UK Brent Crude Oil,PF4,Spot Price FOB,RBRTE,Europe Brent Spot Price FOB (Dollars per Barrel),29.72,$/BBL
1990-12-14,ZEU,NA,EPCBRENT,UK Brent Crude Oil,PF4,Spot Price FOB,RBRTE,Europe Brent Spot Price FOB (Dollars per Barrel),28.06,$/BBL
1990-12-21,ZEU,NA,EPCBRENT,UK Brent Crude Oil,PF4,Spot Price FOB,RBRTE,Europe Brent Spot Price FOB (Dollars per Barrel),27.67,$/BBL
1990-12-28,ZEU,NA,EPCBRENT,UK Brent Crude Oil,PF4,Spot Price FOB,RBRTE,Europe Brent Spot Price FOB (Dollars per Barrel),27.47,$/BBL
1991-01-04,ZEU,NA,EPCBRENT,UK Brent Crude Oil,PF4,Spot Price FOB,RBRTE,Europe Brent Spot Price FOB (Dollars per Barrel),26.07,$/BBL
1991-01-11,ZEU,NA,EPCBRENT,UK Brent Crude Oil,PF4,Spot Price FOB,RBRTE,Europe Brent Spot Price FOB (Dollars per Barrel),25.33,$/BBL
1991-01-18,ZEU,NA,EPCBRENT,UK Brent Crude Oil,PF4,Spot Price FOB,RBRTE,Europe Brent Spot Price FOB (Dollars per Barrel),25.86,$/BBL
1991-01-25,ZEU,NA,EPCBRENT,UK Brent Crude Oil,PF4,Spot Price FOB,RBRTE,Europe Brent Spot Price FOB (Dollars per Barrel),20.77,$/BBL
1991-02-01,ZEU,NA,EPCBRENT,UK Brent Crude Oil,PF4,Spot Price FOB,RBRTE,Europe Brent Spot Price FOB (Dollars per Barrel),20.72,$/BBL
1991-02-08,ZEU,NA,EPCBRENT,UK Brent Crude Oil,PF4,Spot Price FOB,RBRTE,Europe Brent Spot Price FOB (Dollars per Barrel),20.63,$/BBL
1991-02-15,ZEU,NA,EPCBRENT,UK Brent Crude Oil,PF4,Spot Price FOB,RBRTE,Europe Brent Spot Price FOB (Dollars per Barrel),20.44,$/BBL
1991-02-22,ZEU,NA,EPCBRENT,UK Brent Crude Oil,PF4,Spot Price FOB,RBRTE,Europe Brent Spot Price FOB (Dollars per Barrel),18.13,$/BBL
1991-03-01,ZEU,NA,EPCBRENT,UK Brent Crude Oil,PF4,Spot Price FOB,RBRTE,Europe Brent Spot Price FOB (Dollars per Barrel),18.66,$/BBL
1991-03-08,ZEU,NA,EPCBRENT,UK Brent Crude Oil,PF4,Spot Price FOB,RBRTE,Europe Brent Spot Price FOB (Dollars per Barrel),19.77,$/BBL
1991-03-15,ZEU,NA,EPCBRENT,UK Brent Crude Oil,PF4,Spot Price FOB,RBRTE,Europe Brent Spot Price FOB (Dollars per Barrel),19.28,$/BBL
1991-03-22,ZEU,NA,EPCBRENT,UK Brent Crude Oil,PF4,Spot Price FOB,RBRTE,Europe Brent Spot Price FOB (Dollars per Barrel),18.8,$/BBL
1991-03-29,ZEU,NA,EPCBRENT,UK Brent Crude Oil,PF4,Spot Price FOB,RBRTE,Europe Brent Spot Price FOB (Dollars per Barrel),18.28,$/BBL
1991-04-05,ZEU,NA,EPCBRENT,UK Brent Crude Oil,PF4,Spot Price FOB,RBRTE,Europe Brent Spot Price FOB (Dollars per Barrel),17.95,$/BBL
1991-04-12,ZEU,NA,EPCBRENT,UK Brent Crude Oil,PF4,Spot Price FOB,RBRTE,Europe Brent Spot Price FOB (Dollars per Barrel),19.17,$/BBL
1991-04-19,ZEU,NA,EPCBRENT,UK Brent Crude Oil,PF4,Spot Price FOB,RBRTE,Europe Brent Spot Price FOB (Dollars per Barrel),19.71,$/BBL
1991-04-26,ZEU,NA,EPCBRENT,UK Brent Crude Oil,PF4,Spot Price FOB,RBRTE,Europe Brent Spot Price FOB (Dollars per Barrel),19.63,$/BBL
1991-05-03,ZEU,NA,EPCBRENT,UK Brent Crude Oil,PF4,Spot Price FOB,RBRTE,Europe Brent Spot Price FOB (Dollars per Barrel),19.72,$/BBL
1991-05-10,ZEU,NA,EPCBRENT,UK Brent Crude Oil,PF4,Spot Price FOB,RBRTE,Europe Brent Spot Price FOB (Dollars per Barrel),19.81,$/BBL
1991-05-17,ZEU,NA,EPCBRENT,UK Brent Crude Oil,PF4,Spot Price FOB,RBRTE,Europe Brent Spot Price FOB (Dollars per Barrel),18.9,$/BBL
1991-05-24,ZEU,NA,EPCBRENT,UK Brent Crude Oil,PF4,Spot Price FOB,RBRTE,Europe Brent Spot Price FOB (Dollars per Barrel),18.82,$/BBL
1991-05-31,ZEU,NA,EPCBRENT,UK Brent Crude Oil,PF4,Spot Price FOB,RBRTE,Europe Brent Spot Price FOB (Dollars per Barrel),18.87,$/BBL
1991-06-07,ZEU,NA,EPCBRENT,UK Brent Crude Oil,PF4,Spot Price FOB,RBRTE,Europe Brent Spot Price FOB (Dollars per Barrel),18.55,$/BBL
1991-06-14,ZEU,NA,EPCBRENT,UK Brent Crude Oil,PF4,Spot Price FOB,RBRTE,Europe Brent Spot Price FOB (Dollars per Barrel),17.86,$/BBL
1991-06-21,ZEU,NA,EPCBRENT,UK Brent Crude Oil,PF4,Spot Price FOB,RBRTE,Europe Brent Spot Price FOB (Dollars per Barrel),18.06,$/BBL
1991-06-28,ZEU,NA,EPCBRENT,UK Brent Crude Oil,PF4,Spot Price FOB,RBRTE,Europe Brent Spot Price FOB (Dollars per Barrel),18.2,$/BBL
1991-07-05,ZEU,NA,EPCBRENT,UK Brent Crude Oil,PF4,Spot Price FOB,RBRTE,Europe Brent Spot Price FOB (Dollars per Barrel),18.55,$/BBL
1991-07-12,ZEU,NA,EPCBRENT,UK Brent Crude Oil,PF4,Spot Price FOB,RBRTE,Europe Brent Spot Price FOB (Dollars per Barrel),19.24,$/BBL
1991-07-19,ZEU,NA,EPCBRENT,UK Brent Crude Oil,PF4,Spot Price FOB,RBRTE,Europe Brent Spot Price FOB (Dollars per Barrel),20.02,$/BBL
1991-07-26,ZEU,NA,EPCBRENT,UK Brent Crude Oil,PF4,Spot Price FOB,RBRTE,Europe Brent Spot Price FOB (Dollars per Barrel),19.66,$/BBL
1991-08-02,ZEU,NA,EPCBRENT,UK Brent Crude Oil,PF4,Spot Price FOB,RBRTE,Europe Brent Spot Price FOB (Dollars per Barrel),19.57,$/BBL
1991-08-09,ZEU,NA,EPCBRENT,UK Brent Crude Oil,PF4,Spot Price FOB,RBRTE,Europe Brent Spot Price FOB (Dollars per Barrel),19.52,$/BBL
1991-08-16,ZEU,NA,EPCBRENT,UK Brent Crude Oil,PF4,Spot Price FOB,RBRTE,Europe Brent Spot Price FOB (Dollars per Barrel),19.39,$/BBL
1991-08-23,ZEU,NA,EPCBRENT,UK Brent Crude Oil,PF4,Spot Price FOB,RBRTE,Europe Brent Spot Price FOB (Dollars per Barrel),20.09,$/BBL
1991-08-30,ZEU,NA,EPCBRENT,UK Brent Crude Oil,PF4,Spot Price FOB,RBRTE,Europe Brent Spot Price FOB (Dollars per Barrel),20.17,$/BBL
1991-09-06,ZEU,NA,EPCBRENT,UK Brent Crude Oil,PF4,Spot Price FOB,RBRTE,Europe Brent Spot Price FOB (Dollars per Barrel),20.34,$/BBL
1991-09-13,ZEU,NA,EPCBRENT,UK Brent Crude Oil,PF4,Spot Price FOB,RBRTE,Europe Brent Spot Price FOB (Dollars per Barrel),20.08,$/BBL
1991-09-20,ZEU,NA,EPCBRENT,UK Brent Crude Oil,PF4,Spot Price FOB,RBRTE,Europe Brent Spot Price FOB (Dollars per Barrel),20.47,$/BBL
1991-09-27,ZEU,NA,EPCBRENT,UK Brent Crude Oil,PF4,Spot Price FOB,RBRTE,Europe Brent Spot Price FOB (Dollars per Barrel),20.94,$/BBL
1991-10-04,ZEU,NA,EPCBRENT,UK Brent Crude Oil,PF4,Spot Price FOB,RBRTE,Europe Brent Spot Price FOB (Dollars per Barrel),21.49,$/BBL
1991-10-11,ZEU,NA,EPCBRENT,UK Brent Crude Oil,PF4,Spot Price FOB,RBRTE,Europe Brent Spot Price FOB (Dollars per Barrel),22.11,$/BBL
1991-10-18,ZEU,NA,EPCBRENT,UK Brent Crude Oil,PF4,Spot Price FOB,RBRTE,Europe Brent Spot Price FOB (Dollars per Barrel),22.75,$/BBL
1991-10-25,ZEU,NA,EPCBRENT,UK Brent Crude Oil,PF4,Spot Price FOB,RBRTE,Europe Brent Spot Price FOB (Dollars per Barrel),22.54,$/BBL
1991-11-01,ZEU,NA,EPCBRENT,UK Brent Crude Oil,PF4,Spot Price FOB,RBRTE,Europe Brent Spot Price FOB (Dollars per Barrel),22.05,$/BBL
1991-11-08,ZEU,NA,EPCBRENT,UK Brent Crude Oil,PF4,Spot Price FOB,RBRTE,Europe Brent Spot Price FOB (Dollars per Barrel),22.18,$/BBL
1991-11-15,ZEU,NA,EPCBRENT,UK Brent Crude Oil,PF4,Spot Price FOB,RBRTE,Europe Brent Spot Price FOB (Dollars per Barrel),21.36,$/BBL
1991-11-22,ZEU,NA,EPCBRENT,UK Brent Crude Oil,PF4,Spot Price FOB,RBRTE,Europe Brent Spot Price FOB (Dollars per Barrel),20.76,$/BBL
1991-11-29,ZEU,NA,EPCBRENT,UK Brent Crude Oil,PF4,Spot Price FOB,RBRTE,Europe Brent Spot Price FOB (Dollars per Barrel),19.85,$/BBL
1991-12-06,ZEU,NA,EPCBRENT,UK Brent Crude Oil,PF4,Spot Price FOB,RBRTE,Europe Brent Spot Price FOB (Dollars per Barrel),19.24,$/BBL
1991-12-13,ZEU,NA,EPCBRENT,UK Brent Crude Oil,PF4,Spot Price FOB,RBRTE,Europe Brent Spot Price FOB (Dollars per Barrel),18.45,$/BBL
1991-12-20,ZEU,NA,EPCBRENT,UK Brent Crude Oil,PF4,Spot Price FOB,RBRTE,Europe Brent Spot Price FOB (Dollars per Barrel),18.31,$/BBL
1991-12-27,ZEU,NA,EPCBRENT,UK Brent Crude Oil,PF4,Spot Price FOB,RBRTE,Europe Brent Spot Price FOB (Dollars per Barrel),17.73,$/BBL
1992-01-03,ZEU,NA,EPCBRENT,UK Brent Crude Oil,PF4,Spot Price FOB,RBRTE,Europe Brent Spot Price FOB (Dollars per Barrel),18.18,$/BBL
1992-01-10,ZEU,NA,EPCBRENT,UK Brent Crude Oil,PF4,Spot Price FOB,RBRTE,Europe Brent Spot Price FOB (Dollars per Barrel),17.77,$/BBL
1992-01-17,ZEU,NA,EPCBRENT,UK Brent Crude Oil,PF4,Spot Price FOB,RBRTE,Europe Brent Spot Price FOB (Dollars per Barrel),18.37,$/BBL
1992-01-24,ZEU,NA,EPCBRENT,UK Brent Crude Oil,PF4,Spot Price FOB,RBRTE,Europe Brent Spot Price FOB (Dollars per Barrel),18.11,$/BBL
1992-01-31,ZEU,NA,EPCBRENT,UK Brent Crude Oil,PF4,Spot Price FOB,RBRTE,Europe Brent Spot Price FOB (Dollars per Barrel),18.28,$/BBL
1992-02-07,ZEU,NA,EPCBRENT,UK Brent Crude Oil,PF4,Spot Price FOB,RBRTE,Europe Brent Spot Price FOB (Dollars per Barrel),18.47,$/BBL
1992-02-14,ZEU,NA,EPCBRENT,UK Brent Crude Oil,PF4,Spot Price FOB,RBRTE,Europe Brent Spot Price FOB (Dollars per Barrel),18.58,$/BBL
1992-02-21,ZEU,NA,EPCBRENT,UK Brent Crude Oil,PF4,Spot Price FOB,RBRTE,Europe Brent Spot Price FOB (Dollars per Barrel),17.74,$/BBL
1992-02-28,ZEU,NA,EPCBRENT,UK Brent Crude Oil,PF4,Spot Price FOB,RBRTE,Europe Brent Spot Price FOB (Dollars per Barrel),17.42,$/BBL
1992-03-06,ZEU,NA,EPCBRENT,UK Brent Crude Oil,PF4,Spot Price FOB,RBRTE,Europe Brent Spot Price FOB (Dollars per Barrel),17.28,$/BBL
1992-03-13,ZEU,NA,EPCBRENT,UK Brent Crude Oil,PF4,Spot Price FOB,RBRTE,Europe Brent Spot Price FOB (Dollars per Barrel),17.4,$/BBL
1992-03-20,ZEU,NA,EPCBRENT,UK Brent Crude Oil,PF4,Spot Price FOB,RBRTE,Europe Brent Spot Price FOB (Dollars per Barrel),17.73,$/BBL
1992-03-27,ZEU,NA,EPCBRENT,UK Brent Crude Oil,PF4,Spot Price FOB,RBRTE,Europe Brent Spot Price FOB (Dollars per Barrel),17.75,$/BBL
1992-04-03,ZEU,NA,EPCBRENT,UK Brent Crude Oil,PF4,Spot Price FOB,RBRTE,Europe Brent Spot Price FOB (Dollars per Barrel),18.52,$/BBL
1992-04-10,ZEU,NA,EPCBRENT,UK Brent Crude Oil,PF4,Spot Price FOB,RBRTE,Europe Brent Spot Price FOB (Dollars per Barrel),19.01,$/BBL
1992-04-17,ZEU,NA,EPCBRENT,UK Brent Crude Oil,PF4,Spot Price FOB,RBRTE,Europe Brent Spot Price FOB (Dollars per Barrel),18.86,$/BBL
1992-04-24,ZEU,NA,EPCBRENT,UK Brent Crude Oil,PF4,Spot Price FOB,RBRTE,Europe Brent Spot Price FOB (Dollars per Barrel),18.86,$/BBL
1992-05-01,ZEU,NA,EPCBRENT,UK Brent Crude Oil,PF4,Spot Price FOB,RBRTE,Europe Brent Spot Price FOB (Dollars per Barrel),19.37,$/BBL
1992-05-08,ZEU,NA,EPCBRENT,UK Brent Crude Oil,PF4,Spot Price FOB,RBRTE,Europe Brent Spot Price FOB (Dollars per Barrel),19.76,$/BBL
1992-05-15,ZEU,NA,EPCBRENT,UK Brent Crude Oil,PF4,Spot Price FOB,RBRTE,Europe Brent Spot Price FOB (Dollars per Barrel),19.79,$/BBL
1992-05-22,ZEU,NA,EPCBRENT,UK Brent Crude Oil,PF4,Spot Price FOB,RBRTE,Europe Brent Spot Price FOB (Dollars per Barrel),19.49,$/BBL
1992-05-29,ZEU,NA,EPCBRENT,UK Brent Crude Oil,PF4,Spot Price FOB,RBRTE,Europe Brent Spot Price FOB (Dollars per Barrel),20.68,$/BBL
1992-06-05,ZEU,NA,EPCBRENT,UK Brent Crude Oil,PF4,Spot Price FOB,RBRTE,Europe Brent Spot Price FOB (Dollars per Barrel),21.08,$/BBL
1992-06-12,ZEU,NA,EPCBRENT,UK Brent Crude Oil,PF4,Spot Price FOB,RBRTE,Europe Brent Spot Price FOB (Dollars per Barrel),21.21,$/BBL
1992-06-19,ZEU,NA,EPCBRENT,UK Brent Crude Oil,PF4,Spot Price FOB,RBRTE,Europe Brent Spot Price FOB (Dollars per Barrel),21.16,$/BBL
1992-06-26,ZEU,NA,EPCBRENT,UK Brent Crude Oil,PF4,Spot Price FOB,RBRTE,Europe Brent Spot Price FOB (Dollars per Barrel),21.31,$/BBL
1992-07-03,ZEU,NA,EPCBRENT,UK Brent Crude Oil,PF4,Spot Price FOB,RBRTE,Europe Brent Spot Price FOB (Dollars per Barrel),20.62,$/BBL
1992-07-10,ZEU,NA,EPCBRENT,UK Brent Crude Oil,PF4,Spot Price FOB,RBRTE,Europe Brent Spot Price FOB (Dollars per Barrel),19.95,$/BBL
1992-07-17,ZEU,NA,EPCBRENT,UK Brent Crude Oil,PF4,Spot Price FOB,RBRTE,Europe Brent Spot Price FOB (Dollars per Barrel),20.02,$/BBL
1992-07-24,ZEU,NA,EPCBRENT,UK Brent Crude Oil,PF4,Spot Price FOB,RBRTE,Europe Brent Spot Price FOB (Dollars per Barrel),20.26,$/BBL
1992-07-31,ZEU,NA,EPCBRENT,UK Brent Crude Oil,PF4,Spot Price FOB,RBRTE,Europe Brent Spot Price FOB (Dollars per Barrel),20.58,$/BBL
1992-08-07,ZEU,NA,EPCBRENT,UK Brent Crude Oil,PF4,Spot Price FOB,RBRTE,Europe Brent Spot Price FOB (Dollars per Barrel),19.88,$/BBL
1992-08-14,ZEU,NA,EPCBRENT,UK Brent Crude Oil,PF4,Spot Price FOB,RBRTE,Europe Brent Spot Price FOB (Dollars per Barrel),19.68,$/BBL
1992-08-21,ZEU,NA,EPCBRENT,UK Brent Crude Oil,PF4,Spot Price FOB,RBRTE,Europe Brent Spot Price FOB (Dollars per Barrel),19.79,$/BBL
1992-08-28,ZEU,NA,EPCBRENT,UK Brent Crude Oil,PF4,Spot Price FOB,RBRTE,Europe Brent Spot Price FOB (Dollars per Barrel),19.62,$/BBL
1992-09-04,ZEU,NA,EPCBRENT,UK Brent Crude Oil,PF4,Spot Price FOB,RBRTE,Europe Brent Spot Price FOB (Dollars per Barrel),19.9,$/BBL
1992-09-11,ZEU,NA,EPCBRENT,UK Brent Crude Oil,PF4,Spot Price FOB,RBRTE,Europe Brent Spot Price FOB (Dollars per Barrel),20.28,$/BBL
1992-09-18,ZEU,NA,EPCBRENT,UK Brent Crude Oil,PF4,Spot Price FOB,RBRTE,Europe Brent Spot Price FOB (Dollars per Barrel),20.45,$/BBL
1992-09-25,ZEU,NA,EPCBRENT,UK Brent Crude Oil,PF4,Spot Price FOB,RBRTE,Europe Brent Spot Price FOB (Dollars per Barrel),20.35,$/BBL
1992-10-02,ZEU,NA,EPCBRENT,UK Brent Crude Oil,PF4,Spot Price FOB,RBRTE,Europe Brent Spot Price FOB (Dollars per Barrel),20.26,$/BBL
1992-10-09,ZEU,NA,EPCBRENT,UK Brent Crude Oil,PF4,Spot Price FOB,RBRTE,Europe Brent Spot Price FOB (Dollars per Barrel),20.33,$/BBL
1992-10-16,ZEU,NA,EPCBRENT,UK Brent Crude Oil,PF4,Spot Price FOB,RBRTE,Europe Brent Spot Price FOB (Dollars per Barrel),20.76,$/BBL
1992-10-23,ZEU,NA,EPCBRENT,UK Brent Crude Oil,PF4,Spot Price FOB,RBRTE,Europe Brent Spot Price FOB (Dollars per Barrel),20.37,$/BBL
1992-10-30,ZEU,NA,EPCBRENT,UK Brent Crude Oil,PF4,Spot Price FOB,RBRTE,Europe Brent Spot Price FOB (Dollars per Barrel),19.55,$/BBL
1992-11-06,ZEU,NA,EPCBRENT,UK Brent Crude Oil,PF4,Spot Price FOB,RBRTE,Europe Brent Spot Price FOB (Dollars per Barrel),19.19,$/BBL
1992-11-13,ZEU,NA,EPCBRENT,UK Brent Crude Oil,PF4,Spot Price FOB,RBRTE,Europe Brent Spot Price FOB (Dollars per Barrel),19.25,$/BBL
1992-11-20,ZEU,NA,EPCBRENT,UK Brent Crude Oil,PF4,Spot Price FOB,RBRTE,Europe Brent Spot Price FOB (Dollars per Barrel),19.28,$/BBL
1992-11-27,ZEU,NA,EPCBRENT,UK Brent Crude Oil,PF4,Spot Price FOB,RBRTE,Europe Brent Spot Price FOB (Dollars per Barrel),19.12,$/BBL
1992-12-04,ZEU,NA,EPCBRENT,UK Brent Crude Oil,PF4,Spot Price FOB,RBRTE,Europe Brent Spot Price FOB (Dollars per Barrel),18.57,$/BBL
1992-12-11,ZEU,NA,EPCBRENT,UK Brent Crude Oil,PF4,Spot Price FOB,RBRTE,Europe Brent Spot Price FOB (Dollars per Barrel),18.12,$/BBL
1992-12-18,ZEU,NA,EPCBRENT,UK Brent Crude Oil,PF4,Spot Price FOB,RBRTE,Europe Brent Spot Price FOB (Dollars per Barrel),18.04,$/BBL
1992-12-25,ZEU,NA,EPCBRENT,UK Brent Crude Oil,PF4,Spot Price FOB,RBRTE,Europe Brent Spot Price FOB (Dollars per Barrel),18.23,$/BBL
1993-01-01,ZEU,NA,EPCBRENT,UK Brent Crude Oil,PF4,Spot Price FOB,RBRTE,Europe Brent Spot Price FOB (Dollars per Barrel),17.87,$/BBL
1993-01-08,ZEU,NA,EPCBRENT,UK Brent Crude Oil,PF4,Spot Price FOB,RBRTE,Europe Brent Spot Price FOB (Dollars per Barrel),17.51,$/BBL
1993-01-15,ZEU,NA,EPCBRENT,UK Brent Crude Oil,PF4,Spot Price FOB,RBRTE,Europe Brent Spot Price FOB (Dollars per Barrel),17.05,$/BBL
1993-01-22,ZEU,NA,EPCBRENT,UK Brent Crude Oil,PF4,Spot Price FOB,RBRTE,Europe Brent Spot Price FOB (Dollars per Barrel),16.98,$/BBL
1993-01-29,ZEU,NA,EPCBRENT,UK Brent Crude Oil,PF4,Spot Price FOB,RBRTE,Europe Brent Spot Price FOB (Dollars per Barrel),18,$/BBL
1993-02-05,ZEU,NA,EPCBRENT,UK Brent Crude Oil,PF4,Spot Price FOB,RBRTE,Europe Brent Spot Price FOB (Dollars per Barrel),18.58,$/BBL
1993-02-12,ZEU,NA,EPCBRENT,UK Brent Crude Oil,PF4,Spot Price FOB,RBRTE,Europe Brent Spot Price FOB (Dollars per Barrel),18.45,$/BBL
1993-02-19,ZEU,NA,EPCBRENT,UK Brent Crude Oil,PF4,Spot Price FOB,RBRTE,Europe Brent Spot Price FOB (Dollars per Barrel),18.05,$/BBL
1993-02-26,ZEU,NA,EPCBRENT,UK Brent Crude Oil,PF4,Spot Price FOB,RBRTE,Europe Brent Spot Price FOB (Dollars per Barrel),18.81,$/BBL
1993-03-05,ZEU,NA,EPCBRENT,UK Brent Crude Oil,PF4,Spot Price FOB,RBRTE,Europe Brent Spot Price FOB (Dollars per Barrel),19.15,$/BBL
1993-03-12,ZEU,NA,EPCBRENT,UK Brent Crude Oil,PF4,Spot Price FOB,RBRTE,Europe Brent Spot Price FOB (Dollars per Barrel),19.02,$/BBL
1993-03-19,ZEU,NA,EPCBRENT,UK Brent Crude Oil,PF4,Spot Price FOB,RBRTE,Europe Brent Spot Price FOB (Dollars per Barrel),18.66,$/BBL
1993-03-26,ZEU,NA,EPCBRENT,UK Brent Crude Oil,PF4,Spot Price FOB,RBRTE,Europe Brent Spot Price FOB (Dollars per Barrel),18.42,$/BBL
1993-04-02,ZEU,NA,EPCBRENT,UK Brent Crude Oil,PF4,Spot Price FOB,RBRTE,Europe Brent Spot Price FOB (Dollars per Barrel),18.73,$/BBL
1993-04-09,ZEU,NA,EPCBRENT,UK Brent Crude Oil,PF4,Spot Price FOB,RBRTE,Europe Brent Spot Price FOB (Dollars per Barrel),18.71,$/BBL
1993-04-16,ZEU,NA,EPCBRENT,UK Brent Crude Oil,PF4,Spot Price FOB,RBRTE,Europe Brent Spot Price FOB (Dollars per Barrel),18.67,$/BBL
1993-04-23,ZEU,NA,EPCBRENT,UK Brent Crude Oil,PF4,Spot Price FOB,RBRTE,Europe Brent Spot Price FOB (Dollars per Barrel),18.56,$/BBL
1993-04-30,ZEU,NA,EPCBRENT,UK Brent Crude Oil,PF4,Spot Price FOB,RBRTE,Europe Brent Spot Price FOB (Dollars per Barrel),18.67,$/BBL
1993-05-07,ZEU,NA,EPCBRENT,UK Brent Crude Oil,PF4,Spot Price FOB,RBRTE,Europe Brent Spot Price FOB (Dollars per Barrel),18.97,$/BBL
1993-05-14,ZEU,NA,EPCBRENT,UK Brent Crude Oil,PF4,Spot Price FOB,RBRTE,Europe Brent Spot Price FOB (Dollars per Barrel),18.76,$/BBL
1993-05-21,ZEU,NA,EPCBRENT,UK Brent Crude Oil,PF4,Spot Price FOB,RBRTE,Europe Brent Spot Price FOB (Dollars per Barrel),18.15,$/BBL
1993-05-28,ZEU,NA,EPCBRENT,UK Brent Crude Oil,PF4,Spot Price FOB,RBRTE,Europe Brent Spot Price FOB (Dollars per Barrel),18.25,$/BBL
1993-06-04,ZEU,NA,EPCBRENT,UK Brent Crude Oil,PF4,Spot Price FOB,RBRTE,Europe Brent Spot Price FOB (Dollars per Barrel),18.34,$/BBL
1993-06-11,ZEU,NA,EPCBRENT,UK Brent Crude Oil,PF4,Spot Price FOB,RBRTE,Europe Brent Spot Price FOB (Dollars per Barrel),18.06,$/BBL
1993-06-18,ZEU,NA,EPCBRENT,UK Brent Crude Oil,PF4,Spot Price FOB,RBRTE,Europe Brent Spot Price FOB (Dollars per Barrel),17.31,$/BBL
1993-06-25,ZEU,NA,EPCBRENT,UK Brent Crude Oil,PF4,Spot Price FOB,RBRTE,Europe Brent Spot Price FOB (Dollars per Barrel),17.2,$/BBL
1993-07-02,ZEU,NA,EPCBRENT,UK Brent Crude Oil,PF4,Spot Price FOB,RBRTE,Europe Brent Spot Price FOB (Dollars per Barrel),17.15,$/BBL
1993-07-09,ZEU,NA,EPCBRENT,UK Brent Crude Oil,PF4,Spot Price FOB,RBRTE,Europe Brent Spot Price FOB (Dollars per Barrel),16.8,$/BBL
1993-07-16,ZEU,NA,EPCBRENT,UK Brent Crude Oil,PF4,Spot Price FOB,RBRTE,Europe Brent Spot Price FOB (Dollars per Barrel),16.66,$/BBL
1993-07-23,ZEU,NA,EPCBRENT,UK Brent Crude Oil,PF4,Spot Price FOB,RBRTE,Europe Brent Spot Price FOB (Dollars per Barrel),16.68,$/BBL
1993-07-30,ZEU,NA,EPCBRENT,UK Brent Crude Oil,PF4,Spot Price FOB,RBRTE,Europe Brent Spot Price FOB (Dollars per Barrel),16.95,$/BBL
1993-08-06,ZEU,NA,EPCBRENT,UK Brent Crude Oil,PF4,Spot Price FOB,RBRTE,Europe Brent Spot Price FOB (Dollars per Barrel),16.6,$/BBL
1993-08-13,ZEU,NA,EPCBRENT,UK Brent Crude Oil,PF4,Spot Price FOB,RBRTE,Europe Brent Spot Price FOB (Dollars per Barrel),16.61,$/BBL
1993-08-20,ZEU,NA,EPCBRENT,UK Brent Crude Oil,PF4,Spot Price FOB,RBRTE,Europe Brent Spot Price FOB (Dollars per Barrel),16.72,$/BBL
1993-08-27,ZEU,NA,EPCBRENT,UK Brent Crude Oil,PF4,Spot Price FOB,RBRTE,Europe Brent Spot Price FOB (Dollars per Barrel),16.85,$/BBL
1993-09-03,ZEU,NA,EPCBRENT,UK Brent Crude Oil,PF4,Spot Price FOB,RBRTE,Europe Brent Spot Price FOB (Dollars per Barrel),16.53,$/BBL
1993-09-10,ZEU,NA,EPCBRENT,UK Brent Crude Oil,PF4,Spot Price FOB,RBRTE,Europe Brent Spot Price FOB (Dollars per Barrel),15.78,$/BBL
1993-09-17,ZEU,NA,EPCBRENT,UK Brent Crude Oil,PF4,Spot Price FOB,RBRTE,Europe Brent Spot Price FOB (Dollars per Barrel),15.47,$/BBL
1993-09-24,ZEU,NA,EPCBRENT,UK Brent Crude Oil,PF4,Spot Price FOB,RBRTE,Europe Brent Spot Price FOB (Dollars per Barrel),16.03,$/BBL
1993-10-01,ZEU,NA,EPCBRENT,UK Brent Crude Oil,PF4,Spot Price FOB,RBRTE,Europe Brent Spot Price FOB (Dollars per Barrel),16.72,$/BBL
1993-10-08,ZEU,NA,EPCBRENT,UK Brent Crude Oil,PF4,Spot Price FOB,RBRTE,Europe Brent Spot Price FOB (Dollars per Barrel),16.9,$/BBL
1993-10-15,ZEU,NA,EPCBRENT,UK Brent Crude Oil,PF4,Spot Price FOB,RBRTE,Europe Brent Spot Price FOB (Dollars per Barrel),16.96,$/BBL
1993-10-22,ZEU,NA,EPCBRENT,UK Brent Crude Oil,PF4,Spot Price FOB,RBRTE,Europe Brent Spot Price FOB (Dollars per Barrel),16.61,$/BBL
1993-10-29,ZEU,NA,EPCBRENT,UK Brent Crude Oil,PF4,Spot Price FOB,RBRTE,Europe Brent Spot Price FOB (Dollars per Barrel),15.86,$/BBL
1993-11-05,ZEU,NA,EPCBRENT,UK Brent Crude Oil,PF4,Spot Price FOB,RBRTE,Europe Brent Spot Price FOB (Dollars per Barrel),15.76,$/BBL
1993-11-12,ZEU,NA,EPCBRENT,UK Brent Crude Oil,PF4,Spot Price FOB,RBRTE,Europe Brent Spot Price FOB (Dollars per Barrel),15.22,$/BBL
1993-11-19,ZEU,NA,EPCBRENT,UK Brent Crude Oil,PF4,Spot Price FOB,RBRTE,Europe Brent Spot Price FOB (Dollars per Barrel),15.36,$/BBL
1993-11-26,ZEU,NA,EPCBRENT,UK Brent Crude Oil,PF4,Spot Price FOB,RBRTE,Europe Brent Spot Price FOB (Dollars per Barrel),14.87,$/BBL
1993-12-03,ZEU,NA,EPCBRENT,UK Brent Crude Oil,PF4,Spot Price FOB,RBRTE,Europe Brent Spot Price FOB (Dollars per Barrel),14.16,$/BBL
1993-12-10,ZEU,NA,EPCBRENT,UK Brent Crude Oil,PF4,Spot Price FOB,RBRTE,Europe Brent Spot Price FOB (Dollars per Barrel),13.73,$/BBL
1993-12-17,ZEU,NA,EPCBRENT,UK Brent Crude Oil,PF4,Spot Price FOB,RBRTE,Europe Brent Spot Price FOB (Dollars per Barrel),13.99,$/BBL
1993-12-24,ZEU,NA,EPCBRENT,UK Brent Crude Oil,PF4,Spot Price FOB,RBRTE,Europe Brent Spot Price FOB (Dollars per Barrel),13.52,$/BBL
1993-12-31,ZEU,NA,EPCBRENT,UK Brent Crude Oil,PF4,Spot Price FOB,RBRTE,Europe Brent Spot Price FOB (Dollars per Barrel),13.17,$/BBL
1994-01-07,ZEU,NA,EPCBRENT,UK Brent Crude Oil,PF4,Spot Price FOB,RBRTE,Europe Brent Spot Price FOB (Dollars per Barrel),14.18,$/BBL
1994-01-14,ZEU,NA,EPCBRENT,UK Brent Crude Oil,PF4,Spot Price FOB,RBRTE,Europe Brent Spot Price FOB (Dollars per Barrel),14,$/BBL
1994-01-21,ZEU,NA,EPCBRENT,UK Brent Crude Oil,PF4,Spot Price FOB,RBRTE,Europe Brent Spot Price FOB (Dollars per Barrel),14.22,$/BBL
1994-01-28,ZEU,NA,EPCBRENT,UK Brent Crude Oil,PF4,Spot Price FOB,RBRTE,Europe Brent Spot Price FOB (Dollars per Barrel),14.64,$/BBL
1994-02-04,ZEU,NA,EPCBRENT,UK Brent Crude Oil,PF4,Spot Price FOB,RBRTE,Europe Brent Spot Price FOB (Dollars per Barrel),15.13,$/BBL
1994-02-11,ZEU,NA,EPCBRENT,UK Brent Crude Oil,PF4,Spot Price FOB,RBRTE,Europe Brent Spot Price FOB (Dollars per Barrel),13.91,$/BBL
1994-02-18,ZEU,NA,EPCBRENT,UK Brent Crude Oil,PF4,Spot Price FOB,RBRTE,Europe Brent Spot Price FOB (Dollars per Barrel),13.18,$/BBL
1994-02-25,ZEU,NA,EPCBRENT,UK Brent Crude Oil,PF4,Spot Price FOB,RBRTE,Europe Brent Spot Price FOB (Dollars per Barrel),13.24,$/BBL
1994-03-04,ZEU,NA,EPCBRENT,UK Brent Crude Oil,PF4,Spot Price FOB,RBRTE,Europe Brent Spot Price FOB (Dollars per Barrel),13.5,$/BBL
1994-03-11,ZEU,NA,EPCBRENT,UK Brent Crude Oil,PF4,Spot Price FOB,RBRTE,Europe Brent Spot Price FOB (Dollars per Barrel),13.3,$/BBL
1994-03-18,ZEU,NA,EPCBRENT,UK Brent Crude Oil,PF4,Spot Price FOB,RBRTE,Europe Brent Spot Price FOB (Dollars per Barrel),14.18,$/BBL
1994-03-25,ZEU,NA,EPCBRENT,UK Brent Crude Oil,PF4,Spot Price FOB,RBRTE,Europe Brent Spot Price FOB (Dollars per Barrel),14.59,$/BBL
1994-04-01,ZEU,NA,EPCBRENT,UK Brent Crude Oil,PF4,Spot Price FOB,RBRTE,Europe Brent Spot Price FOB (Dollars per Barrel),13.4,$/BBL
1994-04-08,ZEU,NA,EPCBRENT,UK Brent Crude Oil,PF4,Spot Price FOB,RBRTE,Europe Brent Spot Price FOB (Dollars per Barrel),14.34,$/BBL
1994-04-15,ZEU,NA,EPCBRENT,UK Brent Crude Oil,PF4,Spot Price FOB,RBRTE,Europe Brent Spot Price FOB (Dollars per Barrel),15.01,$/BBL
1994-04-22,ZEU,NA,EPCBRENT,UK Brent Crude Oil,PF4,Spot Price FOB,RBRTE,Europe Brent Spot Price FOB (Dollars per Barrel),15.56,$/BBL
1994-04-29,ZEU,NA,EPCBRENT,UK Brent Crude Oil,PF4,Spot Price FOB,RBRTE,Europe Brent Spot Price FOB (Dollars per Barrel),15.84,$/BBL
1994-05-06,ZEU,NA,EPCBRENT,UK Brent Crude Oil,PF4,Spot Price FOB,RBRTE,Europe Brent Spot Price FOB (Dollars per Barrel),16,$/BBL
1994-05-13,ZEU,NA,EPCBRENT,UK Brent Crude Oil,PF4,Spot Price FOB,RBRTE,Europe Brent Spot Price FOB (Dollars per Barrel),16.29,$/BBL
1994-05-20,ZEU,NA,EPCBRENT,UK Brent Crude Oil,PF4,Spot Price FOB,RBRTE,Europe Brent Spot Price FOB (Dollars per Barrel),16.08,$/BBL
1994-05-27,ZEU,NA,EPCBRENT,UK Brent Crude Oil,PF4,Spot Price FOB,RBRTE,Europe Brent Spot Price FOB (Dollars per Barrel),16.35,$/BBL
1994-06-03,ZEU,NA,EPCBRENT,UK Brent Crude Oil,PF4,Spot Price FOB,RBRTE,Europe Brent Spot Price FOB (Dollars per Barrel),16.27,$/BBL
1994-06-10,ZEU,NA,EPCBRENT,UK Brent Crude Oil,PF4,Spot Price FOB,RBRTE,Europe Brent Spot Price FOB (Dollars per Barrel),16.06,$/BBL
1994-06-17,ZEU,NA,EPCBRENT,UK Brent Crude Oil,PF4,Spot Price FOB,RBRTE,Europe Brent Spot Price FOB (Dollars per Barrel),16.67,$/BBL
1994-06-24,ZEU,NA,EPCBRENT,UK Brent Crude Oil,PF4,Spot Price FOB,RBRTE,Europe Brent Spot Price FOB (Dollars per Barrel),17.44,$/BBL
1994-07-01,ZEU,NA,EPCBRENT,UK Brent Crude Oil,PF4,Spot Price FOB,RBRTE,Europe Brent Spot Price FOB (Dollars per Barrel),17.34,$/BBL
1994-07-08,ZEU,NA,EPCBRENT,UK Brent Crude Oil,PF4,Spot Price FOB,RBRTE,Europe Brent Spot Price FOB (Dollars per Barrel),17.06,$/BBL
1994-07-15,ZEU,NA,EPCBRENT,UK Brent Crude Oil,PF4,Spot Price FOB,RBRTE,Europe Brent Spot Price FOB (Dollars per Barrel),18.09,$/BBL
1994-07-22,ZEU,NA,EPCBRENT,UK Brent Crude Oil,PF4,Spot Price FOB,RBRTE,Europe Brent Spot Price FOB (Dollars per Barrel),17.42,$/BBL
1994-07-29,ZEU,NA,EPCBRENT,UK Brent Crude Oil,PF4,Spot Price FOB,RBRTE,Europe Brent Spot Price FOB (Dollars per Barrel),17.82,$/BBL
1994-08-05,ZEU,NA,EPCBRENT,UK Brent Crude Oil,PF4,Spot Price FOB,RBRTE,Europe Brent Spot Price FOB (Dollars per Barrel),18.44,$/BBL
1994-08-12,ZEU,NA,EPCBRENT,UK Brent Crude Oil,PF4,Spot Price FOB,RBRTE,Europe Brent Spot Price FOB (Dollars per Barrel),17.51,$/BBL
1994-08-19,ZEU,NA,EPCBRENT,UK Brent Crude Oil,PF4,Spot Price FOB,RBRTE,Europe Brent Spot Price FOB (Dollars per Barrel),16.43,$/BBL
1994-08-26,ZEU,NA,EPCBRENT,UK Brent Crude Oil,PF4,Spot Price FOB,RBRTE,Europe Brent Spot Price FOB (Dollars per Barrel),15.59,$/BBL
1994-09-02,ZEU,NA,EPCBRENT,UK Brent Crude Oil,PF4,Spot Price FOB,RBRTE,Europe Brent Spot Price FOB (Dollars per Barrel),15.93,$/BBL
1994-09-09,ZEU,NA,EPCBRENT,UK Brent Crude Oil,PF4,Spot Price FOB,RBRTE,Europe Brent Spot Price FOB (Dollars per Barrel),15.91,$/BBL
1994-09-16,ZEU,NA,EPCBRENT,UK Brent Crude Oil,PF4,Spot Price FOB,RBRTE,Europe Brent Spot Price FOB (Dollars per Barrel),15.45,$/BBL
1994-09-23,ZEU,NA,EPCBRENT,UK Brent Crude Oil,PF4,Spot Price FOB,RBRTE,Europe Brent Spot Price FOB (Dollars per Barrel),15.85,$/BBL
1994-09-30,ZEU,NA,EPCBRENT,UK Brent Crude Oil,PF4,Spot Price FOB,RBRTE,Europe Brent Spot Price FOB (Dollars per Barrel),16.35,$/BBL
1994-10-07,ZEU,NA,EPCBRENT,UK Brent Crude Oil,PF4,Spot Price FOB,RBRTE,Europe Brent Spot Price FOB (Dollars per Barrel),16.72,$/BBL
1994-10-14,ZEU,NA,EPCBRENT,UK Brent Crude Oil,PF4,Spot Price FOB,RBRTE,Europe Brent Spot Price FOB (Dollars per Barrel),16.07,$/BBL
1994-10-21,ZEU,NA,EPCBRENT,UK Brent Crude Oil,PF4,Spot Price FOB,RBRTE,Europe Brent Spot Price FOB (Dollars per Barrel),16.21,$/BBL
1994-10-28,ZEU,NA,EPCBRENT,UK Brent Crude Oil,PF4,Spot Price FOB,RBRTE,Europe Brent Spot Price FOB (Dollars per Barrel),16.82,$/BBL
1994-11-04,ZEU,NA,EPCBRENT,UK Brent Crude Oil,PF4,Spot Price FOB,RBRTE,Europe Brent Spot Price FOB (Dollars per Barrel),17.58,$/BBL
1994-11-11,ZEU,NA,EPCBRENT,UK Brent Crude Oil,PF4,Spot Price FOB,RBRTE,Europe Brent Spot Price FOB (Dollars per Barrel),17.46,$/BBL
1994-11-18,ZEU,NA,EPCBRENT,UK Brent Crude Oil,PF4,Spot Price FOB,RBRTE,Europe Brent Spot Price FOB (Dollars per Barrel),16.8,$/BBL
1994-11-25,ZEU,NA,EPCBRENT,UK Brent Crude Oil,PF4,Spot Price FOB,RBRTE,Europe Brent Spot Price FOB (Dollars per Barrel),17.06,$/BBL
1994-12-02,ZEU,NA,EPCBRENT,UK Brent Crude Oil,PF4,Spot Price FOB,RBRTE,Europe Brent Spot Price FOB (Dollars per Barrel),16.85,$/BBL
1994-12-09,ZEU,NA,EPCBRENT,UK Brent Crude Oil,PF4,Spot Price FOB,RBRTE,Europe Brent Spot Price FOB (Dollars per Barrel),16,$/BBL
1994-12-16,ZEU,NA,EPCBRENT,UK Brent Crude Oil,PF4,Spot Price FOB,RBRTE,Europe Brent Spot Price FOB (Dollars per Barrel),15.72,$/BBL
1994-12-23,ZEU,NA,EPCBRENT,UK Brent Crude Oil,PF4,Spot Price FOB,RBRTE,Europe Brent Spot Price FOB (Dollars per Barrel),15.62,$/BBL
1994-12-30,ZEU,NA,EPCBRENT,UK Brent Crude Oil,PF4,Spot Price FOB,RBRTE,Europe Brent Spot Price FOB (Dollars per Barrel),16.19,$/BBL
1995-01-06,ZEU,NA,EPCBRENT,UK Brent Crude Oil,PF4,Spot Price FOB,RBRTE,Europe Brent Spot Price FOB (Dollars per Barrel),16.07,$/BBL
1995-01-13,ZEU,NA,EPCBRENT,UK Brent Crude Oil,PF4,Spot Price FOB,RBRTE,Europe Brent Spot Price FOB (Dollars per Barrel),16.23,$/BBL
1995-01-20,ZEU,NA,EPCBRENT,UK Brent Crude Oil,PF4,Spot Price FOB,RBRTE,Europe Brent Spot Price FOB (Dollars per Barrel),16.88,$/BBL
1995-01-27,ZEU,NA,EPCBRENT,UK Brent Crude Oil,PF4,Spot Price FOB,RBRTE,Europe Brent Spot Price FOB (Dollars per Barrel),16.85,$/BBL
1995-02-03,ZEU,NA,EPCBRENT,UK Brent Crude Oil,PF4,Spot Price FOB,RBRTE,Europe Brent Spot Price FOB (Dollars per Barrel),16.99,$/BBL
1995-02-10,ZEU,NA,EPCBRENT,UK Brent Crude Oil,PF4,Spot Price FOB,RBRTE,Europe Brent Spot Price FOB (Dollars per Barrel),16.97,$/BBL
1995-02-17,ZEU,NA,EPCBRENT,UK Brent Crude Oil,PF4,Spot Price FOB,RBRTE,Europe Brent Spot Price FOB (Dollars per Barrel),17.1,$/BBL
1995-02-24,ZEU,NA,EPCBRENT,UK Brent Crude Oil,PF4,Spot Price FOB,RBRTE,Europe Brent Spot Price FOB (Dollars per Barrel),17.18,$/BBL
1995-03-03,ZEU,NA,EPCBRENT,UK Brent Crude Oil,PF4,Spot Price FOB,RBRTE,Europe Brent Spot Price FOB (Dollars per Barrel),16.93,$/BBL
1995-03-10,ZEU,NA,EPCBRENT,UK Brent Crude Oil,PF4,Spot Price FOB,RBRTE,Europe Brent Spot Price FOB (Dollars per Barrel),16.7,$/BBL
1995-03-17,ZEU,NA,EPCBRENT,UK Brent Crude Oil,PF4,Spot Price FOB,RBRTE,Europe Brent Spot Price FOB (Dollars per Barrel),16.41,$/BBL
1995-03-24,ZEU,NA,EPCBRENT,UK Brent Crude Oil,PF4,Spot Price FOB,RBRTE,Europe Brent Spot Price FOB (Dollars per Barrel),17.17,$/BBL
1995-03-31,ZEU,NA,EPCBRENT,UK Brent Crude Oil,PF4,Spot Price FOB,RBRTE,Europe Brent Spot Price FOB (Dollars per Barrel),17.94,$/BBL
1995-04-07,ZEU,NA,EPCBRENT,UK Brent Crude Oil,PF4,Spot Price FOB,RBRTE,Europe Brent Spot Price FOB (Dollars per Barrel),18.24,$/BBL
1995-04-14,ZEU,NA,EPCBRENT,UK Brent Crude Oil,PF4,Spot Price FOB,RBRTE,Europe Brent Spot Price FOB (Dollars per Barrel),18.37,$/BBL
1995-04-21,ZEU,NA,EPCBRENT,UK Brent Crude Oil,PF4,Spot Price FOB,RBRTE,Europe Brent Spot Price FOB (Dollars per Barrel),18.9,$/BBL
1995-04-28,ZEU,NA,EPCBRENT,UK Brent Crude Oil,PF4,Spot Price FOB,RBRTE,Europe Brent Spot Price FOB (Dollars per Barrel),19.07,$/BBL
1995-05-05,ZEU,NA,EPCBRENT,UK Brent Crude Oil,PF4,Spot Price FOB,RBRTE,Europe Brent Spot Price FOB (Dollars per Barrel),18.81,$/BBL
1995-05-12,ZEU,NA,EPCBRENT,UK Brent Crude Oil,PF4,Spot Price FOB,RBRTE,Europe Brent Spot Price FOB (Dollars per Barrel),18.26,$/BBL
1995-05-19,ZEU,NA,EPCBRENT,UK Brent Crude Oil,PF4,Spot Price FOB,RBRTE,Europe Brent Spot Price FOB (Dollars per Barrel),18.42,$/BBL
1995-05-26,ZEU,NA,EPCBRENT,UK Brent Crude Oil,PF4,Spot Price FOB,RBRTE,Europe Brent Spot Price FOB (Dollars per Barrel),18.24,$/BBL
1995-06-02,ZEU,NA,EPCBRENT,UK Brent Crude Oil,PF4,Spot Price FOB,RBRTE,Europe Brent Spot Price FOB (Dollars per Barrel),17.65,$/BBL
1995-06-09,ZEU,NA,EPCBRENT,UK Brent Crude Oil,PF4,Spot Price FOB,RBRTE,Europe Brent Spot Price FOB (Dollars per Barrel),17.98,$/BBL
1995-06-16,ZEU,NA,EPCBRENT,UK Brent Crude Oil,PF4,Spot Price FOB,RBRTE,Europe Brent Spot Price FOB (Dollars per Barrel),17.76,$/BBL
1995-06-23,ZEU,NA,EPCBRENT,UK Brent Crude Oil,PF4,Spot Price FOB,RBRTE,Europe Brent Spot Price FOB (Dollars per Barrel),16.67,$/BBL
1995-06-30,ZEU,NA,EPCBRENT,UK Brent Crude Oil,PF4,Spot Price FOB,RBRTE,Europe Brent Spot Price FOB (Dollars per Barrel),16.64,$/BBL
1995-07-07,ZEU,NA,EPCBRENT,UK Brent Crude Oil,PF4,Spot Price FOB,RBRTE,Europe Brent Spot Price FOB (Dollars per Barrel),16.11,$/BBL
1995-07-14,ZEU,NA,EPCBRENT,UK Brent Crude Oil,PF4,Spot Price FOB,RBRTE,Europe Brent Spot Price FOB (Dollars per Barrel),15.92,$/BBL
1995-07-21,ZEU,NA,EPCBRENT,UK Brent Crude Oil,PF4,Spot Price FOB,RBRTE,Europe Brent Spot Price FOB (Dollars per Barrel),15.65,$/BBL
1995-07-28,ZEU,NA,EPCBRENT,UK Brent Crude Oil,PF4,Spot Price FOB,RBRTE,Europe Brent Spot Price FOB (Dollars per Barrel),15.75,$/BBL
1995-08-04,ZEU,NA,EPCBRENT,UK Brent Crude Oil,PF4,Spot Price FOB,RBRTE,Europe Brent Spot Price FOB (Dollars per Barrel),16.02,$/BBL
1995-08-11,ZEU,NA,EPCBRENT,UK Brent Crude Oil,PF4,Spot Price FOB,RBRTE,Europe Brent Spot Price FOB (Dollars per Barrel),16.07,$/BBL
1995-08-18,ZEU,NA,EPCBRENT,UK Brent Crude Oil,PF4,Spot Price FOB,RBRTE,Europe Brent Spot Price FOB (Dollars per Barrel),15.89,$/BBL
1995-08-25,ZEU,NA,EPCBRENT,UK Brent Crude Oil,PF4,Spot Price FOB,RBRTE,Europe Brent Spot Price FOB (Dollars per Barrel),16.29,$/BBL
1995-09-01,ZEU,NA,EPCBRENT,UK Brent Crude Oil,PF4,Spot Price FOB,RBRTE,Europe Brent Spot Price FOB (Dollars per Barrel),16.22,$/BBL
1995-09-08,ZEU,NA,EPCBRENT,UK Brent Crude Oil,PF4,Spot Price FOB,RBRTE,Europe Brent Spot Price FOB (Dollars per Barrel),16.69,$/BBL
1995-09-15,ZEU,NA,EPCBRENT,UK Brent Crude Oil,PF4,Spot Price FOB,RBRTE,Europe Brent Spot Price FOB (Dollars per Barrel),16.94,$/BBL
1995-09-22,ZEU,NA,EPCBRENT,UK Brent Crude Oil,PF4,Spot Price FOB,RBRTE,Europe Brent Spot Price FOB (Dollars per Barrel),16.89,$/BBL
1995-09-29,ZEU,NA,EPCBRENT,UK Brent Crude Oil,PF4,Spot Price FOB,RBRTE,Europe Brent Spot Price FOB (Dollars per Barrel),16.37,$/BBL
1995-10-06,ZEU,NA,EPCBRENT,UK Brent Crude Oil,PF4,Spot Price FOB,RBRTE,Europe Brent Spot Price FOB (Dollars per Barrel),16.23,$/BBL
1995-10-13,ZEU,NA,EPCBRENT,UK Brent Crude Oil,PF4,Spot Price FOB,RBRTE,Europe Brent Spot Price FOB (Dollars per Barrel),15.98,$/BBL
1995-10-20,ZEU,NA,EPCBRENT,UK Brent Crude Oil,PF4,Spot Price FOB,RBRTE,Europe Brent Spot Price FOB (Dollars per Barrel),15.96,$/BBL
1995-10-27,ZEU,NA,EPCBRENT,UK Brent Crude Oil,PF4,Spot Price FOB,RBRTE,Europe Brent Spot Price FOB (Dollars per Barrel),16.12,$/BBL
1995-11-03,ZEU,NA,EPCBRENT,UK Brent Crude Oil,PF4,Spot Price FOB,RBRTE,Europe Brent Spot Price FOB (Dollars per Barrel),16.65,$/BBL
1995-11-10,ZEU,NA,EPCBRENT,UK Brent Crude Oil,PF4,Spot Price FOB,RBRTE,Europe Brent Spot Price FOB (Dollars per Barrel),16.79,$/BBL
1995-11-17,ZEU,NA,EPCBRENT,UK Brent Crude Oil,PF4,Spot Price FOB,RBRTE,Europe Brent Spot Price FOB (Dollars per Barrel),16.75,$/BBL
1995-11-24,ZEU,NA,EPCBRENT,UK Brent Crude Oil,PF4,Spot Price FOB,RBRTE,Europe Brent Spot Price FOB (Dollars per Barrel),16.82,$/BBL
1995-12-01,ZEU,NA,EPCBRENT,UK Brent Crude Oil,PF4,Spot Price FOB,RBRTE,Europe Brent Spot Price FOB (Dollars per Barrel),17.21,$/BBL
1995-12-08,ZEU,NA,EPCBRENT,UK Brent Crude Oil,PF4,Spot Price FOB,RBRTE,Europe Brent Spot Price FOB (Dollars per Barrel),17.53,$/BBL
1995-12-15,ZEU,NA,EPCBRENT,UK Brent Crude Oil,PF4,Spot Price FOB,RBRTE,Europe Brent Spot Price FOB (Dollars per Barrel),17.78,$/BBL
1995-12-22,ZEU,NA,EPCBRENT,UK Brent Crude Oil,PF4,Spot Price FOB,RBRTE,Europe Brent Spot Price FOB (Dollars per Barrel),18.14,$/BBL
1995-12-29,ZEU,NA,EPCBRENT,UK Brent Crude Oil,PF4,Spot Price FOB,RBRTE,Europe Brent Spot Price FOB (Dollars per Barrel),18.72,$/BBL
1996-01-05,ZEU,NA,EPCBRENT,UK Brent Crude Oil,PF4,Spot Price FOB,RBRTE,Europe Brent Spot Price FOB (Dollars per Barrel),19.18,$/BBL
1996-01-12,ZEU,NA,EPCBRENT,UK Brent Crude Oil,PF4,Spot Price FOB,RBRTE,Europe Brent Spot Price FOB (Dollars per Barrel),18.53,$/BBL
1996-01-19,ZEU,NA,EPCBRENT,UK Brent Crude Oil,PF4,Spot Price FOB,RBRTE,Europe Brent Spot Price FOB (Dollars per Barrel),17.61,$/BBL
1996-01-26,ZEU,NA,EPCBRENT,UK Brent Crude Oil,PF4,Spot Price FOB,RBRTE,Europe Brent Spot Price FOB (Dollars per Barrel),17.19,$/BBL
1996-02-02,ZEU,NA,EPCBRENT,UK Brent Crude Oil,PF4,Spot Price FOB,RBRTE,Europe Brent Spot Price FOB (Dollars per Barrel),16.64,$/BBL
1996-02-09,ZEU,NA,EPCBRENT,UK Brent Crude Oil,PF4,Spot Price FOB,RBRTE,Europe Brent Spot Price FOB (Dollars per Barrel),16.99,$/BBL
1996-02-16,ZEU,NA,EPCBRENT,UK Brent Crude Oil,PF4,Spot Price FOB,RBRTE,Europe Brent Spot Price FOB (Dollars per Barrel),17.98,$/BBL
1996-02-23,ZEU,NA,EPCBRENT,UK Brent Crude Oil,PF4,Spot Price FOB,RBRTE,Europe Brent Spot Price FOB (Dollars per Barrel),18.79,$/BBL
1996-03-01,ZEU,NA,EPCBRENT,UK Brent Crude Oil,PF4,Spot Price FOB,RBRTE,Europe Brent Spot Price FOB (Dollars per Barrel),18.77,$/BBL
1996-03-08,ZEU,NA,EPCBRENT,UK Brent Crude Oil,PF4,Spot Price FOB,RBRTE,Europe Brent Spot Price FOB (Dollars per Barrel),18.84,$/BBL
1996-03-15,ZEU,NA,EPCBRENT,UK Brent Crude Oil,PF4,Spot Price FOB,RBRTE,Europe Brent Spot Price FOB (Dollars per Barrel),19.3,$/BBL
1996-03-22,ZEU,NA,EPCBRENT,UK Brent Crude Oil,PF4,Spot Price FOB,RBRTE,Europe Brent Spot Price FOB (Dollars per Barrel),20.55,$/BBL
1996-03-29,ZEU,NA,EPCBRENT,UK Brent Crude Oil,PF4,Spot Price FOB,RBRTE,Europe Brent Spot Price FOB (Dollars per Barrel),20.98,$/BBL
1996-04-05,ZEU,NA,EPCBRENT,UK Brent Crude Oil,PF4,Spot Price FOB,RBRTE,Europe Brent Spot Price FOB (Dollars per Barrel),20.94,$/BBL
1996-04-12,ZEU,NA,EPCBRENT,UK Brent Crude Oil,PF4,Spot Price FOB,RBRTE,Europe Brent Spot Price FOB (Dollars per Barrel),22.67,$/BBL
1996-04-19,ZEU,NA,EPCBRENT,UK Brent Crude Oil,PF4,Spot Price FOB,RBRTE,Europe Brent Spot Price FOB (Dollars per Barrel),20.52,$/BBL
1996-04-26,ZEU,NA,EPCBRENT,UK Brent Crude Oil,PF4,Spot Price FOB,RBRTE,Europe Brent Spot Price FOB (Dollars per Barrel),20.28,$/BBL
1996-05-03,ZEU,NA,EPCBRENT,UK Brent Crude Oil,PF4,Spot Price FOB,RBRTE,Europe Brent Spot Price FOB (Dollars per Barrel),19.47,$/BBL
1996-05-10,ZEU,NA,EPCBRENT,UK Brent Crude Oil,PF4,Spot Price FOB,RBRTE,Europe Brent Spot Price FOB (Dollars per Barrel),19.63,$/BBL
1996-05-17,ZEU,NA,EPCBRENT,UK Brent Crude Oil,PF4,Spot Price FOB,RBRTE,Europe Brent Spot Price FOB (Dollars per Barrel),19.06,$/BBL
1996-05-24,ZEU,NA,EPCBRENT,UK Brent Crude Oil,PF4,Spot Price FOB,RBRTE,Europe Brent Spot Price FOB (Dollars per Barrel),19.2,$/BBL
1996-05-31,ZEU,NA,EPCBRENT,UK Brent Crude Oil,PF4,Spot Price FOB,RBRTE,Europe Brent Spot Price FOB (Dollars per Barrel),18.67,$/BBL
1996-06-07,ZEU,NA,EPCBRENT,UK Brent Crude Oil,PF4,Spot Price FOB,RBRTE,Europe Brent Spot Price FOB (Dollars per Barrel),18.31,$/BBL
1996-06-14,ZEU,NA,EPCBRENT,UK Brent Crude Oil,PF4,Spot Price FOB,RBRTE,Europe Brent Spot Price FOB (Dollars per Barrel),18.16,$/BBL
1996-06-21,ZEU,NA,EPCBRENT,UK Brent Crude Oil,PF4,Spot Price FOB,RBRTE,Europe Brent Spot Price FOB (Dollars per Barrel),18.56,$/BBL
1996-06-28,ZEU,NA,EPCBRENT,UK Brent Crude Oil,PF4,Spot Price FOB,RBRTE,Europe Brent Spot Price FOB (Dollars per Barrel),18.8,$/BBL
1996-07-05,ZEU,NA,EPCBRENT,UK Brent Crude Oil,PF4,Spot Price FOB,RBRTE,Europe Brent Spot Price FOB (Dollars per Barrel),19.62,$/BBL
1996-07-12,ZEU,NA,EPCBRENT,UK Brent Crude Oil,PF4,Spot Price FOB,RBRTE,Europe Brent Spot Price FOB (Dollars per Barrel),19.8,$/BBL
1996-07-19,ZEU,NA,EPCBRENT,UK Brent Crude Oil,PF4,Spot Price FOB,RBRTE,Europe Brent Spot Price FOB (Dollars per Barrel),19.93,$/BBL
1996-07-26,ZEU,NA,EPCBRENT,UK Brent Crude Oil,PF4,Spot Price FOB,RBRTE,Europe Brent Spot Price FOB (Dollars per Barrel),19.3,$/BBL
1996-08-02,ZEU,NA,EPCBRENT,UK Brent Crude Oil,PF4,Spot Price FOB,RBRTE,Europe Brent Spot Price FOB (Dollars per Barrel),19.07,$/BBL
1996-08-09,ZEU,NA,EPCBRENT,UK Brent Crude Oil,PF4,Spot Price FOB,RBRTE,Europe Brent Spot Price FOB (Dollars per Barrel),19.73,$/BBL
1996-08-16,ZEU,NA,EPCBRENT,UK Brent Crude Oil,PF4,Spot Price FOB,RBRTE,Europe Brent Spot Price FOB (Dollars per Barrel),20.95,$/BBL
1996-08-23,ZEU,NA,EPCBRENT,UK Brent Crude Oil,PF4,Spot Price FOB,RBRTE,Europe Brent Spot Price FOB (Dollars per Barrel),21.15,$/BBL
1996-08-30,ZEU,NA,EPCBRENT,UK Brent Crude Oil,PF4,Spot Price FOB,RBRTE,Europe Brent Spot Price FOB (Dollars per Barrel),20.78,$/BBL
1996-09-06,ZEU,NA,EPCBRENT,UK Brent Crude Oil,PF4,Spot Price FOB,RBRTE,Europe Brent Spot Price FOB (Dollars per Barrel),22.18,$/BBL
1996-09-13,ZEU,NA,EPCBRENT,UK Brent Crude Oil,PF4,Spot Price FOB,RBRTE,Europe Brent Spot Price FOB (Dollars per Barrel),23.08,$/BBL
1996-09-20,ZEU,NA,EPCBRENT,UK Brent Crude Oil,PF4,Spot Price FOB,RBRTE,Europe Brent Spot Price FOB (Dollars per Barrel),22.11,$/BBL
1996-09-27,ZEU,NA,EPCBRENT,UK Brent Crude Oil,PF4,Spot Price FOB,RBRTE,Europe Brent Spot Price FOB (Dollars per Barrel),22.85,$/BBL
1996-10-04,ZEU,NA,EPCBRENT,UK Brent Crude Oil,PF4,Spot Price FOB,RBRTE,Europe Brent Spot Price FOB (Dollars per Barrel),23.59,$/BBL
1996-10-11,ZEU,NA,EPCBRENT,UK Brent Crude Oil,PF4,Spot Price FOB,RBRTE,Europe Brent Spot Price FOB (Dollars per Barrel),24.18,$/BBL
1996-10-18,ZEU,NA,EPCBRENT,UK Brent Crude Oil,PF4,Spot Price FOB,RBRTE,Europe Brent Spot Price FOB (Dollars per Barrel),24.77,$/BBL
1996-10-25,ZEU,NA,EPCBRENT,UK Brent Crude Oil,PF4,Spot Price FOB,RBRTE,Europe Brent Spot Price FOB (Dollars per Barrel),24.7,$/BBL
1996-11-01,ZEU,NA,EPCBRENT,UK Brent Crude Oil,PF4,Spot Price FOB,RBRTE,Europe Brent Spot Price FOB (Dollars per Barrel),23.2,$/BBL
1996-11-08,ZEU,NA,EPCBRENT,UK Brent Crude Oil,PF4,Spot Price FOB,RBRTE,Europe Brent Spot Price FOB (Dollars per Barrel),21.99,$/BBL
1996-11-15,ZEU,NA,EPCBRENT,UK Brent Crude Oil,PF4,Spot Price FOB,RBRTE,Europe Brent Spot Price FOB (Dollars per Barrel),22.88,$/BBL
1996-11-22,ZEU,NA,EPCBRENT,UK Brent Crude Oil,PF4,Spot Price FOB,RBRTE,Europe Brent Spot Price FOB (Dollars per Barrel),23.21,$/BBL
1996-11-29,ZEU,NA,EPCBRENT,UK Brent Crude Oil,PF4,Spot Price FOB,RBRTE,Europe Brent Spot Price FOB (Dollars per Barrel),23.05,$/BBL
1996-12-06,ZEU,NA,EPCBRENT,UK Brent Crude Oil,PF4,Spot Price FOB,RBRTE,Europe Brent Spot Price FOB (Dollars per Barrel),24.18,$/BBL
1996-12-13,ZEU,NA,EPCBRENT,UK Brent Crude Oil,PF4,Spot Price FOB,RBRTE,Europe Brent Spot Price FOB (Dollars per Barrel),23.27,$/BBL
1996-12-20,ZEU,NA,EPCBRENT,UK Brent Crude Oil,PF4,Spot Price FOB,RBRTE,Europe Brent Spot Price FOB (Dollars per Barrel),23.97,$/BBL
1996-12-27,ZEU,NA,EPCBRENT,UK Brent Crude Oil,PF4,Spot Price FOB,RBRTE,Europe Brent Spot Price FOB (Dollars per Barrel),23.57,$/BBL
1997-01-03,ZEU,NA,EPCBRENT,UK Brent Crude Oil,PF4,Spot Price FOB,RBRTE,Europe Brent Spot Price FOB (Dollars per Barrel),24.12,$/BBL
1997-01-10,ZEU,NA,EPCBRENT,UK Brent Crude Oil,PF4,Spot Price FOB,RBRTE,Europe Brent Spot Price FOB (Dollars per Barrel),24.67,$/BBL
1997-01-17,ZEU,NA,EPCBRENT,UK Brent Crude Oil,PF4,Spot Price FOB,RBRTE,Europe Brent Spot Price FOB (Dollars per Barrel),23.23,$/BBL
1997-01-24,ZEU,NA,EPCBRENT,UK Brent Crude Oil,PF4,Spot Price FOB,RBRTE,Europe Brent Spot Price FOB (Dollars per Barrel),22.9,$/BBL
1997-01-31,ZEU,NA,EPCBRENT,UK Brent Crude Oil,PF4,Spot Price FOB,RBRTE,Europe Brent Spot Price FOB (Dollars per Barrel),22.98,$/BBL
1997-02-07,ZEU,NA,EPCBRENT,UK Brent Crude Oil,PF4,Spot Price FOB,RBRTE,Europe Brent Spot Price FOB (Dollars per Barrel),22.53,$/BBL
1997-02-14,ZEU,NA,EPCBRENT,UK Brent Crude Oil,PF4,Spot Price FOB,RBRTE,Europe Brent Spot Price FOB (Dollars per Barrel),20.83,$/BBL
1997-02-21,ZEU,NA,EPCBRENT,UK Brent Crude Oil,PF4,Spot Price FOB,RBRTE,Europe Brent Spot Price FOB (Dollars per Barrel),20.54,$/BBL
1997-02-28,ZEU,NA,EPCBRENT,UK Brent Crude Oil,PF4,Spot Price FOB,RBRTE,Europe Brent Spot Price FOB (Dollars per Barrel),19.83,$/BBL
1997-03-07,ZEU,NA,EPCBRENT,UK Brent Crude Oil,PF4,Spot Price FOB,RBRTE,Europe Brent Spot Price FOB (Dollars per Barrel),19.36,$/BBL
1997-03-14,ZEU,NA,EPCBRENT,UK Brent Crude Oil,PF4,Spot Price FOB,RBRTE,Europe Brent Spot Price FOB (Dollars per Barrel),19.1,$/BBL
1997-03-21,ZEU,NA,EPCBRENT,UK Brent Crude Oil,PF4,Spot Price FOB,RBRTE,Europe Brent Spot Price FOB (Dollars per Barrel),19.51,$/BBL
1997-03-28,ZEU,NA,EPCBRENT,UK Brent Crude Oil,PF4,Spot Price FOB,RBRTE,Europe Brent Spot Price FOB (Dollars per Barrel),18.73,$/BBL
1997-04-04,ZEU,NA,EPCBRENT,UK Brent Crude Oil,PF4,Spot Price FOB,RBRTE,Europe Brent Spot Price FOB (Dollars per Barrel),17.84,$/BBL
1997-04-11,ZEU,NA,EPCBRENT,UK Brent Crude Oil,PF4,Spot Price FOB,RBRTE,Europe Brent Spot Price FOB (Dollars per Barrel),17.14,$/BBL
1997-04-18,ZEU,NA,EPCBRENT,UK Brent Crude Oil,PF4,Spot Price FOB,RBRTE,Europe Brent Spot Price FOB (Dollars per Barrel),17.33,$/BBL
1997-04-25,ZEU,NA,EPCBRENT,UK Brent Crude Oil,PF4,Spot Price FOB,RBRTE,Europe Brent Spot Price FOB (Dollars per Barrel),17.76,$/BBL
1997-05-02,ZEU,NA,EPCBRENT,UK Brent Crude Oil,PF4,Spot Price FOB,RBRTE,Europe Brent Spot Price FOB (Dollars per Barrel),18.08,$/BBL
1997-05-09,ZEU,NA,EPCBRENT,UK Brent Crude Oil,PF4,Spot Price FOB,RBRTE,Europe Brent Spot Price FOB (Dollars per Barrel),18.06,$/BBL
1997-05-16,ZEU,NA,EPCBRENT,UK Brent Crude Oil,PF4,Spot Price FOB,RBRTE,Europe Brent Spot Price FOB (Dollars per Barrel),19.42,$/BBL
1997-05-23,ZEU,NA,EPCBRENT,UK Brent Crude Oil,PF4,Spot Price FOB,RBRTE,Europe Brent Spot Price FOB (Dollars per Barrel),19.91,$/BBL
1997-05-30,ZEU,NA,EPCBRENT,UK Brent Crude Oil,PF4,Spot Price FOB,RBRTE,Europe Brent Spot Price FOB (Dollars per Barrel),19.15,$/BBL
1997-06-06,ZEU,NA,EPCBRENT,UK Brent Crude Oil,PF4,Spot Price FOB,RBRTE,Europe Brent Spot Price FOB (Dollars per Barrel),18.3,$/BBL
1997-06-13,ZEU,NA,EPCBRENT,UK Brent Crude Oil,PF4,Spot Price FOB,RBRTE,Europe Brent Spot Price FOB (Dollars per Barrel),16.88,$/BBL
1997-06-20,ZEU,NA,EPCBRENT,UK Brent Crude Oil,PF4,Spot Price FOB,RBRTE,Europe Brent Spot Price FOB (Dollars per Barrel),17.27,$/BBL
1997-06-27,ZEU,NA,EPCBRENT,UK Brent Crude Oil,PF4,Spot Price FOB,RBRTE,Europe Brent Spot Price FOB (Dollars per Barrel),17.74,$/BBL
1997-07-04,ZEU,NA,EPCBRENT,UK Brent Crude Oil,PF4,Spot Price FOB,RBRTE,Europe Brent Spot Price FOB (Dollars per Barrel),18.41,$/BBL
1997-07-11,ZEU,NA,EPCBRENT,UK Brent Crude Oil,PF4,Spot Price FOB,RBRTE,Europe Brent Spot Price FOB (Dollars per Barrel),18.17,$/BBL
1997-07-18,ZEU,NA,EPCBRENT,UK Brent Crude Oil,PF4,Spot Price FOB,RBRTE,Europe Brent Spot Price FOB (Dollars per Barrel),18.26,$/BBL
1997-07-25,ZEU,NA,EPCBRENT,UK Brent Crude Oil,PF4,Spot Price FOB,RBRTE,Europe Brent Spot Price FOB (Dollars per Barrel),18.57,$/BBL
1997-08-01,ZEU,NA,EPCBRENT,UK Brent Crude Oil,PF4,Spot Price FOB,RBRTE,Europe Brent Spot Price FOB (Dollars per Barrel),18.96,$/BBL
1997-08-08,ZEU,NA,EPCBRENT,UK Brent Crude Oil,PF4,Spot Price FOB,RBRTE,Europe Brent Spot Price FOB (Dollars per Barrel),19.17,$/BBL
1997-08-15,ZEU,NA,EPCBRENT,UK Brent Crude Oil,PF4,Spot Price FOB,RBRTE,Europe Brent Spot Price FOB (Dollars per Barrel),18.63,$/BBL
1997-08-22,ZEU,NA,EPCBRENT,UK Brent Crude Oil,PF4,Spot Price FOB,RBRTE,Europe Brent Spot Price FOB (Dollars per Barrel),18.6,$/BBL
1997-08-29,ZEU,NA,EPCBRENT,UK Brent Crude Oil,PF4,Spot Price FOB,RBRTE,Europe Brent Spot Price FOB (Dollars per Barrel),17.83,$/BBL
1997-09-05,ZEU,NA,EPCBRENT,UK Brent Crude Oil,PF4,Spot Price FOB,RBRTE,Europe Brent Spot Price FOB (Dollars per Barrel),18.1,$/BBL
1997-09-12,ZEU,NA,EPCBRENT,UK Brent Crude Oil,PF4,Spot Price FOB,RBRTE,Europe Brent Spot Price FOB (Dollars per Barrel),18.11,$/BBL
1997-09-19,ZEU,NA,EPCBRENT,UK Brent Crude Oil,PF4,Spot Price FOB,RBRTE,Europe Brent Spot Price FOB (Dollars per Barrel),18.22,$/BBL
1997-09-26,ZEU,NA,EPCBRENT,UK Brent Crude Oil,PF4,Spot Price FOB,RBRTE,Europe Brent Spot Price FOB (Dollars per Barrel),18.83,$/BBL
1997-10-03,ZEU,NA,EPCBRENT,UK Brent Crude Oil,PF4,Spot Price FOB,RBRTE,Europe Brent Spot Price FOB (Dollars per Barrel),20.14,$/BBL
1997-10-10,ZEU,NA,EPCBRENT,UK Brent Crude Oil,PF4,Spot Price FOB,RBRTE,Europe Brent Spot Price FOB (Dollars per Barrel),20.75,$/BBL
1997-10-17,ZEU,NA,EPCBRENT,UK Brent Crude Oil,PF4,Spot Price FOB,RBRTE,Europe Brent Spot Price FOB (Dollars per Barrel),19.55,$/BBL
1997-10-24,ZEU,NA,EPCBRENT,UK Brent Crude Oil,PF4,Spot Price FOB,RBRTE,Europe Brent Spot Price FOB (Dollars per Barrel),19.56,$/BBL
1997-10-31,ZEU,NA,EPCBRENT,UK Brent Crude Oil,PF4,Spot Price FOB,RBRTE,Europe Brent Spot Price FOB (Dollars per Barrel),19.27,$/BBL
1997-11-07,ZEU,NA,EPCBRENT,UK Brent Crude Oil,PF4,Spot Price FOB,RBRTE,Europe Brent Spot Price FOB (Dollars per Barrel),19.14,$/BBL
1997-11-14,ZEU,NA,EPCBRENT,UK Brent Crude Oil,PF4,Spot Price FOB,RBRTE,Europe Brent Spot Price FOB (Dollars per Barrel),19.59,$/BBL
1997-11-21,ZEU,NA,EPCBRENT,UK Brent Crude Oil,PF4,Spot Price FOB,RBRTE,Europe Brent Spot Price FOB (Dollars per Barrel),19.2,$/BBL
1997-11-28,ZEU,NA,EPCBRENT,UK Brent Crude Oil,PF4,Spot Price FOB,RBRTE,Europe Brent Spot Price FOB (Dollars per Barrel),18.85,$/BBL
1997-12-05,ZEU,NA,EPCBRENT,UK Brent Crude Oil,PF4,Spot Price FOB,RBRTE,Europe Brent Spot Price FOB (Dollars per Barrel),17.92,$/BBL
1997-12-12,ZEU,NA,EPCBRENT,UK Brent Crude Oil,PF4,Spot Price FOB,RBRTE,Europe Brent Spot Price FOB (Dollars per Barrel),17.32,$/BBL
1997-12-19,ZEU,NA,EPCBRENT,UK Brent Crude Oil,PF4,Spot Price FOB,RBRTE,Europe Brent Spot Price FOB (Dollars per Barrel),17.04,$/BBL
1997-12-26,ZEU,NA,EPCBRENT,UK Brent Crude Oil,PF4,Spot Price FOB,RBRTE,Europe Brent Spot Price FOB (Dollars per Barrel),17.06,$/BBL
1998-01-02,ZEU,NA,EPCBRENT,UK Brent Crude Oil,PF4,Spot Price FOB,RBRTE,Europe Brent Spot Price FOB (Dollars per Barrel),16,$/BBL
1998-01-09,ZEU,NA,EPCBRENT,UK Brent Crude Oil,PF4,Spot Price FOB,RBRTE,Europe Brent Spot Price FOB (Dollars per Barrel),15.38,$/BBL
1998-01-16,ZEU,NA,EPCBRENT,UK Brent Crude Oil,PF4,Spot Price FOB,RBRTE,Europe Brent Spot Price FOB (Dollars per Barrel),14.92,$/BBL
1998-01-23,ZEU,NA,EPCBRENT,UK Brent Crude Oil,PF4,Spot Price FOB,RBRTE,Europe Brent Spot Price FOB (Dollars per Barrel),14.72,$/BBL
1998-01-30,ZEU,NA,EPCBRENT,UK Brent Crude Oil,PF4,Spot Price FOB,RBRTE,Europe Brent Spot Price FOB (Dollars per Barrel),15.61,$/BBL
1998-02-06,ZEU,NA,EPCBRENT,UK Brent Crude Oil,PF4,Spot Price FOB,RBRTE,Europe Brent Spot Price FOB (Dollars per Barrel),14.92,$/BBL
1998-02-13,ZEU,NA,EPCBRENT,UK Brent Crude Oil,PF4,Spot Price FOB,RBRTE,Europe Brent Spot Price FOB (Dollars per Barrel),14.36,$/BBL
1998-02-20,ZEU,NA,EPCBRENT,UK Brent Crude Oil,PF4,Spot Price FOB,RBRTE,Europe Brent Spot Price FOB (Dollars per Barrel),13.68,$/BBL
1998-02-27,ZEU,NA,EPCBRENT,UK Brent Crude Oil,PF4,Spot Price FOB,RBRTE,Europe Brent Spot Price FOB (Dollars per Barrel),13.32,$/BBL
1998-03-06,ZEU,NA,EPCBRENT,UK Brent Crude Oil,PF4,Spot Price FOB,RBRTE,Europe Brent Spot Price FOB (Dollars per Barrel),13.13,$/BBL
1998-03-13,ZEU,NA,EPCBRENT,UK Brent Crude Oil,PF4,Spot Price FOB,RBRTE,Europe Brent Spot Price FOB (Dollars per Barrel),12.31,$/BBL
1998-03-20,ZEU,NA,EPCBRENT,UK Brent Crude Oil,PF4,Spot Price FOB,RBRTE,Europe Brent Spot Price FOB (Dollars per Barrel),11.95,$/BBL
1998-03-27,ZEU,NA,EPCBRENT,UK Brent Crude Oil,PF4,Spot Price FOB,RBRTE,Europe Brent Spot Price FOB (Dollars per Barrel),14.61,$/BBL
1998-04-03,ZEU,NA,EPCBRENT,UK Brent Crude Oil,PF4,Spot Price FOB,RBRTE,Europe Brent Spot Price FOB (Dollars per Barrel),13.79,$/BBL
1998-04-10,ZEU,NA,EPCBRENT,UK Brent Crude Oil,PF4,Spot Price FOB,RBRTE,Europe Brent Spot Price FOB (Dollars per Barrel),12.99,$/BBL
1998-04-17,ZEU,NA,EPCBRENT,UK Brent Crude Oil,PF4,Spot Price FOB,RBRTE,Europe Brent Spot Price FOB (Dollars per Barrel),13.55,$/BBL
1998-04-24,ZEU,NA,EPCBRENT,UK Brent Crude Oil,PF4,Spot Price FOB,RBRTE,Europe Brent Spot Price FOB (Dollars per Barrel),13.64,$/BBL
1998-05-01,ZEU,NA,EPCBRENT,UK Brent Crude Oil,PF4,Spot Price FOB,RBRTE,Europe Brent Spot Price FOB (Dollars per Barrel),14,$/BBL
1998-05-08,ZEU,NA,EPCBRENT,UK Brent Crude Oil,PF4,Spot Price FOB,RBRTE,Europe Brent Spot Price FOB (Dollars per Barrel),13.95,$/BBL
1998-05-15,ZEU,NA,EPCBRENT,UK Brent Crude Oil,PF4,Spot Price FOB,RBRTE,Europe Brent Spot Price FOB (Dollars per Barrel),14.39,$/BBL
1998-05-22,ZEU,NA,EPCBRENT,UK Brent Crude Oil,PF4,Spot Price FOB,RBRTE,Europe Brent Spot Price FOB (Dollars per Barrel),14.56,$/BBL
1998-05-29,ZEU,NA,EPCBRENT,UK Brent Crude Oil,PF4,Spot Price FOB,RBRTE,Europe Brent Spot Price FOB (Dollars per Barrel),14.45,$/BBL
1998-06-05,ZEU,NA,EPCBRENT,UK Brent Crude Oil,PF4,Spot Price FOB,RBRTE,Europe Brent Spot Price FOB (Dollars per Barrel),13.63,$/BBL
1998-06-12,ZEU,NA,EPCBRENT,UK Brent Crude Oil,PF4,Spot Price FOB,RBRTE,Europe Brent Spot Price FOB (Dollars per Barrel),12.46,$/BBL
1998-06-19,ZEU,NA,EPCBRENT,UK Brent Crude Oil,PF4,Spot Price FOB,RBRTE,Europe Brent Spot Price FOB (Dollars per Barrel),10.92,$/BBL
1998-06-26,ZEU,NA,EPCBRENT,UK Brent Crude Oil,PF4,Spot Price FOB,RBRTE,Europe Brent Spot Price FOB (Dollars per Barrel),11.96,$/BBL
1998-07-03,ZEU,NA,EPCBRENT,UK Brent Crude Oil,PF4,Spot Price FOB,RBRTE,Europe Brent Spot Price FOB (Dollars per Barrel),11.87,$/BBL
1998-07-10,ZEU,NA,EPCBRENT,UK Brent Crude Oil,PF4,Spot Price FOB,RBRTE,Europe Brent Spot Price FOB (Dollars per Barrel),11.66,$/BBL
1998-07-17,ZEU,NA,EPCBRENT,UK Brent Crude Oil,PF4,Spot Price FOB,RBRTE,Europe Brent Spot Price FOB (Dollars per Barrel),12.04,$/BBL
1998-07-24,ZEU,NA,EPCBRENT,UK Brent Crude Oil,PF4,Spot Price FOB,RBRTE,Europe Brent Spot Price FOB (Dollars per Barrel),12.12,$/BBL
1998-07-31,ZEU,NA,EPCBRENT,UK Brent Crude Oil,PF4,Spot Price FOB,RBRTE,Europe Brent Spot Price FOB (Dollars per Barrel),12.61,$/BBL
1998-08-07,ZEU,NA,EPCBRENT,UK Brent Crude Oil,PF4,Spot Price FOB,RBRTE,Europe Brent Spot Price FOB (Dollars per Barrel),12.1,$/BBL
1998-08-14,ZEU,NA,EPCBRENT,UK Brent Crude Oil,PF4,Spot Price FOB,RBRTE,Europe Brent Spot Price FOB (Dollars per Barrel),11.39,$/BBL
1998-08-21,ZEU,NA,EPCBRENT,UK Brent Crude Oil,PF4,Spot Price FOB,RBRTE,Europe Brent Spot Price FOB (Dollars per Barrel),12,$/BBL
1998-08-28,ZEU,NA,EPCBRENT,UK Brent Crude Oil,PF4,Spot Price FOB,RBRTE,Europe Brent Spot Price FOB (Dollars per Barrel),12.16,$/BBL
1998-09-04,ZEU,NA,EPCBRENT,UK Brent Crude Oil,PF4,Spot Price FOB,RBRTE,Europe Brent Spot Price FOB (Dollars per Barrel),12.42,$/BBL
1998-09-11,ZEU,NA,EPCBRENT,UK Brent Crude Oil,PF4,Spot Price FOB,RBRTE,Europe Brent Spot Price FOB (Dollars per Barrel),12.61,$/BBL
1998-09-18,ZEU,NA,EPCBRENT,UK Brent Crude Oil,PF4,Spot Price FOB,RBRTE,Europe Brent Spot Price FOB (Dollars per Barrel),12.92,$/BBL
1998-09-25,ZEU,NA,EPCBRENT,UK Brent Crude Oil,PF4,Spot Price FOB,RBRTE,Europe Brent Spot Price FOB (Dollars per Barrel),14.55,$/BBL
1998-10-02,ZEU,NA,EPCBRENT,UK Brent Crude Oil,PF4,Spot Price FOB,RBRTE,Europe Brent Spot Price FOB (Dollars per Barrel),14.43,$/BBL
1998-10-09,ZEU,NA,EPCBRENT,UK Brent Crude Oil,PF4,Spot Price FOB,RBRTE,Europe Brent Spot Price FOB (Dollars per Barrel),13.61,$/BBL
1998-10-16,ZEU,NA,EPCBRENT,UK Brent Crude Oil,PF4,Spot Price FOB,RBRTE,Europe Brent Spot Price FOB (Dollars per Barrel),12.45,$/BBL
1998-10-23,ZEU,NA,EPCBRENT,UK Brent Crude Oil,PF4,Spot Price FOB,RBRTE,Europe Brent Spot Price FOB (Dollars per Barrel),11.74,$/BBL
1998-10-30,ZEU,NA,EPCBRENT,UK Brent Crude Oil,PF4,Spot Price FOB,RBRTE,Europe Brent Spot Price FOB (Dollars per Barrel),12.35,$/BBL
1998-11-06,ZEU,NA,EPCBRENT,UK Brent Crude Oil,PF4,Spot Price FOB,RBRTE,Europe Brent Spot Price FOB (Dollars per Barrel),11.9,$/BBL
1998-11-13,ZEU,NA,EPCBRENT,UK Brent Crude Oil,PF4,Spot Price FOB,RBRTE,Europe Brent Spot Price FOB (Dollars per Barrel),11.36,$/BBL
1998-11-20,ZEU,NA,EPCBRENT,UK Brent Crude Oil,PF4,Spot Price FOB,RBRTE,Europe Brent Spot Price FOB (Dollars per Barrel),10.56,$/BBL
1998-11-27,ZEU,NA,EPCBRENT,UK Brent Crude Oil,PF4,Spot Price FOB,RBRTE,Europe Brent Spot Price FOB (Dollars per Barrel),10.56,$/BBL
1998-12-04,ZEU,NA,EPCBRENT,UK Brent Crude Oil,PF4,Spot Price FOB,RBRTE,Europe Brent Spot Price FOB (Dollars per Barrel),9.85,$/BBL
1998-12-11,ZEU,NA,EPCBRENT,UK Brent Crude Oil,PF4,Spot Price FOB,RBRTE,Europe Brent Spot Price FOB (Dollars per Barrel),9.44,$/BBL
1998-12-18,ZEU,NA,EPCBRENT,UK Brent Crude Oil,PF4,Spot Price FOB,RBRTE,Europe Brent Spot Price FOB (Dollars per Barrel),9.89,$/BBL
1998-12-25,ZEU,NA,EPCBRENT,UK Brent Crude Oil,PF4,Spot Price FOB,RBRTE,Europe Brent Spot Price FOB (Dollars per Barrel),9.78,$/BBL
1999-01-01,ZEU,NA,EPCBRENT,UK Brent Crude Oil,PF4,Spot Price FOB,RBRTE,Europe Brent Spot Price FOB (Dollars per Barrel),10.41,$/BBL
1999-01-08,ZEU,NA,EPCBRENT,UK Brent Crude Oil,PF4,Spot Price FOB,RBRTE,Europe Brent Spot Price FOB (Dollars per Barrel),10.94,$/BBL
1999-01-15,ZEU,NA,EPCBRENT,UK Brent Crude Oil,PF4,Spot Price FOB,RBRTE,Europe Brent Spot Price FOB (Dollars per Barrel),11.36,$/BBL
1999-01-22,ZEU,NA,EPCBRENT,UK Brent Crude Oil,PF4,Spot Price FOB,RBRTE,Europe Brent Spot Price FOB (Dollars per Barrel),11.04,$/BBL
1999-01-29,ZEU,NA,EPCBRENT,UK Brent Crude Oil,PF4,Spot Price FOB,RBRTE,Europe Brent Spot Price FOB (Dollars per Barrel),11.11,$/BBL
1999-02-05,ZEU,NA,EPCBRENT,UK Brent Crude Oil,PF4,Spot Price FOB,RBRTE,Europe Brent Spot Price FOB (Dollars per Barrel),10.52,$/BBL
1999-02-12,ZEU,NA,EPCBRENT,UK Brent Crude Oil,PF4,Spot Price FOB,RBRTE,Europe Brent Spot Price FOB (Dollars per Barrel),9.88,$/BBL
1999-02-19,ZEU,NA,EPCBRENT,UK Brent Crude Oil,PF4,Spot Price FOB,RBRTE,Europe Brent Spot Price FOB (Dollars per Barrel),10.07,$/BBL
1999-02-26,ZEU,NA,EPCBRENT,UK Brent Crude Oil,PF4,Spot Price FOB,RBRTE,Europe Brent Spot Price FOB (Dollars per Barrel),10.58,$/BBL
1999-03-05,ZEU,NA,EPCBRENT,UK Brent Crude Oil,PF4,Spot Price FOB,RBRTE,Europe Brent Spot Price FOB (Dollars per Barrel),10.79,$/BBL
1999-03-12,ZEU,NA,EPCBRENT,UK Brent Crude Oil,PF4,Spot Price FOB,RBRTE,Europe Brent Spot Price FOB (Dollars per Barrel),11.67,$/BBL
1999-03-19,ZEU,NA,EPCBRENT,UK Brent Crude Oil,PF4,Spot Price FOB,RBRTE,Europe Brent Spot Price FOB (Dollars per Barrel),12.75,$/BBL
1999-03-26,ZEU,NA,EPCBRENT,UK Brent Crude Oil,PF4,Spot Price FOB,RBRTE,Europe Brent Spot Price FOB (Dollars per Barrel),13.57,$/BBL
1999-04-02,ZEU,NA,EPCBRENT,UK Brent Crude Oil,PF4,Spot Price FOB,RBRTE,Europe Brent Spot Price FOB (Dollars per Barrel),14.62,$/BBL
1999-04-09,ZEU,NA,EPCBRENT,UK Brent Crude Oil,PF4,Spot Price FOB,RBRTE,Europe Brent Spot Price FOB (Dollars per Barrel),14.13,$/BBL
1999-04-16,ZEU,NA,EPCBRENT,UK Brent Crude Oil,PF4,Spot Price FOB,RBRTE,Europe Brent Spot Price FOB (Dollars per Barrel),14.7,$/BBL
1999-04-23,ZEU,NA,EPCBRENT,UK Brent Crude Oil,PF4,Spot Price FOB,RBRTE,Europe Brent Spot Price FOB (Dollars per Barrel),16.07,$/BBL
1999-04-30,ZEU,NA,EPCBRENT,UK Brent Crude Oil,PF4,Spot Price FOB,RBRTE,Europe Brent Spot Price FOB (Dollars per Barrel),16.18,$/BBL
1999-05-07,ZEU,NA,EPCBRENT,UK Brent Crude Oil,PF4,Spot Price FOB,RBRTE,Europe Brent Spot Price FOB (Dollars per Barrel),16.48,$/BBL
1999-05-14,ZEU,NA,EPCBRENT,UK Brent Crude Oil,PF4,Spot Price FOB,RBRTE,Europe Brent Spot Price FOB (Dollars per Barrel),15.22,$/BBL
1999-05-21,ZEU,NA,EPCBRENT,UK Brent Crude Oil,PF4,Spot Price FOB,RBRTE,Europe Brent Spot Price FOB (Dollars per Barrel),14.55,$/BBL
1999-05-28,ZEU,NA,EPCBRENT,UK Brent Crude Oil,PF4,Spot Price FOB,RBRTE,Europe Brent Spot Price FOB (Dollars per Barrel),14.9,$/BBL
1999-06-04,ZEU,NA,EPCBRENT,UK Brent Crude Oil,PF4,Spot Price FOB,RBRTE,Europe Brent Spot Price FOB (Dollars per Barrel),14.49,$/BBL
1999-06-11,ZEU,NA,EPCBRENT,UK Brent Crude Oil,PF4,Spot Price FOB,RBRTE,Europe Brent Spot Price FOB (Dollars per Barrel),16.13,$/BBL
1999-06-18,ZEU,NA,EPCBRENT,UK Brent Crude Oil,PF4,Spot Price FOB,RBRTE,Europe Brent Spot Price FOB (Dollars per Barrel),16.12,$/BBL
1999-06-25,ZEU,NA,EPCBRENT,UK Brent Crude Oil,PF4,Spot Price FOB,RBRTE,Europe Brent Spot Price FOB (Dollars per Barrel),16.03,$/BBL
1999-07-02,ZEU,NA,EPCBRENT,UK Brent Crude Oil,PF4,Spot Price FOB,RBRTE,Europe Brent Spot Price FOB (Dollars per Barrel),16.88,$/BBL
1999-07-09,ZEU,NA,EPCBRENT,UK Brent Crude Oil,PF4,Spot Price FOB,RBRTE,Europe Brent Spot Price FOB (Dollars per Barrel),18.62,$/BBL
1999-07-16,ZEU,NA,EPCBRENT,UK Brent Crude Oil,PF4,Spot Price FOB,RBRTE,Europe Brent Spot Price FOB (Dollars per Barrel),19.25,$/BBL
1999-07-23,ZEU,NA,EPCBRENT,UK Brent Crude Oil,PF4,Spot Price FOB,RBRTE,Europe Brent Spot Price FOB (Dollars per Barrel),19.28,$/BBL
1999-07-30,ZEU,NA,EPCBRENT,UK Brent Crude Oil,PF4,Spot Price FOB,RBRTE,Europe Brent Spot Price FOB (Dollars per Barrel),19.76,$/BBL
1999-08-06,ZEU,NA,EPCBRENT,UK Brent Crude Oil,PF4,Spot Price FOB,RBRTE,Europe Brent Spot Price FOB (Dollars per Barrel),19.44,$/BBL
1999-08-13,ZEU,NA,EPCBRENT,UK Brent Crude Oil,PF4,Spot Price FOB,RBRTE,Europe Brent Spot Price FOB (Dollars per Barrel),20.21,$/BBL
1999-08-20,ZEU,NA,EPCBRENT,UK Brent Crude Oil,PF4,Spot Price FOB,RBRTE,Europe Brent Spot Price FOB (Dollars per Barrel),20.8,$/BBL
1999-08-27,ZEU,NA,EPCBRENT,UK Brent Crude Oil,PF4,Spot Price FOB,RBRTE,Europe Brent Spot Price FOB (Dollars per Barrel),20.25,$/BBL
1999-09-03,ZEU,NA,EPCBRENT,UK Brent Crude Oil,PF4,Spot Price FOB,RBRTE,Europe Brent Spot Price FOB (Dollars per Barrel),20.9,$/BBL
1999-09-10,ZEU,NA,EPCBRENT,UK Brent Crude Oil,PF4,Spot Price FOB,RBRTE,Europe Brent Spot Price FOB (Dollars per Barrel),21.94,$/BBL
1999-09-17,ZEU,NA,EPCBRENT,UK Brent Crude Oil,PF4,Spot Price FOB,RBRTE,Europe Brent Spot Price FOB (Dollars per Barrel),23.08,$/BBL
1999-09-24,ZEU,NA,EPCBRENT,UK Brent Crude Oil,PF4,Spot Price FOB,RBRTE,Europe Brent Spot Price FOB (Dollars per Barrel),23.02,$/BBL
1999-10-01,ZEU,NA,EPCBRENT,UK Brent Crude Oil,PF4,Spot Price FOB,RBRTE,Europe Brent Spot Price FOB (Dollars per Barrel),23.25,$/BBL
1999-10-08,ZEU,NA,EPCBRENT,UK Brent Crude Oil,PF4,Spot Price FOB,RBRTE,Europe Brent Spot Price FOB (Dollars per Barrel),22.42,$/BBL
1999-10-15,ZEU,NA,EPCBRENT,UK Brent Crude Oil,PF4,Spot Price FOB,RBRTE,Europe Brent Spot Price FOB (Dollars per Barrel),21.78,$/BBL
1999-10-22,ZEU,NA,EPCBRENT,UK Brent Crude Oil,PF4,Spot Price FOB,RBRTE,Europe Brent Spot Price FOB (Dollars per Barrel),21.79,$/BBL
1999-10-29,ZEU,NA,EPCBRENT,UK Brent Crude Oil,PF4,Spot Price FOB,RBRTE,Europe Brent Spot Price FOB (Dollars per Barrel),21.82,$/BBL
1999-11-05,ZEU,NA,EPCBRENT,UK Brent Crude Oil,PF4,Spot Price FOB,RBRTE,Europe Brent Spot Price FOB (Dollars per Barrel),22.22,$/BBL
1999-11-12,ZEU,NA,EPCBRENT,UK Brent Crude Oil,PF4,Spot Price FOB,RBRTE,Europe Brent Spot Price FOB (Dollars per Barrel),24.77,$/BBL
1999-11-19,ZEU,NA,EPCBRENT,UK Brent Crude Oil,PF4,Spot Price FOB,RBRTE,Europe Brent Spot Price FOB (Dollars per Barrel),25.19,$/BBL
1999-11-26,ZEU,NA,EPCBRENT,UK Brent Crude Oil,PF4,Spot Price FOB,RBRTE,Europe Brent Spot Price FOB (Dollars per Barrel),25.82,$/BBL
1999-12-03,ZEU,NA,EPCBRENT,UK Brent Crude Oil,PF4,Spot Price FOB,RBRTE,Europe Brent Spot Price FOB (Dollars per Barrel),25.35,$/BBL
1999-12-10,ZEU,NA,EPCBRENT,UK Brent Crude Oil,PF4,Spot Price FOB,RBRTE,Europe Brent Spot Price FOB (Dollars per Barrel),25.74,$/BBL
1999-12-17,ZEU,NA,EPCBRENT,UK Brent Crude Oil,PF4,Spot Price FOB,RBRTE,Europe Brent Spot Price FOB (Dollars per Barrel),25.44,$/BBL
1999-12-24,ZEU,NA,EPCBRENT,UK Brent Crude Oil,PF4,Spot Price FOB,RBRTE,Europe Brent Spot Price FOB (Dollars per Barrel),25.41,$/BBL
1999-12-31,ZEU,NA,EPCBRENT,UK Brent Crude Oil,PF4,Spot Price FOB,RBRTE,Europe Brent Spot Price FOB (Dollars per Barrel),25.28,$/BBL
2000-01-07,ZEU,NA,EPCBRENT,UK Brent Crude Oil,PF4,Spot Price FOB,RBRTE,Europe Brent Spot Price FOB (Dollars per Barrel),23.64,$/BBL
2000-01-14,ZEU,NA,EPCBRENT,UK Brent Crude Oil,PF4,Spot Price FOB,RBRTE,Europe Brent Spot Price FOB (Dollars per Barrel),24.34,$/BBL
2000-01-21,ZEU,NA,EPCBRENT,UK Brent Crude Oil,PF4,Spot Price FOB,RBRTE,Europe Brent Spot Price FOB (Dollars per Barrel),26.38,$/BBL
2000-01-28,ZEU,NA,EPCBRENT,UK Brent Crude Oil,PF4,Spot Price FOB,RBRTE,Europe Brent Spot Price FOB (Dollars per Barrel),26.99,$/BBL
2000-02-04,ZEU,NA,EPCBRENT,UK Brent Crude Oil,PF4,Spot Price FOB,RBRTE,Europe Brent Spot Price FOB (Dollars per Barrel),27.33,$/BBL
2000-02-11,ZEU,NA,EPCBRENT,UK Brent Crude Oil,PF4,Spot Price FOB,RBRTE,Europe Brent Spot Price FOB (Dollars per Barrel),27.63,$/BBL
2000-02-18,ZEU,NA,EPCBRENT,UK Brent Crude Oil,PF4,Spot Price FOB,RBRTE,Europe Brent Spot Price FOB (Dollars per Barrel),27.81,$/BBL
2000-02-25,ZEU,NA,EPCBRENT,UK Brent Crude Oil,PF4,Spot Price FOB,RBRTE,Europe Brent Spot Price FOB (Dollars per Barrel),27.76,$/BBL
2000-03-03,ZEU,NA,EPCBRENT,UK Brent Crude Oil,PF4,Spot Price FOB,RBRTE,Europe Brent Spot Price FOB (Dollars per Barrel),29.49,$/BBL
2000-03-10,ZEU,NA,EPCBRENT,UK Brent Crude Oil,PF4,Spot Price FOB,RBRTE,Europe Brent Spot Price FOB (Dollars per Barrel),30.3,$/BBL
2000-03-17,ZEU,NA,EPCBRENT,UK Brent Crude Oil,PF4,Spot Price FOB,RBRTE,Europe Brent Spot Price FOB (Dollars per Barrel),28.39,$/BBL
2000-03-24,ZEU,NA,EPCBRENT,UK Brent Crude Oil,PF4,Spot Price FOB,RBRTE,Europe Brent Spot Price FOB (Dollars per Barrel),25.47,$/BBL
2000-03-31,ZEU,NA,EPCBRENT,UK Brent Crude Oil,PF4,Spot Price FOB,RBRTE,Europe Brent Spot Price FOB (Dollars per Barrel),24.33,$/BBL
2000-04-07,ZEU,NA,EPCBRENT,UK Brent Crude Oil,PF4,Spot Price FOB,RBRTE,Europe Brent Spot Price FOB (Dollars per Barrel),23.28,$/BBL
2000-04-14,ZEU,NA,EPCBRENT,UK Brent Crude Oil,PF4,Spot Price FOB,RBRTE,Europe Brent Spot Price FOB (Dollars per Barrel),21.66,$/BBL
2000-04-21,ZEU,NA,EPCBRENT,UK Brent Crude Oil,PF4,Spot Price FOB,RBRTE,Europe Brent Spot Price FOB (Dollars per Barrel),22.99,$/BBL
2000-04-28,ZEU,NA,EPCBRENT,UK Brent Crude Oil,PF4,Spot Price FOB,RBRTE,Europe Brent Spot Price FOB (Dollars per Barrel),23.28,$/BBL
2000-05-05,ZEU,NA,EPCBRENT,UK Brent Crude Oil,PF4,Spot Price FOB,RBRTE,Europe Brent Spot Price FOB (Dollars per Barrel),24.96,$/BBL
2000-05-12,ZEU,NA,EPCBRENT,UK Brent Crude Oil,PF4,Spot Price FOB,RBRTE,Europe Brent Spot Price FOB (Dollars per Barrel),26.9,$/BBL
2000-05-19,ZEU,NA,EPCBRENT,UK Brent Crude Oil,PF4,Spot Price FOB,RBRTE,Europe Brent Spot Price FOB (Dollars per Barrel),28.67,$/BBL
2000-05-26,ZEU,NA,EPCBRENT,UK Brent Crude Oil,PF4,Spot Price FOB,RBRTE,Europe Brent Spot Price FOB (Dollars per Barrel),29.05,$/BBL
2000-06-02,ZEU,NA,EPCBRENT,UK Brent Crude Oil,PF4,Spot Price FOB,RBRTE,Europe Brent Spot Price FOB (Dollars per Barrel),29.64,$/BBL
2000-06-09,ZEU,NA,EPCBRENT,UK Brent Crude Oil,PF4,Spot Price FOB,RBRTE,Europe Brent Spot Price FOB (Dollars per Barrel),28.67,$/BBL
2000-06-16,ZEU,NA,EPCBRENT,UK Brent Crude Oil,PF4,Spot Price FOB,RBRTE,Europe Brent Spot Price FOB (Dollars per Barrel),29.81,$/BBL
2000-06-23,ZEU,NA,EPCBRENT,UK Brent Crude Oil,PF4,Spot Price FOB,RBRTE,Europe Brent Spot Price FOB (Dollars per Barrel),29.78,$/BBL
2000-06-30,ZEU,NA,EPCBRENT,UK Brent Crude Oil,PF4,Spot Price FOB,RBRTE,Europe Brent Spot Price FOB (Dollars per Barrel),31.03,$/BBL
2000-07-07,ZEU,NA,EPCBRENT,UK Brent Crude Oil,PF4,Spot Price FOB,RBRTE,Europe Brent Spot Price FOB (Dollars per Barrel),30.9,$/BBL
2000-07-14,ZEU,NA,EPCBRENT,UK Brent Crude Oil,PF4,Spot Price FOB,RBRTE,Europe Brent Spot Price FOB (Dollars per Barrel),30.53,$/BBL
2000-07-21,ZEU,NA,EPCBRENT,UK Brent Crude Oil,PF4,Spot Price FOB,RBRTE,Europe Brent Spot Price FOB (Dollars per Barrel),27.95,$/BBL
2000-07-28,ZEU,NA,EPCBRENT,UK Brent Crude Oil,PF4,Spot Price FOB,RBRTE,Europe Brent Spot Price FOB (Dollars per Barrel),26.02,$/BBL
2000-08-04,ZEU,NA,EPCBRENT,UK Brent Crude Oil,PF4,Spot Price FOB,RBRTE,Europe Brent Spot Price FOB (Dollars per Barrel),26.48,$/BBL
2000-08-11,ZEU,NA,EPCBRENT,UK Brent Crude Oil,PF4,Spot Price FOB,RBRTE,Europe Brent Spot Price FOB (Dollars per Barrel),28.34,$/BBL
2000-08-18,ZEU,NA,EPCBRENT,UK Brent Crude Oil,PF4,Spot Price FOB,RBRTE,Europe Brent Spot Price FOB (Dollars per Barrel),30.07,$/BBL
2000-08-25,ZEU,NA,EPCBRENT,UK Brent Crude Oil,PF4,Spot Price FOB,RBRTE,Europe Brent Spot Price FOB (Dollars per Barrel),31.77,$/BBL
2000-09-01,ZEU,NA,EPCBRENT,UK Brent Crude Oil,PF4,Spot Price FOB,RBRTE,Europe Brent Spot Price FOB (Dollars per Barrel),34.32,$/BBL
2000-09-08,ZEU,NA,EPCBRENT,UK Brent Crude Oil,PF4,Spot Price FOB,RBRTE,Europe Brent Spot Price FOB (Dollars per Barrel),36.43,$/BBL
2000-09-15,ZEU,NA,EPCBRENT,UK Brent Crude Oil,PF4,Spot Price FOB,RBRTE,Europe Brent Spot Price FOB (Dollars per Barrel),33.26,$/BBL
2000-09-22,ZEU,NA,EPCBRENT,UK Brent Crude Oil,PF4,Spot Price FOB,RBRTE,Europe Brent Spot Price FOB (Dollars per Barrel),33.09,$/BBL
2000-09-29,ZEU,NA,EPCBRENT,UK Brent Crude Oil,PF4,Spot Price FOB,RBRTE,Europe Brent Spot Price FOB (Dollars per Barrel),29.41,$/BBL
2000-10-06,ZEU,NA,EPCBRENT,UK Brent Crude Oil,PF4,Spot Price FOB,RBRTE,Europe Brent Spot Price FOB (Dollars per Barrel),29.83,$/BBL
2000-10-13,ZEU,NA,EPCBRENT,UK Brent Crude Oil,PF4,Spot Price FOB,RBRTE,Europe Brent Spot Price FOB (Dollars per Barrel),31.83,$/BBL
2000-10-20,ZEU,NA,EPCBRENT,UK Brent Crude Oil,PF4,Spot Price FOB,RBRTE,Europe Brent Spot Price FOB (Dollars per Barrel),30.97,$/BBL
2000-10-27,ZEU,NA,EPCBRENT,UK Brent Crude Oil,PF4,Spot Price FOB,RBRTE,Europe Brent Spot Price FOB (Dollars per Barrel),31.35,$/BBL
2000-11-03,ZEU,NA,EPCBRENT,UK Brent Crude Oil,PF4,Spot Price FOB,RBRTE,Europe Brent Spot Price FOB (Dollars per Barrel),30.9,$/BBL
2000-11-10,ZEU,NA,EPCBRENT,UK Brent Crude Oil,PF4,Spot Price FOB,RBRTE,Europe Brent Spot Price FOB (Dollars per Barrel),31.59,$/BBL
2000-11-17,ZEU,NA,EPCBRENT,UK Brent Crude Oil,PF4,Spot Price FOB,RBRTE,Europe Brent Spot Price FOB (Dollars per Barrel),33.32,$/BBL
2000-11-24,ZEU,NA,EPCBRENT,UK Brent Crude Oil,PF4,Spot Price FOB,RBRTE,Europe Brent Spot Price FOB (Dollars per Barrel),33.46,$/BBL
2000-12-01,ZEU,NA,EPCBRENT,UK Brent Crude Oil,PF4,Spot Price FOB,RBRTE,Europe Brent Spot Price FOB (Dollars per Barrel),32.53,$/BBL
2000-12-08,ZEU,NA,EPCBRENT,UK Brent Crude Oil,PF4,Spot Price FOB,RBRTE,Europe Brent Spot Price FOB (Dollars per Barrel),28.28,$/BBL
2000-12-15,ZEU,NA,EPCBRENT,UK Brent Crude Oil,PF4,Spot Price FOB,RBRTE,Europe Brent Spot Price FOB (Dollars per Barrel),25.94,$/BBL
2000-12-22,ZEU,NA,EPCBRENT,UK Brent Crude Oil,PF4,Spot Price FOB,RBRTE,Europe Brent Spot Price FOB (Dollars per Barrel),23.48,$/BBL
2000-12-29,ZEU,NA,EPCBRENT,UK Brent Crude Oil,PF4,Spot Price FOB,RBRTE,Europe Brent Spot Price FOB (Dollars per Barrel),22.48,$/BBL
2001-01-05,ZEU,NA,EPCBRENT,UK Brent Crude Oil,PF4,Spot Price FOB,RBRTE,Europe Brent Spot Price FOB (Dollars per Barrel),24.05,$/BBL
2001-01-12,ZEU,NA,EPCBRENT,UK Brent Crude Oil,PF4,Spot Price FOB,RBRTE,Europe Brent Spot Price FOB (Dollars per Barrel),25.02,$/BBL
2001-01-19,ZEU,NA,EPCBRENT,UK Brent Crude Oil,PF4,Spot Price FOB,RBRTE,Europe Brent Spot Price FOB (Dollars per Barrel),25.37,$/BBL
2001-01-26,ZEU,NA,EPCBRENT,UK Brent Crude Oil,PF4,Spot Price FOB,RBRTE,Europe Brent Spot Price FOB (Dollars per Barrel),27.15,$/BBL
2001-02-02,ZEU,NA,EPCBRENT,UK Brent Crude Oil,PF4,Spot Price FOB,RBRTE,Europe Brent Spot Price FOB (Dollars per Barrel),27.19,$/BBL
2001-02-09,ZEU,NA,EPCBRENT,UK Brent Crude Oil,PF4,Spot Price FOB,RBRTE,Europe Brent Spot Price FOB (Dollars per Barrel),29.62,$/BBL
2001-02-16,ZEU,NA,EPCBRENT,UK Brent Crude Oil,PF4,Spot Price FOB,RBRTE,Europe Brent Spot Price FOB (Dollars per Barrel),27.63,$/BBL
2001-02-23,ZEU,NA,EPCBRENT,UK Brent Crude Oil,PF4,Spot Price FOB,RBRTE,Europe Brent Spot Price FOB (Dollars per Barrel),26.29,$/BBL
2001-03-02,ZEU,NA,EPCBRENT,UK Brent Crude Oil,PF4,Spot Price FOB,RBRTE,Europe Brent Spot Price FOB (Dollars per Barrel),25.26,$/BBL
2001-03-09,ZEU,NA,EPCBRENT,UK Brent Crude Oil,PF4,Spot Price FOB,RBRTE,Europe Brent Spot Price FOB (Dollars per Barrel),25.93,$/BBL
2001-03-16,ZEU,NA,EPCBRENT,UK Brent Crude Oil,PF4,Spot Price FOB,RBRTE,Europe Brent Spot Price FOB (Dollars per Barrel),24.33,$/BBL
2001-03-23,ZEU,NA,EPCBRENT,UK Brent Crude Oil,PF4,Spot Price FOB,RBRTE,Europe Brent Spot Price FOB (Dollars per Barrel),23.48,$/BBL
2001-03-30,ZEU,NA,EPCBRENT,UK Brent Crude Oil,PF4,Spot Price FOB,RBRTE,Europe Brent Spot Price FOB (Dollars per Barrel),24.04,$/BBL
2001-04-06,ZEU,NA,EPCBRENT,UK Brent Crude Oil,PF4,Spot Price FOB,RBRTE,Europe Brent Spot Price FOB (Dollars per Barrel),24,$/BBL
2001-04-13,ZEU,NA,EPCBRENT,UK Brent Crude Oil,PF4,Spot Price FOB,RBRTE,Europe Brent Spot Price FOB (Dollars per Barrel),26,$/BBL
2001-04-20,ZEU,NA,EPCBRENT,UK Brent Crude Oil,PF4,Spot Price FOB,RBRTE,Europe Brent Spot Price FOB (Dollars per Barrel),26.27,$/BBL
2001-04-27,ZEU,NA,EPCBRENT,UK Brent Crude Oil,PF4,Spot Price FOB,RBRTE,Europe Brent Spot Price FOB (Dollars per Barrel),26.05,$/BBL
2001-05-04,ZEU,NA,EPCBRENT,UK Brent Crude Oil,PF4,Spot Price FOB,RBRTE,Europe Brent Spot Price FOB (Dollars per Barrel),27.28,$/BBL
2001-05-11,ZEU,NA,EPCBRENT,UK Brent Crude Oil,PF4,Spot Price FOB,RBRTE,Europe Brent Spot Price FOB (Dollars per Barrel),27.77,$/BBL
2001-05-18,ZEU,NA,EPCBRENT,UK Brent Crude Oil,PF4,Spot Price FOB,RBRTE,Europe Brent Spot Price FOB (Dollars per Barrel),28.34,$/BBL
2001-05-25,ZEU,NA,EPCBRENT,UK Brent Crude Oil,PF4,Spot Price FOB,RBRTE,Europe Brent Spot Price FOB (Dollars per Barrel),29.31,$/BBL
2001-06-01,ZEU,NA,EPCBRENT,UK Brent Crude Oil,PF4,Spot Price FOB,RBRTE,Europe Brent Spot Price FOB (Dollars per Barrel),28.86,$/BBL
2001-06-08,ZEU,NA,EPCBRENT,UK Brent Crude Oil,PF4,Spot Price FOB,RBRTE,Europe Brent Spot Price FOB (Dollars per Barrel),28.87,$/BBL
2001-06-15,ZEU,NA,EPCBRENT,UK Brent Crude Oil,PF4,Spot Price FOB,RBRTE,Europe Brent Spot Price FOB (Dollars per Barrel),28.87,$/BBL
2001-06-22,ZEU,NA,EPCBRENT,UK Brent Crude Oil,PF4,Spot Price FOB,RBRTE,Europe Brent Spot Price FOB (Dollars per Barrel),26.82,$/BBL
2001-06-29,ZEU,NA,EPCBRENT,UK Brent Crude Oil,PF4,Spot Price FOB,RBRTE,Europe Brent Spot Price FOB (Dollars per Barrel),26.63,$/BBL
2001-07-06,ZEU,NA,EPCBRENT,UK Brent Crude Oil,PF4,Spot Price FOB,RBRTE,Europe Brent Spot Price FOB (Dollars per Barrel),25.9,$/BBL
2001-07-13,ZEU,NA,EPCBRENT,UK Brent Crude Oil,PF4,Spot Price FOB,RBRTE,Europe Brent Spot Price FOB (Dollars per Barrel),24.47,$/BBL
2001-07-20,ZEU,NA,EPCBRENT,UK Brent Crude Oil,PF4,Spot Price FOB,RBRTE,Europe Brent Spot Price FOB (Dollars per Barrel),23.47,$/BBL
2001-07-27,ZEU,NA,EPCBRENT,UK Brent Crude Oil,PF4,Spot Price FOB,RBRTE,Europe Brent Spot Price FOB (Dollars per Barrel),24.69,$/BBL
2001-08-03,ZEU,NA,EPCBRENT,UK Brent Crude Oil,PF4,Spot Price FOB,RBRTE,Europe Brent Spot Price FOB (Dollars per Barrel),24.83,$/BBL
2001-08-10,ZEU,NA,EPCBRENT,UK Brent Crude Oil,PF4,Spot Price FOB,RBRTE,Europe Brent Spot Price FOB (Dollars per Barrel),25.6,$/BBL
2001-08-17,ZEU,NA,EPCBRENT,UK Brent Crude Oil,PF4,Spot Price FOB,RBRTE,Europe Brent Spot Price FOB (Dollars per Barrel),25.41,$/BBL
2001-08-24,ZEU,NA,EPCBRENT,UK Brent Crude Oil,PF4,Spot Price FOB,RBRTE,Europe Brent Spot Price FOB (Dollars per Barrel),25.48,$/BBL
2001-08-31,ZEU,NA,EPCBRENT,UK Brent Crude Oil,PF4,Spot Price FOB,RBRTE,Europe Brent Spot Price FOB (Dollars per Barrel),26.57,$/BBL
2001-09-07,ZEU,NA,EPCBRENT,UK Brent Crude Oil,PF4,Spot Price FOB,RBRTE,Europe Brent Spot Price FOB (Dollars per Barrel),26.64,$/BBL
2001-09-14,ZEU,NA,EPCBRENT,UK Brent Crude Oil,PF4,Spot Price FOB,RBRTE,Europe Brent Spot Price FOB (Dollars per Barrel),28.47,$/BBL
2001-09-21,ZEU,NA,EPCBRENT,UK Brent Crude Oil,PF4,Spot Price FOB,RBRTE,Europe Brent Spot Price FOB (Dollars per Barrel),26.41,$/BBL
2001-09-28,ZEU,NA,EPCBRENT,UK Brent Crude Oil,PF4,Spot Price FOB,RBRTE,Europe Brent Spot Price FOB (Dollars per Barrel),20.95,$/BBL
2001-10-05,ZEU,NA,EPCBRENT,UK Brent Crude Oil,PF4,Spot Price FOB,RBRTE,Europe Brent Spot Price FOB (Dollars per Barrel),21.11,$/BBL
2001-10-12,ZEU,NA,EPCBRENT,UK Brent Crude Oil,PF4,Spot Price FOB,RBRTE,Europe Brent Spot Price FOB (Dollars per Barrel),20.91,$/BBL
2001-10-19,ZEU,NA,EPCBRENT,UK Brent Crude Oil,PF4,Spot Price FOB,RBRTE,Europe Brent Spot Price FOB (Dollars per Barrel),19.88,$/BBL
2001-10-26,ZEU,NA,EPCBRENT,UK Brent Crude Oil,PF4,Spot Price FOB,RBRTE,Europe Brent Spot Price FOB (Dollars per Barrel),20.46,$/BBL
2001-11-02,ZEU,NA,EPCBRENT,UK Brent Crude Oil,PF4,Spot Price FOB,RBRTE,Europe Brent Spot Price FOB (Dollars per Barrel),19.72,$/BBL
2001-11-09,ZEU,NA,EPCBRENT,UK Brent Crude Oil,PF4,Spot Price FOB,RBRTE,Europe Brent Spot Price FOB (Dollars per Barrel),19.31,$/BBL
2001-11-16,ZEU,NA,EPCBRENT,UK Brent Crude Oil,PF4,Spot Price FOB,RBRTE,Europe Brent Spot Price FOB (Dollars per Barrel),18.42,$/BBL
2001-11-23,ZEU,NA,EPCBRENT,UK Brent Crude Oil,PF4,Spot Price FOB,RBRTE,Europe Brent Spot Price FOB (Dollars per Barrel),18.57,$/BBL
2001-11-30,ZEU,NA,EPCBRENT,UK Brent Crude Oil,PF4,Spot Price FOB,RBRTE,Europe Brent Spot Price FOB (Dollars per Barrel),18.8,$/BBL
2001-12-07,ZEU,NA,EPCBRENT,UK Brent Crude Oil,PF4,Spot Price FOB,RBRTE,Europe Brent Spot Price FOB (Dollars per Barrel),18.99,$/BBL
2001-12-14,ZEU,NA,EPCBRENT,UK Brent Crude Oil,PF4,Spot Price FOB,RBRTE,Europe Brent Spot Price FOB (Dollars per Barrel),18.02,$/BBL
2001-12-21,ZEU,NA,EPCBRENT,UK Brent Crude Oil,PF4,Spot Price FOB,RBRTE,Europe Brent Spot Price FOB (Dollars per Barrel),18.74,$/BBL
2001-12-28,ZEU,NA,EPCBRENT,UK Brent Crude Oil,PF4,Spot Price FOB,RBRTE,Europe Brent Spot Price FOB (Dollars per Barrel),19.1,$/BBL
2002-01-04,ZEU,NA,EPCBRENT,UK Brent Crude Oil,PF4,Spot Price FOB,RBRTE,Europe Brent Spot Price FOB (Dollars per Barrel),20.29,$/BBL
2002-01-11,ZEU,NA,EPCBRENT,UK Brent Crude Oil,PF4,Spot Price FOB,RBRTE,Europe Brent Spot Price FOB (Dollars per Barrel),20.42,$/BBL
2002-01-18,ZEU,NA,EPCBRENT,UK Brent Crude Oil,PF4,Spot Price FOB,RBRTE,Europe Brent Spot Price FOB (Dollars per Barrel),18.52,$/BBL
2002-01-25,ZEU,NA,EPCBRENT,UK Brent Crude Oil,PF4,Spot Price FOB,RBRTE,Europe Brent Spot Price FOB (Dollars per Barrel),18.77,$/BBL
2002-02-01,ZEU,NA,EPCBRENT,UK Brent Crude Oil,PF4,Spot Price FOB,RBRTE,Europe Brent Spot Price FOB (Dollars per Barrel),19.3,$/BBL
2002-02-08,ZEU,NA,EPCBRENT,UK Brent Crude Oil,PF4,Spot Price FOB,RBRTE,Europe Brent Spot Price FOB (Dollars per Barrel),19.91,$/BBL
2002-02-15,ZEU,NA,EPCBRENT,UK Brent Crude Oil,PF4,Spot Price FOB,RBRTE,Europe Brent Spot Price FOB (Dollars per Barrel),20.99,$/BBL
2002-02-22,ZEU,NA,EPCBRENT,UK Brent Crude Oil,PF4,Spot Price FOB,RBRTE,Europe Brent Spot Price FOB (Dollars per Barrel),20.02,$/BBL
2002-03-01,ZEU,NA,EPCBRENT,UK Brent Crude Oil,PF4,Spot Price FOB,RBRTE,Europe Brent Spot Price FOB (Dollars per Barrel),20.6,$/BBL
2002-03-08,ZEU,NA,EPCBRENT,UK Brent Crude Oil,PF4,Spot Price FOB,RBRTE,Europe Brent Spot Price FOB (Dollars per Barrel),22.27,$/BBL
2002-03-15,ZEU,NA,EPCBRENT,UK Brent Crude Oil,PF4,Spot Price FOB,RBRTE,Europe Brent Spot Price FOB (Dollars per Barrel),23.42,$/BBL
2002-03-22,ZEU,NA,EPCBRENT,UK Brent Crude Oil,PF4,Spot Price FOB,RBRTE,Europe Brent Spot Price FOB (Dollars per Barrel),24.43,$/BBL
2002-03-29,ZEU,NA,EPCBRENT,UK Brent Crude Oil,PF4,Spot Price FOB,RBRTE,Europe Brent Spot Price FOB (Dollars per Barrel),25.03,$/BBL
2002-04-05,ZEU,NA,EPCBRENT,UK Brent Crude Oil,PF4,Spot Price FOB,RBRTE,Europe Brent Spot Price FOB (Dollars per Barrel),26.42,$/BBL
2002-04-12,ZEU,NA,EPCBRENT,UK Brent Crude Oil,PF4,Spot Price FOB,RBRTE,Europe Brent Spot Price FOB (Dollars per Barrel),24.89,$/BBL
2002-04-19,ZEU,NA,EPCBRENT,UK Brent Crude Oil,PF4,Spot Price FOB,RBRTE,Europe Brent Spot Price FOB (Dollars per Barrel),24.89,$/BBL
2002-04-26,ZEU,NA,EPCBRENT,UK Brent Crude Oil,PF4,Spot Price FOB,RBRTE,Europe Brent Spot Price FOB (Dollars per Barrel),26.24,$/BBL
2002-05-03,ZEU,NA,EPCBRENT,UK Brent Crude Oil,PF4,Spot Price FOB,RBRTE,Europe Brent Spot Price FOB (Dollars per Barrel),26.41,$/BBL
2002-05-10,ZEU,NA,EPCBRENT,UK Brent Crude Oil,PF4,Spot Price FOB,RBRTE,Europe Brent Spot Price FOB (Dollars per Barrel),26.15,$/BBL
2002-05-17,ZEU,NA,EPCBRENT,UK Brent Crude Oil,PF4,Spot Price FOB,RBRTE,Europe Brent Spot Price FOB (Dollars per Barrel),26.35,$/BBL
2002-05-24,ZEU,NA,EPCBRENT,UK Brent Crude Oil,PF4,Spot Price FOB,RBRTE,Europe Brent Spot Price FOB (Dollars per Barrel),24.61,$/BBL
2002-05-31,ZEU,NA,EPCBRENT,UK Brent Crude Oil,PF4,Spot Price FOB,RBRTE,Europe Brent Spot Price FOB (Dollars per Barrel),24,$/BBL
2002-06-07,ZEU,NA,EPCBRENT,UK Brent Crude Oil,PF4,Spot Price FOB,RBRTE,Europe Brent Spot Price FOB (Dollars per Barrel),22.99,$/BBL
2002-06-14,ZEU,NA,EPCBRENT,UK Brent Crude Oil,PF4,Spot Price FOB,RBRTE,Europe Brent Spot Price FOB (Dollars per Barrel),23.2,$/BBL
2002-06-21,ZEU,NA,EPCBRENT,UK Brent Crude Oil,PF4,Spot Price FOB,RBRTE,Europe Brent Spot Price FOB (Dollars per Barrel),24.55,$/BBL
2002-06-28,ZEU,NA,EPCBRENT,UK Brent Crude Oil,PF4,Spot Price FOB,RBRTE,Europe Brent Spot Price FOB (Dollars per Barrel),25.16,$/BBL
2002-07-05,ZEU,NA,EPCBRENT,UK Brent Crude Oil,PF4,Spot Price FOB,RBRTE,Europe Brent Spot Price FOB (Dollars per Barrel),25.63,$/BBL
2002-07-12,ZEU,NA,EPCBRENT,UK Brent Crude Oil,PF4,Spot Price FOB,RBRTE,Europe Brent Spot Price FOB (Dollars per Barrel),25.55,$/BBL
2002-07-19,ZEU,NA,EPCBRENT,UK Brent Crude Oil,PF4,Spot Price FOB,RBRTE,Europe Brent Spot Price FOB (Dollars per Barrel),26.28,$/BBL
2002-07-26,ZEU,NA,EPCBRENT,UK Brent Crude Oil,PF4,Spot Price FOB,RBRTE,Europe Brent Spot Price FOB (Dollars per Barrel),25.45,$/BBL
2002-08-02,ZEU,NA,EPCBRENT,UK Brent Crude Oil,PF4,Spot Price FOB,RBRTE,Europe Brent Spot Price FOB (Dollars per Barrel),25.68,$/BBL
2002-08-09,ZEU,NA,EPCBRENT,UK Brent Crude Oil,PF4,Spot Price FOB,RBRTE,Europe Brent Spot Price FOB (Dollars per Barrel),25.52,$/BBL
2002-08-16,ZEU,NA,EPCBRENT,UK Brent Crude Oil,PF4,Spot Price FOB,RBRTE,Europe Brent Spot Price FOB (Dollars per Barrel),26.44,$/BBL
2002-08-23,ZEU,NA,EPCBRENT,UK Brent Crude Oil,PF4,Spot Price FOB,RBRTE,Europe Brent Spot Price FOB (Dollars per Barrel),27.58,$/BBL
2002-08-30,ZEU,NA,EPCBRENT,UK Brent Crude Oil,PF4,Spot Price FOB,RBRTE,Europe Brent Spot Price FOB (Dollars per Barrel),27.53,$/BBL
2002-09-06,ZEU,NA,EPCBRENT,UK Brent Crude Oil,PF4,Spot Price FOB,RBRTE,Europe Brent Spot Price FOB (Dollars per Barrel),27.45,$/BBL
2002-09-13,ZEU,NA,EPCBRENT,UK Brent Crude Oil,PF4,Spot Price FOB,RBRTE,Europe Brent Spot Price FOB (Dollars per Barrel),28.51,$/BBL
2002-09-20,ZEU,NA,EPCBRENT,UK Brent Crude Oil,PF4,Spot Price FOB,RBRTE,Europe Brent Spot Price FOB (Dollars per Barrel),28.32,$/BBL
2002-09-27,ZEU,NA,EPCBRENT,UK Brent Crude Oil,PF4,Spot Price FOB,RBRTE,Europe Brent Spot Price FOB (Dollars per Barrel),29.17,$/BBL
2002-10-04,ZEU,NA,EPCBRENT,UK Brent Crude Oil,PF4,Spot Price FOB,RBRTE,Europe Brent Spot Price FOB (Dollars per Barrel),28.89,$/BBL
2002-10-11,ZEU,NA,EPCBRENT,UK Brent Crude Oil,PF4,Spot Price FOB,RBRTE,Europe Brent Spot Price FOB (Dollars per Barrel),28.17,$/BBL
2002-10-18,ZEU,NA,EPCBRENT,UK Brent Crude Oil,PF4,Spot Price FOB,RBRTE,Europe Brent Spot Price FOB (Dollars per Barrel),28.45,$/BBL
2002-10-25,ZEU,NA,EPCBRENT,UK Brent Crude Oil,PF4,Spot Price FOB,RBRTE,Europe Brent Spot Price FOB (Dollars per Barrel),26.62,$/BBL
2002-11-01,ZEU,NA,EPCBRENT,UK Brent Crude Oil,PF4,Spot Price FOB,RBRTE,Europe Brent Spot Price FOB (Dollars per Barrel),25.55,$/BBL
2002-11-08,ZEU,NA,EPCBRENT,UK Brent Crude Oil,PF4,Spot Price FOB,RBRTE,Europe Brent Spot Price FOB (Dollars per Barrel),24.3,$/BBL
2002-11-15,ZEU,NA,EPCBRENT,UK Brent Crude Oil,PF4,Spot Price FOB,RBRTE,Europe Brent Spot Price FOB (Dollars per Barrel),23.4,$/BBL
2002-11-22,ZEU,NA,EPCBRENT,UK Brent Crude Oil,PF4,Spot Price FOB,RBRTE,Europe Brent Spot Price FOB (Dollars per Barrel),24.16,$/BBL
2002-11-29,ZEU,NA,EPCBRENT,UK Brent Crude Oil,PF4,Spot Price FOB,RBRTE,Europe Brent Spot Price FOB (Dollars per Barrel),25.19,$/BBL
2002-12-06,ZEU,NA,EPCBRENT,UK Brent Crude Oil,PF4,Spot Price FOB,RBRTE,Europe Brent Spot Price FOB (Dollars per Barrel),25.91,$/BBL
2002-12-13,ZEU,NA,EPCBRENT,UK Brent Crude Oil,PF4,Spot Price FOB,RBRTE,Europe Brent Spot Price FOB (Dollars per Barrel),26.84,$/BBL
2002-12-20,ZEU,NA,EPCBRENT,UK Brent Crude Oil,PF4,Spot Price FOB,RBRTE,Europe Brent Spot Price FOB (Dollars per Barrel),29.56,$/BBL
2002-12-27,ZEU,NA,EPCBRENT,UK Brent Crude Oil,PF4,Spot Price FOB,RBRTE,Europe Brent Spot Price FOB (Dollars per Barrel),31.01,$/BBL
2003-01-03,ZEU,NA,EPCBRENT,UK Brent Crude Oil,PF4,Spot Price FOB,RBRTE,Europe Brent Spot Price FOB (Dollars per Barrel),30.97,$/BBL
2003-01-10,ZEU,NA,EPCBRENT,UK Brent Crude Oil,PF4,Spot Price FOB,RBRTE,Europe Brent Spot Price FOB (Dollars per Barrel),30.37,$/BBL
2003-01-17,ZEU,NA,EPCBRENT,UK Brent Crude Oil,PF4,Spot Price FOB,RBRTE,Europe Brent Spot Price FOB (Dollars per Barrel),31.48,$/BBL
2003-01-24,ZEU,NA,EPCBRENT,UK Brent Crude Oil,PF4,Spot Price FOB,RBRTE,Europe Brent Spot Price FOB (Dollars per Barrel),31.81,$/BBL
2003-01-31,ZEU,NA,EPCBRENT,UK Brent Crude Oil,PF4,Spot Price FOB,RBRTE,Europe Brent Spot Price FOB (Dollars per Barrel),31.2,$/BBL
2003-02-07,ZEU,NA,EPCBRENT,UK Brent Crude Oil,PF4,Spot Price FOB,RBRTE,Europe Brent Spot Price FOB (Dollars per Barrel),31.58,$/BBL
2003-02-14,ZEU,NA,EPCBRENT,UK Brent Crude Oil,PF4,Spot Price FOB,RBRTE,Europe Brent Spot Price FOB (Dollars per Barrel),32.79,$/BBL
2003-02-21,ZEU,NA,EPCBRENT,UK Brent Crude Oil,PF4,Spot Price FOB,RBRTE,Europe Brent Spot Price FOB (Dollars per Barrel),33,$/BBL
2003-02-28,ZEU,NA,EPCBRENT,UK Brent Crude Oil,PF4,Spot Price FOB,RBRTE,Europe Brent Spot Price FOB (Dollars per Barrel),33.72,$/BBL
2003-03-07,ZEU,NA,EPCBRENT,UK Brent Crude Oil,PF4,Spot Price FOB,RBRTE,Europe Brent Spot Price FOB (Dollars per Barrel),34.11,$/BBL
2003-03-14,ZEU,NA,EPCBRENT,UK Brent Crude Oil,PF4,Spot Price FOB,RBRTE,Europe Brent Spot Price FOB (Dollars per Barrel),33.72,$/BBL
2003-03-21,ZEU,NA,EPCBRENT,UK Brent Crude Oil,PF4,Spot Price FOB,RBRTE,Europe Brent Spot Price FOB (Dollars per Barrel),28.18,$/BBL
2003-03-28,ZEU,NA,EPCBRENT,UK Brent Crude Oil,PF4,Spot Price FOB,RBRTE,Europe Brent Spot Price FOB (Dollars per Barrel),26.95,$/BBL
2003-04-04,ZEU,NA,EPCBRENT,UK Brent Crude Oil,PF4,Spot Price FOB,RBRTE,Europe Brent Spot Price FOB (Dollars per Barrel),26.93,$/BBL
2003-04-11,ZEU,NA,EPCBRENT,UK Brent Crude Oil,PF4,Spot Price FOB,RBRTE,Europe Brent Spot Price FOB (Dollars per Barrel),24.96,$/BBL
2003-04-18,ZEU,NA,EPCBRENT,UK Brent Crude Oil,PF4,Spot Price FOB,RBRTE,Europe Brent Spot Price FOB (Dollars per Barrel),24.92,$/BBL
2003-04-25,ZEU,NA,EPCBRENT,UK Brent Crude Oil,PF4,Spot Price FOB,RBRTE,Europe Brent Spot Price FOB (Dollars per Barrel),24.66,$/BBL
2003-05-02,ZEU,NA,EPCBRENT,UK Brent Crude Oil,PF4,Spot Price FOB,RBRTE,Europe Brent Spot Price FOB (Dollars per Barrel),23.55,$/BBL
2003-05-09,ZEU,NA,EPCBRENT,UK Brent Crude Oil,PF4,Spot Price FOB,RBRTE,Europe Brent Spot Price FOB (Dollars per Barrel),24.31,$/BBL
2003-05-16,ZEU,NA,EPCBRENT,UK Brent Crude Oil,PF4,Spot Price FOB,RBRTE,Europe Brent Spot Price FOB (Dollars per Barrel),26.21,$/BBL
2003-05-23,ZEU,NA,EPCBRENT,UK Brent Crude Oil,PF4,Spot Price FOB,RBRTE,Europe Brent Spot Price FOB (Dollars per Barrel),27.19,$/BBL
2003-05-30,ZEU,NA,EPCBRENT,UK Brent Crude Oil,PF4,Spot Price FOB,RBRTE,Europe Brent Spot Price FOB (Dollars per Barrel),26.56,$/BBL
2003-06-06,ZEU,NA,EPCBRENT,UK Brent Crude Oil,PF4,Spot Price FOB,RBRTE,Europe Brent Spot Price FOB (Dollars per Barrel),27.92,$/BBL
2003-06-13,ZEU,NA,EPCBRENT,UK Brent Crude Oil,PF4,Spot Price FOB,RBRTE,Europe Brent Spot Price FOB (Dollars per Barrel),28.38,$/BBL
2003-06-20,ZEU,NA,EPCBRENT,UK Brent Crude Oil,PF4,Spot Price FOB,RBRTE,Europe Brent Spot Price FOB (Dollars per Barrel),26.88,$/BBL
2003-06-27,ZEU,NA,EPCBRENT,UK Brent Crude Oil,PF4,Spot Price FOB,RBRTE,Europe Brent Spot Price FOB (Dollars per Barrel),27.19,$/BBL
2003-07-04,ZEU,NA,EPCBRENT,UK Brent Crude Oil,PF4,Spot Price FOB,RBRTE,Europe Brent Spot Price FOB (Dollars per Barrel),28.4,$/BBL
2003-07-11,ZEU,NA,EPCBRENT,UK Brent Crude Oil,PF4,Spot Price FOB,RBRTE,Europe Brent Spot Price FOB (Dollars per Barrel),28.42,$/BBL
2003-07-18,ZEU,NA,EPCBRENT,UK Brent Crude Oil,PF4,Spot Price FOB,RBRTE,Europe Brent Spot Price FOB (Dollars per Barrel),28.74,$/BBL
2003-07-25,ZEU,NA,EPCBRENT,UK Brent Crude Oil,PF4,Spot Price FOB,RBRTE,Europe Brent Spot Price FOB (Dollars per Barrel),28.02,$/BBL
2003-08-01,ZEU,NA,EPCBRENT,UK Brent Crude Oil,PF4,Spot Price FOB,RBRTE,Europe Brent Spot Price FOB (Dollars per Barrel),28.52,$/BBL
2003-08-08,ZEU,NA,EPCBRENT,UK Brent Crude Oil,PF4,Spot Price FOB,RBRTE,Europe Brent Spot Price FOB (Dollars per Barrel),30.19,$/BBL
2003-08-15,ZEU,NA,EPCBRENT,UK Brent Crude Oil,PF4,Spot Price FOB,RBRTE,Europe Brent Spot Price FOB (Dollars per Barrel),29.6,$/BBL
2003-08-22,ZEU,NA,EPCBRENT,UK Brent Crude Oil,PF4,Spot Price FOB,RBRTE,Europe Brent Spot Price FOB (Dollars per Barrel),29.7,$/BBL
2003-08-29,ZEU,NA,EPCBRENT,UK Brent Crude Oil,PF4,Spot Price FOB,RBRTE,Europe Brent Spot Price FOB (Dollars per Barrel),30.12,$/BBL
2003-09-05,ZEU,NA,EPCBRENT,UK Brent Crude Oil,PF4,Spot Price FOB,RBRTE,Europe Brent Spot Price FOB (Dollars per Barrel),28.16,$/BBL
2003-09-12,ZEU,NA,EPCBRENT,UK Brent Crude Oil,PF4,Spot Price FOB,RBRTE,Europe Brent Spot Price FOB (Dollars per Barrel),27.57,$/BBL
2003-09-19,ZEU,NA,EPCBRENT,UK Brent Crude Oil,PF4,Spot Price FOB,RBRTE,Europe Brent Spot Price FOB (Dollars per Barrel),25.9,$/BBL
2003-09-26,ZEU,NA,EPCBRENT,UK Brent Crude Oil,PF4,Spot Price FOB,RBRTE,Europe Brent Spot Price FOB (Dollars per Barrel),26.49,$/BBL
2003-10-03,ZEU,NA,EPCBRENT,UK Brent Crude Oil,PF4,Spot Price FOB,RBRTE,Europe Brent Spot Price FOB (Dollars per Barrel),28.38,$/BBL
2003-10-10,ZEU,NA,EPCBRENT,UK Brent Crude Oil,PF4,Spot Price FOB,RBRTE,Europe Brent Spot Price FOB (Dollars per Barrel),29.88,$/BBL
2003-10-17,ZEU,NA,EPCBRENT,UK Brent Crude Oil,PF4,Spot Price FOB,RBRTE,Europe Brent Spot Price FOB (Dollars per Barrel),31,$/BBL
2003-10-24,ZEU,NA,EPCBRENT,UK Brent Crude Oil,PF4,Spot Price FOB,RBRTE,Europe Brent Spot Price FOB (Dollars per Barrel),29.66,$/BBL
2003-10-31,ZEU,NA,EPCBRENT,UK Brent Crude Oil,PF4,Spot Price FOB,RBRTE,Europe Brent Spot Price FOB (Dollars per Barrel),28.46,$/BBL
2003-11-07,ZEU,NA,EPCBRENT,UK Brent Crude Oil,PF4,Spot Price FOB,RBRTE,Europe Brent Spot Price FOB (Dollars per Barrel),28.05,$/BBL
2003-11-14,ZEU,NA,EPCBRENT,UK Brent Crude Oil,PF4,Spot Price FOB,RBRTE,Europe Brent Spot Price FOB (Dollars per Barrel),29.01,$/BBL
2003-11-21,ZEU,NA,EPCBRENT,UK Brent Crude Oil,PF4,Spot Price FOB,RBRTE,Europe Brent Spot Price FOB (Dollars per Barrel),29.61,$/BBL
2003-11-28,ZEU,NA,EPCBRENT,UK Brent Crude Oil,PF4,Spot Price FOB,RBRTE,Europe Brent Spot Price FOB (Dollars per Barrel),28.34,$/BBL
2003-12-05,ZEU,NA,EPCBRENT,UK Brent Crude Oil,PF4,Spot Price FOB,RBRTE,Europe Brent Spot Price FOB (Dollars per Barrel),28.93,$/BBL
2003-12-12,ZEU,NA,EPCBRENT,UK Brent Crude Oil,PF4,Spot Price FOB,RBRTE,Europe Brent Spot Price FOB (Dollars per Barrel),30.17,$/BBL
2003-12-19,ZEU,NA,EPCBRENT,UK Brent Crude Oil,PF4,Spot Price FOB,RBRTE,Europe Brent Spot Price FOB (Dollars per Barrel),30.87,$/BBL
2003-12-26,ZEU,NA,EPCBRENT,UK Brent Crude Oil,PF4,Spot Price FOB,RBRTE,Europe Brent Spot Price FOB (Dollars per Barrel),28.84,$/BBL
2004-01-02,ZEU,NA,EPCBRENT,UK Brent Crude Oil,PF4,Spot Price FOB,RBRTE,Europe Brent Spot Price FOB (Dollars per Barrel),29.78,$/BBL
2004-01-09,ZEU,NA,EPCBRENT,UK Brent Crude Oil,PF4,Spot Price FOB,RBRTE,Europe Brent Spot Price FOB (Dollars per Barrel),31.5,$/BBL
2004-01-16,ZEU,NA,EPCBRENT,UK Brent Crude Oil,PF4,Spot Price FOB,RBRTE,Europe Brent Spot Price FOB (Dollars per Barrel),31.7,$/BBL
2004-01-23,ZEU,NA,EPCBRENT,UK Brent Crude Oil,PF4,Spot Price FOB,RBRTE,Europe Brent Spot Price FOB (Dollars per Barrel),31.88,$/BBL
2004-01-30,ZEU,NA,EPCBRENT,UK Brent Crude Oil,PF4,Spot Price FOB,RBRTE,Europe Brent Spot Price FOB (Dollars per Barrel),30.39,$/BBL
2004-02-06,ZEU,NA,EPCBRENT,UK Brent Crude Oil,PF4,Spot Price FOB,RBRTE,Europe Brent Spot Price FOB (Dollars per Barrel),29.66,$/BBL
2004-02-13,ZEU,NA,EPCBRENT,UK Brent Crude Oil,PF4,Spot Price FOB,RBRTE,Europe Brent Spot Price FOB (Dollars per Barrel),30.12,$/BBL
2004-02-20,ZEU,NA,EPCBRENT,UK Brent Crude Oil,PF4,Spot Price FOB,RBRTE,Europe Brent Spot Price FOB (Dollars per Barrel),31.39,$/BBL
2004-02-27,ZEU,NA,EPCBRENT,UK Brent Crude Oil,PF4,Spot Price FOB,RBRTE,Europe Brent Spot Price FOB (Dollars per Barrel),32.27,$/BBL
2004-03-05,ZEU,NA,EPCBRENT,UK Brent Crude Oil,PF4,Spot Price FOB,RBRTE,Europe Brent Spot Price FOB (Dollars per Barrel),33.73,$/BBL
2004-03-12,ZEU,NA,EPCBRENT,UK Brent Crude Oil,PF4,Spot Price FOB,RBRTE,Europe Brent Spot Price FOB (Dollars per Barrel),33.36,$/BBL
2004-03-19,ZEU,NA,EPCBRENT,UK Brent Crude Oil,PF4,Spot Price FOB,RBRTE,Europe Brent Spot Price FOB (Dollars per Barrel),34.56,$/BBL
2004-03-26,ZEU,NA,EPCBRENT,UK Brent Crude Oil,PF4,Spot Price FOB,RBRTE,Europe Brent Spot Price FOB (Dollars per Barrel),33.59,$/BBL
2004-04-02,ZEU,NA,EPCBRENT,UK Brent Crude Oil,PF4,Spot Price FOB,RBRTE,Europe Brent Spot Price FOB (Dollars per Barrel),32.23,$/BBL
2004-04-09,ZEU,NA,EPCBRENT,UK Brent Crude Oil,PF4,Spot Price FOB,RBRTE,Europe Brent Spot Price FOB (Dollars per Barrel),32.75,$/BBL
2004-04-16,ZEU,NA,EPCBRENT,UK Brent Crude Oil,PF4,Spot Price FOB,RBRTE,Europe Brent Spot Price FOB (Dollars per Barrel),33.95,$/BBL
2004-04-23,ZEU,NA,EPCBRENT,UK Brent Crude Oil,PF4,Spot Price FOB,RBRTE,Europe Brent Spot Price FOB (Dollars per Barrel),33.7,$/BBL
2004-04-30,ZEU,NA,EPCBRENT,UK Brent Crude Oil,PF4,Spot Price FOB,RBRTE,Europe Brent Spot Price FOB (Dollars per Barrel),34.64,$/BBL
2004-05-07,ZEU,NA,EPCBRENT,UK Brent Crude Oil,PF4,Spot Price FOB,RBRTE,Europe Brent Spot Price FOB (Dollars per Barrel),36.38,$/BBL
2004-05-14,ZEU,NA,EPCBRENT,UK Brent Crude Oil,PF4,Spot Price FOB,RBRTE,Europe Brent Spot Price FOB (Dollars per Barrel),37.62,$/BBL
2004-05-21,ZEU,NA,EPCBRENT,UK Brent Crude Oil,PF4,Spot Price FOB,RBRTE,Europe Brent Spot Price FOB (Dollars per Barrel),38.43,$/BBL
2004-05-28,ZEU,NA,EPCBRENT,UK Brent Crude Oil,PF4,Spot Price FOB,RBRTE,Europe Brent Spot Price FOB (Dollars per Barrel),37.95,$/BBL
2004-06-04,ZEU,NA,EPCBRENT,UK Brent Crude Oil,PF4,Spot Price FOB,RBRTE,Europe Brent Spot Price FOB (Dollars per Barrel),37.25,$/BBL
2004-06-11,ZEU,NA,EPCBRENT,UK Brent Crude Oil,PF4,Spot Price FOB,RBRTE,Europe Brent Spot Price FOB (Dollars per Barrel),35.34,$/BBL
2004-06-18,ZEU,NA,EPCBRENT,UK Brent Crude Oil,PF4,Spot Price FOB,RBRTE,Europe Brent Spot Price FOB (Dollars per Barrel),35.09,$/BBL
2004-06-25,ZEU,NA,EPCBRENT,UK Brent Crude Oil,PF4,Spot Price FOB,RBRTE,Europe Brent Spot Price FOB (Dollars per Barrel),34.71,$/BBL
2004-07-02,ZEU,NA,EPCBRENT,UK Brent Crude Oil,PF4,Spot Price FOB,RBRTE,Europe Brent Spot Price FOB (Dollars per Barrel),34,$/BBL
2004-07-09,ZEU,NA,EPCBRENT,UK Brent Crude Oil,PF4,Spot Price FOB,RBRTE,Europe Brent Spot Price FOB (Dollars per Barrel),36.51,$/BBL
2004-07-16,ZEU,NA,EPCBRENT,UK Brent Crude Oil,PF4,Spot Price FOB,RBRTE,Europe Brent Spot Price FOB (Dollars per Barrel),37.76,$/BBL
2004-07-23,ZEU,NA,EPCBRENT,UK Brent Crude Oil,PF4,Spot Price FOB,RBRTE,Europe Brent Spot Price FOB (Dollars per Barrel),39.05,$/BBL
2004-07-30,ZEU,NA,EPCBRENT,UK Brent Crude Oil,PF4,Spot Price FOB,RBRTE,Europe Brent Spot Price FOB (Dollars per Barrel),40.66,$/BBL
2004-08-06,ZEU,NA,EPCBRENT,UK Brent Crude Oil,PF4,Spot Price FOB,RBRTE,Europe Brent Spot Price FOB (Dollars per Barrel),42.01,$/BBL
2004-08-13,ZEU,NA,EPCBRENT,UK Brent Crude Oil,PF4,Spot Price FOB,RBRTE,Europe Brent Spot Price FOB (Dollars per Barrel),43.16,$/BBL
2004-08-20,ZEU,NA,EPCBRENT,UK Brent Crude Oil,PF4,Spot Price FOB,RBRTE,Europe Brent Spot Price FOB (Dollars per Barrel),44.56,$/BBL
2004-08-27,ZEU,NA,EPCBRENT,UK Brent Crude Oil,PF4,Spot Price FOB,RBRTE,Europe Brent Spot Price FOB (Dollars per Barrel),42.23,$/BBL
2004-09-03,ZEU,NA,EPCBRENT,UK Brent Crude Oil,PF4,Spot Price FOB,RBRTE,Europe Brent Spot Price FOB (Dollars per Barrel),41,$/BBL
2004-09-10,ZEU,NA,EPCBRENT,UK Brent Crude Oil,PF4,Spot Price FOB,RBRTE,Europe Brent Spot Price FOB (Dollars per Barrel),40.6,$/BBL
2004-09-17,ZEU,NA,EPCBRENT,UK Brent Crude Oil,PF4,Spot Price FOB,RBRTE,Europe Brent Spot Price FOB (Dollars per Barrel),41.55,$/BBL
2004-09-24,ZEU,NA,EPCBRENT,UK Brent Crude Oil,PF4,Spot Price FOB,RBRTE,Europe Brent Spot Price FOB (Dollars per Barrel),45.3,$/BBL
2004-10-01,ZEU,NA,EPCBRENT,UK Brent Crude Oil,PF4,Spot Price FOB,RBRTE,Europe Brent Spot Price FOB (Dollars per Barrel),47.11,$/BBL
2004-10-08,ZEU,NA,EPCBRENT,UK Brent Crude Oil,PF4,Spot Price FOB,RBRTE,Europe Brent Spot Price FOB (Dollars per Barrel),48.09,$/BBL
2004-10-15,ZEU,NA,EPCBRENT,UK Brent Crude Oil,PF4,Spot Price FOB,RBRTE,Europe Brent Spot Price FOB (Dollars per Barrel),50.96,$/BBL
2004-10-22,ZEU,NA,EPCBRENT,UK Brent Crude Oil,PF4,Spot Price FOB,RBRTE,Europe Brent Spot Price FOB (Dollars per Barrel),50.5,$/BBL
2004-10-29,ZEU,NA,EPCBRENT,UK Brent Crude Oil,PF4,Spot Price FOB,RBRTE,Europe Brent Spot Price FOB (Dollars per Barrel),50.15,$/BBL
2004-11-05,ZEU,NA,EPCBRENT,UK Brent Crude Oil,PF4,Spot Price FOB,RBRTE,Europe Brent Spot Price FOB (Dollars per Barrel),45.78,$/BBL
2004-11-12,ZEU,NA,EPCBRENT,UK Brent Crude Oil,PF4,Spot Price FOB,RBRTE,Europe Brent Spot Price FOB (Dollars per Barrel),42.83,$/BBL
2004-11-19,ZEU,NA,EPCBRENT,UK Brent Crude Oil,PF4,Spot Price FOB,RBRTE,Europe Brent Spot Price FOB (Dollars per Barrel),40.63,$/BBL
2004-11-26,ZEU,NA,EPCBRENT,UK Brent Crude Oil,PF4,Spot Price FOB,RBRTE,Europe Brent Spot Price FOB (Dollars per Barrel),42.78,$/BBL
2004-12-03,ZEU,NA,EPCBRENT,UK Brent Crude Oil,PF4,Spot Price FOB,RBRTE,Europe Brent Spot Price FOB (Dollars per Barrel),41.31,$/BBL
2004-12-10,ZEU,NA,EPCBRENT,UK Brent Crude Oil,PF4,Spot Price FOB,RBRTE,Europe Brent Spot Price FOB (Dollars per Barrel),37.6,$/BBL
2004-12-17,ZEU,NA,EPCBRENT,UK Brent Crude Oil,PF4,Spot Price FOB,RBRTE,Europe Brent Spot Price FOB (Dollars per Barrel),39.98,$/BBL
2004-12-24,ZEU,NA,EPCBRENT,UK Brent Crude Oil,PF4,Spot Price FOB,RBRTE,Europe Brent Spot Price FOB (Dollars per Barrel),41.15,$/BBL
2004-12-31,ZEU,NA,EPCBRENT,UK Brent Crude Oil,PF4,Spot Price FOB,RBRTE,Europe Brent Spot Price FOB (Dollars per Barrel),39.79,$/BBL
2005-01-07,ZEU,NA,EPCBRENT,UK Brent Crude Oil,PF4,Spot Price FOB,RBRTE,Europe Brent Spot Price FOB (Dollars per Barrel),42.07,$/BBL
2005-01-14,ZEU,NA,EPCBRENT,UK Brent Crude Oil,PF4,Spot Price FOB,RBRTE,Europe Brent Spot Price FOB (Dollars per Barrel),44.59,$/BBL
2005-01-21,ZEU,NA,EPCBRENT,UK Brent Crude Oil,PF4,Spot Price FOB,RBRTE,Europe Brent Spot Price FOB (Dollars per Barrel),45.08,$/BBL
2005-01-28,ZEU,NA,EPCBRENT,UK Brent Crude Oil,PF4,Spot Price FOB,RBRTE,Europe Brent Spot Price FOB (Dollars per Barrel),45.82,$/BBL
2005-02-04,ZEU,NA,EPCBRENT,UK Brent Crude Oil,PF4,Spot Price FOB,RBRTE,Europe Brent Spot Price FOB (Dollars per Barrel),44.04,$/BBL
2005-02-11,ZEU,NA,EPCBRENT,UK Brent Crude Oil,PF4,Spot Price FOB,RBRTE,Europe Brent Spot Price FOB (Dollars per Barrel),43.29,$/BBL
2005-02-18,ZEU,NA,EPCBRENT,UK Brent Crude Oil,PF4,Spot Price FOB,RBRTE,Europe Brent Spot Price FOB (Dollars per Barrel),45.22,$/BBL
2005-02-25,ZEU,NA,EPCBRENT,UK Brent Crude Oil,PF4,Spot Price FOB,RBRTE,Europe Brent Spot Price FOB (Dollars per Barrel),48.23,$/BBL
2005-03-04,ZEU,NA,EPCBRENT,UK Brent Crude Oil,PF4,Spot Price FOB,RBRTE,Europe Brent Spot Price FOB (Dollars per Barrel),51.33,$/BBL
2005-03-11,ZEU,NA,EPCBRENT,UK Brent Crude Oil,PF4,Spot Price FOB,RBRTE,Europe Brent Spot Price FOB (Dollars per Barrel),53.09,$/BBL
2005-03-18,ZEU,NA,EPCBRENT,UK Brent Crude Oil,PF4,Spot Price FOB,RBRTE,Europe Brent Spot Price FOB (Dollars per Barrel),54.85,$/BBL
2005-03-25,ZEU,NA,EPCBRENT,UK Brent Crude Oil,PF4,Spot Price FOB,RBRTE,Europe Brent Spot Price FOB (Dollars per Barrel),53.76,$/BBL
2005-04-01,ZEU,NA,EPCBRENT,UK Brent Crude Oil,PF4,Spot Price FOB,RBRTE,Europe Brent Spot Price FOB (Dollars per Barrel),52.23,$/BBL
2005-04-08,ZEU,NA,EPCBRENT,UK Brent Crude Oil,PF4,Spot Price FOB,RBRTE,Europe Brent Spot Price FOB (Dollars per Barrel),53.79,$/BBL
2005-04-15,ZEU,NA,EPCBRENT,UK Brent Crude Oil,PF4,Spot Price FOB,RBRTE,Europe Brent Spot Price FOB (Dollars per Barrel),50.43,$/BBL
2005-04-22,ZEU,NA,EPCBRENT,UK Brent Crude Oil,PF4,Spot Price FOB,RBRTE,Europe Brent Spot Price FOB (Dollars per Barrel),51.23,$/BBL
2005-04-29,ZEU,NA,EPCBRENT,UK Brent Crude Oil,PF4,Spot Price FOB,RBRTE,Europe Brent Spot Price FOB (Dollars per Barrel),51.64,$/BBL
2005-05-06,ZEU,NA,EPCBRENT,UK Brent Crude Oil,PF4,Spot Price FOB,RBRTE,Europe Brent Spot Price FOB (Dollars per Barrel),50.05,$/BBL
2005-05-13,ZEU,NA,EPCBRENT,UK Brent Crude Oil,PF4,Spot Price FOB,RBRTE,Europe Brent Spot Price FOB (Dollars per Barrel),48.7,$/BBL
2005-05-20,ZEU,NA,EPCBRENT,UK Brent Crude Oil,PF4,Spot Price FOB,RBRTE,Europe Brent Spot Price FOB (Dollars per Barrel),46.98,$/BBL
2005-05-27,ZEU,NA,EPCBRENT,UK Brent Crude Oil,PF4,Spot Price FOB,RBRTE,Europe Brent Spot Price FOB (Dollars per Barrel),48.59,$/BBL
2005-06-03,ZEU,NA,EPCBRENT,UK Brent Crude Oil,PF4,Spot Price FOB,RBRTE,Europe Brent Spot Price FOB (Dollars per Barrel),50.46,$/BBL
2005-06-10,ZEU,NA,EPCBRENT,UK Brent Crude Oil,PF4,Spot Price FOB,RBRTE,Europe Brent Spot Price FOB (Dollars per Barrel),51.9,$/BBL
2005-06-17,ZEU,NA,EPCBRENT,UK Brent Crude Oil,PF4,Spot Price FOB,RBRTE,Europe Brent Spot Price FOB (Dollars per Barrel),54.17,$/BBL
2005-06-24,ZEU,NA,EPCBRENT,UK Brent Crude Oil,PF4,Spot Price FOB,RBRTE,Europe Brent Spot Price FOB (Dollars per Barrel),56.95,$/BBL
2005-07-01,ZEU,NA,EPCBRENT,UK Brent Crude Oil,PF4,Spot Price FOB,RBRTE,Europe Brent Spot Price FOB (Dollars per Barrel),56.69,$/BBL
2005-07-08,ZEU,NA,EPCBRENT,UK Brent Crude Oil,PF4,Spot Price FOB,RBRTE,Europe Brent Spot Price FOB (Dollars per Barrel),57.98,$/BBL
2005-07-15,ZEU,NA,EPCBRENT,UK Brent Crude Oil,PF4,Spot Price FOB,RBRTE,Europe Brent Spot Price FOB (Dollars per Barrel),57.43,$/BBL
2005-07-22,ZEU,NA,EPCBRENT,UK Brent Crude Oil,PF4,Spot Price FOB,RBRTE,Europe Brent Spot Price FOB (Dollars per Barrel),56.39,$/BBL
2005-07-29,ZEU,NA,EPCBRENT,UK Brent Crude Oil,PF4,Spot Price FOB,RBRTE,Europe Brent Spot Price FOB (Dollars per Barrel),58.5,$/BBL
2005-08-05,ZEU,NA,EPCBRENT,UK Brent Crude Oil,PF4,Spot Price FOB,RBRTE,Europe Brent Spot Price FOB (Dollars per Barrel),60.42,$/BBL
2005-08-12,ZEU,NA,EPCBRENT,UK Brent Crude Oil,PF4,Spot Price FOB,RBRTE,Europe Brent Spot Price FOB (Dollars per Barrel),64.46,$/BBL
2005-08-19,ZEU,NA,EPCBRENT,UK Brent Crude Oil,PF4,Spot Price FOB,RBRTE,Europe Brent Spot Price FOB (Dollars per Barrel),64.23,$/BBL
2005-08-26,ZEU,NA,EPCBRENT,UK Brent Crude Oil,PF4,Spot Price FOB,RBRTE,Europe Brent Spot Price FOB (Dollars per Barrel),65.68,$/BBL
2005-09-02,ZEU,NA,EPCBRENT,UK Brent Crude Oil,PF4,Spot Price FOB,RBRTE,Europe Brent Spot Price FOB (Dollars per Barrel),66.09,$/BBL
2005-09-09,ZEU,NA,EPCBRENT,UK Brent Crude Oil,PF4,Spot Price FOB,RBRTE,Europe Brent Spot Price FOB (Dollars per Barrel),63.24,$/BBL
2005-09-16,ZEU,NA,EPCBRENT,UK Brent Crude Oil,PF4,Spot Price FOB,RBRTE,Europe Brent Spot Price FOB (Dollars per Barrel),61.22,$/BBL
2005-09-23,ZEU,NA,EPCBRENT,UK Brent Crude Oil,PF4,Spot Price FOB,RBRTE,Europe Brent Spot Price FOB (Dollars per Barrel),63.63,$/BBL
2005-09-30,ZEU,NA,EPCBRENT,UK Brent Crude Oil,PF4,Spot Price FOB,RBRTE,Europe Brent Spot Price FOB (Dollars per Barrel),62.16,$/BBL
2005-10-07,ZEU,NA,EPCBRENT,UK Brent Crude Oil,PF4,Spot Price FOB,RBRTE,Europe Brent Spot Price FOB (Dollars per Barrel),58.93,$/BBL
2005-10-14,ZEU,NA,EPCBRENT,UK Brent Crude Oil,PF4,Spot Price FOB,RBRTE,Europe Brent Spot Price FOB (Dollars per Barrel),58.59,$/BBL
2005-10-21,ZEU,NA,EPCBRENT,UK Brent Crude Oil,PF4,Spot Price FOB,RBRTE,Europe Brent Spot Price FOB (Dollars per Barrel),58.15,$/BBL
2005-10-28,ZEU,NA,EPCBRENT,UK Brent Crude Oil,PF4,Spot Price FOB,RBRTE,Europe Brent Spot Price FOB (Dollars per Barrel),58.5,$/BBL
2005-11-04,ZEU,NA,EPCBRENT,UK Brent Crude Oil,PF4,Spot Price FOB,RBRTE,Europe Brent Spot Price FOB (Dollars per Barrel),58.74,$/BBL
2005-11-11,ZEU,NA,EPCBRENT,UK Brent Crude Oil,PF4,Spot Price FOB,RBRTE,Europe Brent Spot Price FOB (Dollars per Barrel),56.79,$/BBL
2005-11-18,ZEU,NA,EPCBRENT,UK Brent Crude Oil,PF4,Spot Price FOB,RBRTE,Europe Brent Spot Price FOB (Dollars per Barrel),53.77,$/BBL
2005-11-25,ZEU,NA,EPCBRENT,UK Brent Crude Oil,PF4,Spot Price FOB,RBRTE,Europe Brent Spot Price FOB (Dollars per Barrel),53.57,$/BBL
2005-12-02,ZEU,NA,EPCBRENT,UK Brent Crude Oil,PF4,Spot Price FOB,RBRTE,Europe Brent Spot Price FOB (Dollars per Barrel),53.59,$/BBL
2005-12-09,ZEU,NA,EPCBRENT,UK Brent Crude Oil,PF4,Spot Price FOB,RBRTE,Europe Brent Spot Price FOB (Dollars per Barrel),56.07,$/BBL
2005-12-16,ZEU,NA,EPCBRENT,UK Brent Crude Oil,PF4,Spot Price FOB,RBRTE,Europe Brent Spot Price FOB (Dollars per Barrel),58.75,$/BBL
2005-12-23,ZEU,NA,EPCBRENT,UK Brent Crude Oil,PF4,Spot Price FOB,RBRTE,Europe Brent Spot Price FOB (Dollars per Barrel),56.36,$/BBL
2005-12-30,ZEU,NA,EPCBRENT,UK Brent Crude Oil,PF4,Spot Price FOB,RBRTE,Europe Brent Spot Price FOB (Dollars per Barrel),57.38,$/BBL
2006-01-06,ZEU,NA,EPCBRENT,UK Brent Crude Oil,PF4,Spot Price FOB,RBRTE,Europe Brent Spot Price FOB (Dollars per Barrel),61.72,$/BBL
2006-01-13,ZEU,NA,EPCBRENT,UK Brent Crude Oil,PF4,Spot Price FOB,RBRTE,Europe Brent Spot Price FOB (Dollars per Barrel),62.18,$/BBL
2006-01-20,ZEU,NA,EPCBRENT,UK Brent Crude Oil,PF4,Spot Price FOB,RBRTE,Europe Brent Spot Price FOB (Dollars per Barrel),63.54,$/BBL
2006-01-27,ZEU,NA,EPCBRENT,UK Brent Crude Oil,PF4,Spot Price FOB,RBRTE,Europe Brent Spot Price FOB (Dollars per Barrel),63.77,$/BBL
2006-02-03,ZEU,NA,EPCBRENT,UK Brent Crude Oil,PF4,Spot Price FOB,RBRTE,Europe Brent Spot Price FOB (Dollars per Barrel),64,$/BBL
2006-02-10,ZEU,NA,EPCBRENT,UK Brent Crude Oil,PF4,Spot Price FOB,RBRTE,Europe Brent Spot Price FOB (Dollars per Barrel),61.23,$/BBL
2006-02-17,ZEU,NA,EPCBRENT,UK Brent Crude Oil,PF4,Spot Price FOB,RBRTE,Europe Brent Spot Price FOB (Dollars per Barrel),58.04,$/BBL
2006-02-24,ZEU,NA,EPCBRENT,UK Brent Crude Oil,PF4,Spot Price FOB,RBRTE,Europe Brent Spot Price FOB (Dollars per Barrel),59.39,$/BBL
2006-03-03,ZEU,NA,EPCBRENT,UK Brent Crude Oil,PF4,Spot Price FOB,RBRTE,Europe Brent Spot Price FOB (Dollars per Barrel),61.06,$/BBL
2006-03-10,ZEU,NA,EPCBRENT,UK Brent Crude Oil,PF4,Spot Price FOB,RBRTE,Europe Brent Spot Price FOB (Dollars per Barrel),59.5,$/BBL
2006-03-17,ZEU,NA,EPCBRENT,UK Brent Crude Oil,PF4,Spot Price FOB,RBRTE,Europe Brent Spot Price FOB (Dollars per Barrel),62.42,$/BBL
2006-03-24,ZEU,NA,EPCBRENT,UK Brent Crude Oil,PF4,Spot Price FOB,RBRTE,Europe Brent Spot Price FOB (Dollars per Barrel),61.61,$/BBL
2006-03-31,ZEU,NA,EPCBRENT,UK Brent Crude Oil,PF4,Spot Price FOB,RBRTE,Europe Brent Spot Price FOB (Dollars per Barrel),64.76,$/BBL
2006-04-07,ZEU,NA,EPCBRENT,UK Brent Crude Oil,PF4,Spot Price FOB,RBRTE,Europe Brent Spot Price FOB (Dollars per Barrel),66.93,$/BBL
2006-04-14,ZEU,NA,EPCBRENT,UK Brent Crude Oil,PF4,Spot Price FOB,RBRTE,Europe Brent Spot Price FOB (Dollars per Barrel),68.91,$/BBL
2006-04-21,ZEU,NA,EPCBRENT,UK Brent Crude Oil,PF4,Spot Price FOB,RBRTE,Europe Brent Spot Price FOB (Dollars per Barrel),72.54,$/BBL
2006-04-28,ZEU,NA,EPCBRENT,UK Brent Crude Oil,PF4,Spot Price FOB,RBRTE,Europe Brent Spot Price FOB (Dollars per Barrel),72.84,$/BBL
2006-05-05,ZEU,NA,EPCBRENT,UK Brent Crude Oil,PF4,Spot Price FOB,RBRTE,Europe Brent Spot Price FOB (Dollars per Barrel),72.92,$/BBL
2006-05-12,ZEU,NA,EPCBRENT,UK Brent Crude Oil,PF4,Spot Price FOB,RBRTE,Europe Brent Spot Price FOB (Dollars per Barrel),70.44,$/BBL
2006-05-19,ZEU,NA,EPCBRENT,UK Brent Crude Oil,PF4,Spot Price FOB,RBRTE,Europe Brent Spot Price FOB (Dollars per Barrel),67.84,$/BBL
2006-05-26,ZEU,NA,EPCBRENT,UK Brent Crude Oil,PF4,Spot Price FOB,RBRTE,Europe Brent Spot Price FOB (Dollars per Barrel),68.47,$/BBL
2006-06-02,ZEU,NA,EPCBRENT,UK Brent Crude Oil,PF4,Spot Price FOB,RBRTE,Europe Brent Spot Price FOB (Dollars per Barrel),68.75,$/BBL
2006-06-09,ZEU,NA,EPCBRENT,UK Brent Crude Oil,PF4,Spot Price FOB,RBRTE,Europe Brent Spot Price FOB (Dollars per Barrel),67.89,$/BBL
2006-06-16,ZEU,NA,EPCBRENT,UK Brent Crude Oil,PF4,Spot Price FOB,RBRTE,Europe Brent Spot Price FOB (Dollars per Barrel),66.17,$/BBL
2006-06-23,ZEU,NA,EPCBRENT,UK Brent Crude Oil,PF4,Spot Price FOB,RBRTE,Europe Brent Spot Price FOB (Dollars per Barrel),68.33,$/BBL
2006-06-30,ZEU,NA,EPCBRENT,UK Brent Crude Oil,PF4,Spot Price FOB,RBRTE,Europe Brent Spot Price FOB (Dollars per Barrel),71.82,$/BBL
2006-07-07,ZEU,NA,EPCBRENT,UK Brent Crude Oil,PF4,Spot Price FOB,RBRTE,Europe Brent Spot Price FOB (Dollars per Barrel),73.45,$/BBL
2006-07-14,ZEU,NA,EPCBRENT,UK Brent Crude Oil,PF4,Spot Price FOB,RBRTE,Europe Brent Spot Price FOB (Dollars per Barrel),73.99,$/BBL
2006-07-21,ZEU,NA,EPCBRENT,UK Brent Crude Oil,PF4,Spot Price FOB,RBRTE,Europe Brent Spot Price FOB (Dollars per Barrel),73.52,$/BBL
2006-07-28,ZEU,NA,EPCBRENT,UK Brent Crude Oil,PF4,Spot Price FOB,RBRTE,Europe Brent Spot Price FOB (Dollars per Barrel),73.53,$/BBL
2006-08-04,ZEU,NA,EPCBRENT,UK Brent Crude Oil,PF4,Spot Price FOB,RBRTE,Europe Brent Spot Price FOB (Dollars per Barrel),76.32,$/BBL
2006-08-11,ZEU,NA,EPCBRENT,UK Brent Crude Oil,PF4,Spot Price FOB,RBRTE,Europe Brent Spot Price FOB (Dollars per Barrel),76.98,$/BBL
2006-08-18,ZEU,NA,EPCBRENT,UK Brent Crude Oil,PF4,Spot Price FOB,RBRTE,Europe Brent Spot Price FOB (Dollars per Barrel),72.35,$/BBL
2006-08-25,ZEU,NA,EPCBRENT,UK Brent Crude Oil,PF4,Spot Price FOB,RBRTE,Europe Brent Spot Price FOB (Dollars per Barrel),71.92,$/BBL
2006-09-01,ZEU,NA,EPCBRENT,UK Brent Crude Oil,PF4,Spot Price FOB,RBRTE,Europe Brent Spot Price FOB (Dollars per Barrel),68.35,$/BBL
2006-09-08,ZEU,NA,EPCBRENT,UK Brent Crude Oil,PF4,Spot Price FOB,RBRTE,Europe Brent Spot Price FOB (Dollars per Barrel),65.76,$/BBL
2006-09-15,ZEU,NA,EPCBRENT,UK Brent Crude Oil,PF4,Spot Price FOB,RBRTE,Europe Brent Spot Price FOB (Dollars per Barrel),61.38,$/BBL
2006-09-22,ZEU,NA,EPCBRENT,UK Brent Crude Oil,PF4,Spot Price FOB,RBRTE,Europe Brent Spot Price FOB (Dollars per Barrel),60.23,$/BBL
2006-09-29,ZEU,NA,EPCBRENT,UK Brent Crude Oil,PF4,Spot Price FOB,RBRTE,Europe Brent Spot Price FOB (Dollars per Barrel),58.76,$/BBL
2006-10-06,ZEU,NA,EPCBRENT,UK Brent Crude Oil,PF4,Spot Price FOB,RBRTE,Europe Brent Spot Price FOB (Dollars per Barrel),57.15,$/BBL
2006-10-13,ZEU,NA,EPCBRENT,UK Brent Crude Oil,PF4,Spot Price FOB,RBRTE,Europe Brent Spot Price FOB (Dollars per Barrel),58.33,$/BBL
2006-10-20,ZEU,NA,EPCBRENT,UK Brent Crude Oil,PF4,Spot Price FOB,RBRTE,Europe Brent Spot Price FOB (Dollars per Barrel),58.51,$/BBL
2006-10-27,ZEU,NA,EPCBRENT,UK Brent Crude Oil,PF4,Spot Price FOB,RBRTE,Europe Brent Spot Price FOB (Dollars per Barrel),57.73,$/BBL
2006-11-03,ZEU,NA,EPCBRENT,UK Brent Crude Oil,PF4,Spot Price FOB,RBRTE,Europe Brent Spot Price FOB (Dollars per Barrel),56.48,$/BBL
2006-11-10,ZEU,NA,EPCBRENT,UK Brent Crude Oil,PF4,Spot Price FOB,RBRTE,Europe Brent Spot Price FOB (Dollars per Barrel),58.02,$/BBL
2006-11-17,ZEU,NA,EPCBRENT,UK Brent Crude Oil,PF4,Spot Price FOB,RBRTE,Europe Brent Spot Price FOB (Dollars per Barrel),57.85,$/BBL
2006-11-24,ZEU,NA,EPCBRENT,UK Brent Crude Oil,PF4,Spot Price FOB,RBRTE,Europe Brent Spot Price FOB (Dollars per Barrel),59.2,$/BBL
2006-12-01,ZEU,NA,EPCBRENT,UK Brent Crude Oil,PF4,Spot Price FOB,RBRTE,Europe Brent Spot Price FOB (Dollars per Barrel),62.59,$/BBL
2006-12-08,ZEU,NA,EPCBRENT,UK Brent Crude Oil,PF4,Spot Price FOB,RBRTE,Europe Brent Spot Price FOB (Dollars per Barrel),63.63,$/BBL
2006-12-15,ZEU,NA,EPCBRENT,UK Brent Crude Oil,PF4,Spot Price FOB,RBRTE,Europe Brent Spot Price FOB (Dollars per Barrel),62.56,$/BBL
2006-12-22,ZEU,NA,EPCBRENT,UK Brent Crude Oil,PF4,Spot Price FOB,RBRTE,Europe Brent Spot Price FOB (Dollars per Barrel),62.44,$/BBL
2006-12-29,ZEU,NA,EPCBRENT,UK Brent Crude Oil,PF4,Spot Price FOB,RBRTE,Europe Brent Spot Price FOB (Dollars per Barrel),59.69,$/BBL
2007-01-05,ZEU,NA,EPCBRENT,UK Brent Crude Oil,PF4,Spot Price FOB,RBRTE,Europe Brent Spot Price FOB (Dollars per Barrel),55.63,$/BBL
2007-01-12,ZEU,NA,EPCBRENT,UK Brent Crude Oil,PF4,Spot Price FOB,RBRTE,Europe Brent Spot Price FOB (Dollars per Barrel),51.79,$/BBL
2007-01-19,ZEU,NA,EPCBRENT,UK Brent Crude Oil,PF4,Spot Price FOB,RBRTE,Europe Brent Spot Price FOB (Dollars per Barrel),51.4,$/BBL
2007-01-26,ZEU,NA,EPCBRENT,UK Brent Crude Oil,PF4,Spot Price FOB,RBRTE,Europe Brent Spot Price FOB (Dollars per Barrel),54.87,$/BBL
2007-02-02,ZEU,NA,EPCBRENT,UK Brent Crude Oil,PF4,Spot Price FOB,RBRTE,Europe Brent Spot Price FOB (Dollars per Barrel),55.92,$/BBL
2007-02-09,ZEU,NA,EPCBRENT,UK Brent Crude Oil,PF4,Spot Price FOB,RBRTE,Europe Brent Spot Price FOB (Dollars per Barrel),57.9,$/BBL
2007-02-16,ZEU,NA,EPCBRENT,UK Brent Crude Oil,PF4,Spot Price FOB,RBRTE,Europe Brent Spot Price FOB (Dollars per Barrel),55.54,$/BBL
2007-02-23,ZEU,NA,EPCBRENT,UK Brent Crude Oil,PF4,Spot Price FOB,RBRTE,Europe Brent Spot Price FOB (Dollars per Barrel),58.16,$/BBL
2007-03-02,ZEU,NA,EPCBRENT,UK Brent Crude Oil,PF4,Spot Price FOB,RBRTE,Europe Brent Spot Price FOB (Dollars per Barrel),60.62,$/BBL
2007-03-09,ZEU,NA,EPCBRENT,UK Brent Crude Oil,PF4,Spot Price FOB,RBRTE,Europe Brent Spot Price FOB (Dollars per Barrel),60.35,$/BBL
2007-03-16,ZEU,NA,EPCBRENT,UK Brent Crude Oil,PF4,Spot Price FOB,RBRTE,Europe Brent Spot Price FOB (Dollars per Barrel),60.87,$/BBL
2007-03-23,ZEU,NA,EPCBRENT,UK Brent Crude Oil,PF4,Spot Price FOB,RBRTE,Europe Brent Spot Price FOB (Dollars per Barrel),61.09,$/BBL
2007-03-30,ZEU,NA,EPCBRENT,UK Brent Crude Oil,PF4,Spot Price FOB,RBRTE,Europe Brent Spot Price FOB (Dollars per Barrel),66.1,$/BBL
2007-04-06,ZEU,NA,EPCBRENT,UK Brent Crude Oil,PF4,Spot Price FOB,RBRTE,Europe Brent Spot Price FOB (Dollars per Barrel),68.55,$/BBL
2007-04-13,ZEU,NA,EPCBRENT,UK Brent Crude Oil,PF4,Spot Price FOB,RBRTE,Europe Brent Spot Price FOB (Dollars per Barrel),68.2,$/BBL
2007-04-20,ZEU,NA,EPCBRENT,UK Brent Crude Oil,PF4,Spot Price FOB,RBRTE,Europe Brent Spot Price FOB (Dollars per Barrel),66.21,$/BBL
2007-04-27,ZEU,NA,EPCBRENT,UK Brent Crude Oil,PF4,Spot Price FOB,RBRTE,Europe Brent Spot Price FOB (Dollars per Barrel),67.39,$/BBL
2007-05-04,ZEU,NA,EPCBRENT,UK Brent Crude Oil,PF4,Spot Price FOB,RBRTE,Europe Brent Spot Price FOB (Dollars per Barrel),66.04,$/BBL
2007-05-11,ZEU,NA,EPCBRENT,UK Brent Crude Oil,PF4,Spot Price FOB,RBRTE,Europe Brent Spot Price FOB (Dollars per Barrel),63.91,$/BBL
2007-05-18,ZEU,NA,EPCBRENT,UK Brent Crude Oil,PF4,Spot Price FOB,RBRTE,Europe Brent Spot Price FOB (Dollars per Barrel),67.55,$/BBL
2007-05-25,ZEU,NA,EPCBRENT,UK Brent Crude Oil,PF4,Spot Price FOB,RBRTE,Europe Brent Spot Price FOB (Dollars per Barrel),70.65,$/BBL
2007-06-01,ZEU,NA,EPCBRENT,UK Brent Crude Oil,PF4,Spot Price FOB,RBRTE,Europe Brent Spot Price FOB (Dollars per Barrel),68.45,$/BBL
2007-06-08,ZEU,NA,EPCBRENT,UK Brent Crude Oil,PF4,Spot Price FOB,RBRTE,Europe Brent Spot Price FOB (Dollars per Barrel),71.23,$/BBL
2007-06-15,ZEU,NA,EPCBRENT,UK Brent Crude Oil,PF4,Spot Price FOB,RBRTE,Europe Brent Spot Price FOB (Dollars per Barrel),69.89,$/BBL
2007-06-22,ZEU,NA,EPCBRENT,UK Brent Crude Oil,PF4,Spot Price FOB,RBRTE,Europe Brent Spot Price FOB (Dollars per Barrel),71.78,$/BBL
2007-06-29,ZEU,NA,EPCBRENT,UK Brent Crude Oil,PF4,Spot Price FOB,RBRTE,Europe Brent Spot Price FOB (Dollars per Barrel),71.76,$/BBL
2007-07-06,ZEU,NA,EPCBRENT,UK Brent Crude Oil,PF4,Spot Price FOB,RBRTE,Europe Brent Spot Price FOB (Dollars per Barrel),74.79,$/BBL
2007-07-13,ZEU,NA,EPCBRENT,UK Brent Crude Oil,PF4,Spot Price FOB,RBRTE,Europe Brent Spot Price FOB (Dollars per Barrel),77.76,$/BBL
2007-07-20,ZEU,NA,EPCBRENT,UK Brent Crude Oil,PF4,Spot Price FOB,RBRTE,Europe Brent Spot Price FOB (Dollars per Barrel),78.24,$/BBL
2007-07-27,ZEU,NA,EPCBRENT,UK Brent Crude Oil,PF4,Spot Price FOB,RBRTE,Europe Brent Spot Price FOB (Dollars per Barrel),76.66,$/BBL
2007-08-03,ZEU,NA,EPCBRENT,UK Brent Crude Oil,PF4,Spot Price FOB,RBRTE,Europe Brent Spot Price FOB (Dollars per Barrel),76.34,$/BBL
2007-08-10,ZEU,NA,EPCBRENT,UK Brent Crude Oil,PF4,Spot Price FOB,RBRTE,Europe Brent Spot Price FOB (Dollars per Barrel),70.7,$/BBL
2007-08-17,ZEU,NA,EPCBRENT,UK Brent Crude Oil,PF4,Spot Price FOB,RBRTE,Europe Brent Spot Price FOB (Dollars per Barrel),70.09,$/BBL
2007-08-24,ZEU,NA,EPCBRENT,UK Brent Crude Oil,PF4,Spot Price FOB,RBRTE,Europe Brent Spot Price FOB (Dollars per Barrel),68.44,$/BBL
2007-08-31,ZEU,NA,EPCBRENT,UK Brent Crude Oil,PF4,Spot Price FOB,RBRTE,Europe Brent Spot Price FOB (Dollars per Barrel),70.55,$/BBL
2007-09-07,ZEU,NA,EPCBRENT,UK Brent Crude Oil,PF4,Spot Price FOB,RBRTE,Europe Brent Spot Price FOB (Dollars per Barrel),75.06,$/BBL
2007-09-14,ZEU,NA,EPCBRENT,UK Brent Crude Oil,PF4,Spot Price FOB,RBRTE,Europe Brent Spot Price FOB (Dollars per Barrel),76.89,$/BBL
2007-09-21,ZEU,NA,EPCBRENT,UK Brent Crude Oil,PF4,Spot Price FOB,RBRTE,Europe Brent Spot Price FOB (Dollars per Barrel),78.17,$/BBL
2007-09-28,ZEU,NA,EPCBRENT,UK Brent Crude Oil,PF4,Spot Price FOB,RBRTE,Europe Brent Spot Price FOB (Dollars per Barrel),78.15,$/BBL
2007-10-05,ZEU,NA,EPCBRENT,UK Brent Crude Oil,PF4,Spot Price FOB,RBRTE,Europe Brent Spot Price FOB (Dollars per Barrel),77.98,$/BBL
2007-10-12,ZEU,NA,EPCBRENT,UK Brent Crude Oil,PF4,Spot Price FOB,RBRTE,Europe Brent Spot Price FOB (Dollars per Barrel),78.85,$/BBL
2007-10-19,ZEU,NA,EPCBRENT,UK Brent Crude Oil,PF4,Spot Price FOB,RBRTE,Europe Brent Spot Price FOB (Dollars per Barrel),84.29,$/BBL
2007-10-26,ZEU,NA,EPCBRENT,UK Brent Crude Oil,PF4,Spot Price FOB,RBRTE,Europe Brent Spot Price FOB (Dollars per Barrel),83.72,$/BBL
2007-11-02,ZEU,NA,EPCBRENT,UK Brent Crude Oil,PF4,Spot Price FOB,RBRTE,Europe Brent Spot Price FOB (Dollars per Barrel),90.42,$/BBL
2007-11-09,ZEU,NA,EPCBRENT,UK Brent Crude Oil,PF4,Spot Price FOB,RBRTE,Europe Brent Spot Price FOB (Dollars per Barrel),93.54,$/BBL
2007-11-16,ZEU,NA,EPCBRENT,UK Brent Crude Oil,PF4,Spot Price FOB,RBRTE,Europe Brent Spot Price FOB (Dollars per Barrel),90.74,$/BBL
2007-11-23,ZEU,NA,EPCBRENT,UK Brent Crude Oil,PF4,Spot Price FOB,RBRTE,Europe Brent Spot Price FOB (Dollars per Barrel),94.01,$/BBL
2007-11-30,ZEU,NA,EPCBRENT,UK Brent Crude Oil,PF4,Spot Price FOB,RBRTE,Europe Brent Spot Price FOB (Dollars per Barrel),92.16,$/BBL
2007-12-07,ZEU,NA,EPCBRENT,UK Brent Crude Oil,PF4,Spot Price FOB,RBRTE,Europe Brent Spot Price FOB (Dollars per Barrel),89.09,$/BBL
2007-12-14,ZEU,NA,EPCBRENT,UK Brent Crude Oil,PF4,Spot Price FOB,RBRTE,Europe Brent Spot Price FOB (Dollars per Barrel),90.24,$/BBL
2007-12-21,ZEU,NA,EPCBRENT,UK Brent Crude Oil,PF4,Spot Price FOB,RBRTE,Europe Brent Spot Price FOB (Dollars per Barrel),90.82,$/BBL
2007-12-28,ZEU,NA,EPCBRENT,UK Brent Crude Oil,PF4,Spot Price FOB,RBRTE,Europe Brent Spot Price FOB (Dollars per Barrel),94.39,$/BBL
2008-01-04,ZEU,NA,EPCBRENT,UK Brent Crude Oil,PF4,Spot Price FOB,RBRTE,Europe Brent Spot Price FOB (Dollars per Barrel),96.5,$/BBL
2008-01-11,ZEU,NA,EPCBRENT,UK Brent Crude Oil,PF4,Spot Price FOB,RBRTE,Europe Brent Spot Price FOB (Dollars per Barrel),94.4,$/BBL
2008-01-18,ZEU,NA,EPCBRENT,UK Brent Crude Oil,PF4,Spot Price FOB,RBRTE,Europe Brent Spot Price FOB (Dollars per Barrel),90.03,$/BBL
2008-01-25,ZEU,NA,EPCBRENT,UK Brent Crude Oil,PF4,Spot Price FOB,RBRTE,Europe Brent Spot Price FOB (Dollars per Barrel),88.46,$/BBL
2008-02-01,ZEU,NA,EPCBRENT,UK Brent Crude Oil,PF4,Spot Price FOB,RBRTE,Europe Brent Spot Price FOB (Dollars per Barrel),91.77,$/BBL
2008-02-08,ZEU,NA,EPCBRENT,UK Brent Crude Oil,PF4,Spot Price FOB,RBRTE,Europe Brent Spot Price FOB (Dollars per Barrel),89.88,$/BBL
2008-02-15,ZEU,NA,EPCBRENT,UK Brent Crude Oil,PF4,Spot Price FOB,RBRTE,Europe Brent Spot Price FOB (Dollars per Barrel),94.98,$/BBL
2008-02-22,ZEU,NA,EPCBRENT,UK Brent Crude Oil,PF4,Spot Price FOB,RBRTE,Europe Brent Spot Price FOB (Dollars per Barrel),97.13,$/BBL
2008-02-29,ZEU,NA,EPCBRENT,UK Brent Crude Oil,PF4,Spot Price FOB,RBRTE,Europe Brent Spot Price FOB (Dollars per Barrel),99.1,$/BBL
2008-03-07,ZEU,NA,EPCBRENT,UK Brent Crude Oil,PF4,Spot Price FOB,RBRTE,Europe Brent Spot Price FOB (Dollars per Barrel),101.9,$/BBL
2008-03-14,ZEU,NA,EPCBRENT,UK Brent Crude Oil,PF4,Spot Price FOB,RBRTE,Europe Brent Spot Price FOB (Dollars per Barrel),107.69,$/BBL
2008-03-21,ZEU,NA,EPCBRENT,UK Brent Crude Oil,PF4,Spot Price FOB,RBRTE,Europe Brent Spot Price FOB (Dollars per Barrel),103.05,$/BBL
2008-03-28,ZEU,NA,EPCBRENT,UK Brent Crude Oil,PF4,Spot Price FOB,RBRTE,Europe Brent Spot Price FOB (Dollars per Barrel),102.05,$/BBL
2008-04-04,ZEU,NA,EPCBRENT,UK Brent Crude Oil,PF4,Spot Price FOB,RBRTE,Europe Brent Spot Price FOB (Dollars per Barrel),100.88,$/BBL
2008-04-11,ZEU,NA,EPCBRENT,UK Brent Crude Oil,PF4,Spot Price FOB,RBRTE,Europe Brent Spot Price FOB (Dollars per Barrel),106.6,$/BBL
2008-04-18,ZEU,NA,EPCBRENT,UK Brent Crude Oil,PF4,Spot Price FOB,RBRTE,Europe Brent Spot Price FOB (Dollars per Barrel),110.42,$/BBL
2008-04-25,ZEU,NA,EPCBRENT,UK Brent Crude Oil,PF4,Spot Price FOB,RBRTE,Europe Brent Spot Price FOB (Dollars per Barrel),114.34,$/BBL
2008-05-02,ZEU,NA,EPCBRENT,UK Brent Crude Oil,PF4,Spot Price FOB,RBRTE,Europe Brent Spot Price FOB (Dollars per Barrel),111.98,$/BBL
2008-05-09,ZEU,NA,EPCBRENT,UK Brent Crude Oil,PF4,Spot Price FOB,RBRTE,Europe Brent Spot Price FOB (Dollars per Barrel),119.84,$/BBL
2008-05-16,ZEU,NA,EPCBRENT,UK Brent Crude Oil,PF4,Spot Price FOB,RBRTE,Europe Brent Spot Price FOB (Dollars per Barrel),122.58,$/BBL
2008-05-23,ZEU,NA,EPCBRENT,UK Brent Crude Oil,PF4,Spot Price FOB,RBRTE,Europe Brent Spot Price FOB (Dollars per Barrel),126.47,$/BBL
2008-05-30,ZEU,NA,EPCBRENT,UK Brent Crude Oil,PF4,Spot Price FOB,RBRTE,Europe Brent Spot Price FOB (Dollars per Barrel),128.76,$/BBL
2008-06-06,ZEU,NA,EPCBRENT,UK Brent Crude Oil,PF4,Spot Price FOB,RBRTE,Europe Brent Spot Price FOB (Dollars per Barrel),126.33,$/BBL
2008-06-13,ZEU,NA,EPCBRENT,UK Brent Crude Oil,PF4,Spot Price FOB,RBRTE,Europe Brent Spot Price FOB (Dollars per Barrel),134.12,$/BBL
2008-06-20,ZEU,NA,EPCBRENT,UK Brent Crude Oil,PF4,Spot Price FOB,RBRTE,Europe Brent Spot Price FOB (Dollars per Barrel),132.08,$/BBL
2008-06-27,ZEU,NA,EPCBRENT,UK Brent Crude Oil,PF4,Spot Price FOB,RBRTE,Europe Brent Spot Price FOB (Dollars per Barrel),135.54,$/BBL
2008-07-04,ZEU,NA,EPCBRENT,UK Brent Crude Oil,PF4,Spot Price FOB,RBRTE,Europe Brent Spot Price FOB (Dollars per Barrel),141.07,$/BBL
2008-07-11,ZEU,NA,EPCBRENT,UK Brent Crude Oil,PF4,Spot Price FOB,RBRTE,Europe Brent Spot Price FOB (Dollars per Barrel),137.43,$/BBL
2008-07-18,ZEU,NA,EPCBRENT,UK Brent Crude Oil,PF4,Spot Price FOB,RBRTE,Europe Brent Spot Price FOB (Dollars per Barrel),135.05,$/BBL
2008-07-25,ZEU,NA,EPCBRENT,UK Brent Crude Oil,PF4,Spot Price FOB,RBRTE,Europe Brent Spot Price FOB (Dollars per Barrel),126.7,$/BBL
2008-08-01,ZEU,NA,EPCBRENT,UK Brent Crude Oil,PF4,Spot Price FOB,RBRTE,Europe Brent Spot Price FOB (Dollars per Barrel),124.43,$/BBL
2008-08-08,ZEU,NA,EPCBRENT,UK Brent Crude Oil,PF4,Spot Price FOB,RBRTE,Europe Brent Spot Price FOB (Dollars per Barrel),116.56,$/BBL
2008-08-15,ZEU,NA,EPCBRENT,UK Brent Crude Oil,PF4,Spot Price FOB,RBRTE,Europe Brent Spot Price FOB (Dollars per Barrel),110.16,$/BBL
2008-08-22,ZEU,NA,EPCBRENT,UK Brent Crude Oil,PF4,Spot Price FOB,RBRTE,Europe Brent Spot Price FOB (Dollars per Barrel),111.66,$/BBL
2008-08-29,ZEU,NA,EPCBRENT,UK Brent Crude Oil,PF4,Spot Price FOB,RBRTE,Europe Brent Spot Price FOB (Dollars per Barrel),112.4,$/BBL
2008-09-05,ZEU,NA,EPCBRENT,UK Brent Crude Oil,PF4,Spot Price FOB,RBRTE,Europe Brent Spot Price FOB (Dollars per Barrel),103.69,$/BBL
2008-09-12,ZEU,NA,EPCBRENT,UK Brent Crude Oil,PF4,Spot Price FOB,RBRTE,Europe Brent Spot Price FOB (Dollars per Barrel),97.28,$/BBL
2008-09-19,ZEU,NA,EPCBRENT,UK Brent Crude Oil,PF4,Spot Price FOB,RBRTE,Europe Brent Spot Price FOB (Dollars per Barrel),89.35,$/BBL
2008-09-26,ZEU,NA,EPCBRENT,UK Brent Crude Oil,PF4,Spot Price FOB,RBRTE,Europe Brent Spot Price FOB (Dollars per Barrel),100.91,$/BBL
2008-10-03,ZEU,NA,EPCBRENT,UK Brent Crude Oil,PF4,Spot Price FOB,RBRTE,Europe Brent Spot Price FOB (Dollars per Barrel),91.9,$/BBL
2008-10-10,ZEU,NA,EPCBRENT,UK Brent Crude Oil,PF4,Spot Price FOB,RBRTE,Europe Brent Spot Price FOB (Dollars per Barrel),80.98,$/BBL
2008-10-17,ZEU,NA,EPCBRENT,UK Brent Crude Oil,PF4,Spot Price FOB,RBRTE,Europe Brent Spot Price FOB (Dollars per Barrel),69.28,$/BBL
2008-10-24,ZEU,NA,EPCBRENT,UK Brent Crude Oil,PF4,Spot Price FOB,RBRTE,Europe Brent Spot Price FOB (Dollars per Barrel),64.4,$/BBL
2008-10-31,ZEU,NA,EPCBRENT,UK Brent Crude Oil,PF4,Spot Price FOB,RBRTE,Europe Brent Spot Price FOB (Dollars per Barrel),60.61,$/BBL
2008-11-07,ZEU,NA,EPCBRENT,UK Brent Crude Oil,PF4,Spot Price FOB,RBRTE,Europe Brent Spot Price FOB (Dollars per Barrel),59.43,$/BBL
2008-11-14,ZEU,NA,EPCBRENT,UK Brent Crude Oil,PF4,Spot Price FOB,RBRTE,Europe Brent Spot Price FOB (Dollars per Barrel),53.27,$/BBL
2008-11-21,ZEU,NA,EPCBRENT,UK Brent Crude Oil,PF4,Spot Price FOB,RBRTE,Europe Brent Spot Price FOB (Dollars per Barrel),47.79,$/BBL
2008-11-28,ZEU,NA,EPCBRENT,UK Brent Crude Oil,PF4,Spot Price FOB,RBRTE,Europe Brent Spot Price FOB (Dollars per Barrel),48.53,$/BBL
2008-12-05,ZEU,NA,EPCBRENT,UK Brent Crude Oil,PF4,Spot Price FOB,RBRTE,Europe Brent Spot Price FOB (Dollars per Barrel),43.7,$/BBL
2008-12-12,ZEU,NA,EPCBRENT,UK Brent Crude Oil,PF4,Spot Price FOB,RBRTE,Europe Brent Spot Price FOB (Dollars per Barrel),41.01,$/BBL
2008-12-19,ZEU,NA,EPCBRENT,UK Brent Crude Oil,PF4,Spot Price FOB,RBRTE,Europe Brent Spot Price FOB (Dollars per Barrel),41.71,$/BBL
2008-12-26,ZEU,NA,EPCBRENT,UK Brent Crude Oil,PF4,Spot Price FOB,RBRTE,Europe Brent Spot Price FOB (Dollars per Barrel),35.38,$/BBL
2009-01-02,ZEU,NA,EPCBRENT,UK Brent Crude Oil,PF4,Spot Price FOB,RBRTE,Europe Brent Spot Price FOB (Dollars per Barrel),37.04,$/BBL
2009-01-09,ZEU,NA,EPCBRENT,UK Brent Crude Oil,PF4,Spot Price FOB,RBRTE,Europe Brent Spot Price FOB (Dollars per Barrel),45.25,$/BBL
2009-01-16,ZEU,NA,EPCBRENT,UK Brent Crude Oil,PF4,Spot Price FOB,RBRTE,Europe Brent Spot Price FOB (Dollars per Barrel),42.38,$/BBL
2009-01-23,ZEU,NA,EPCBRENT,UK Brent Crude Oil,PF4,Spot Price FOB,RBRTE,Europe Brent Spot Price FOB (Dollars per Barrel),41.67,$/BBL
2009-01-30,ZEU,NA,EPCBRENT,UK Brent Crude Oil,PF4,Spot Price FOB,RBRTE,Europe Brent Spot Price FOB (Dollars per Barrel),44.2,$/BBL
2009-02-06,ZEU,NA,EPCBRENT,UK Brent Crude Oil,PF4,Spot Price FOB,RBRTE,Europe Brent Spot Price FOB (Dollars per Barrel),43.64,$/BBL
2009-02-13,ZEU,NA,EPCBRENT,UK Brent Crude Oil,PF4,Spot Price FOB,RBRTE,Europe Brent Spot Price FOB (Dollars per Barrel),45.59,$/BBL
2009-02-20,ZEU,NA,EPCBRENT,UK Brent Crude Oil,PF4,Spot Price FOB,RBRTE,Europe Brent Spot Price FOB (Dollars per Barrel),40.91,$/BBL
2009-02-27,ZEU,NA,EPCBRENT,UK Brent Crude Oil,PF4,Spot Price FOB,RBRTE,Europe Brent Spot Price FOB (Dollars per Barrel),42.68,$/BBL
2009-03-06,ZEU,NA,EPCBRENT,UK Brent Crude Oil,PF4,Spot Price FOB,RBRTE,Europe Brent Spot Price FOB (Dollars per Barrel),43.86,$/BBL
2009-03-13,ZEU,NA,EPCBRENT,UK Brent Crude Oil,PF4,Spot Price FOB,RBRTE,Europe Brent Spot Price FOB (Dollars per Barrel),43.98,$/BBL
2009-03-20,ZEU,NA,EPCBRENT,UK Brent Crude Oil,PF4,Spot Price FOB,RBRTE,Europe Brent Spot Price FOB (Dollars per Barrel),46.43,$/BBL
2009-03-27,ZEU,NA,EPCBRENT,UK Brent Crude Oil,PF4,Spot Price FOB,RBRTE,Europe Brent Spot Price FOB (Dollars per Barrel),51.46,$/BBL
2009-04-03,ZEU,NA,EPCBRENT,UK Brent Crude Oil,PF4,Spot Price FOB,RBRTE,Europe Brent Spot Price FOB (Dollars per Barrel),48.49,$/BBL
2009-04-10,ZEU,NA,EPCBRENT,UK Brent Crude Oil,PF4,Spot Price FOB,RBRTE,Europe Brent Spot Price FOB (Dollars per Barrel),51.48,$/BBL
2009-04-17,ZEU,NA,EPCBRENT,UK Brent Crude Oil,PF4,Spot Price FOB,RBRTE,Europe Brent Spot Price FOB (Dollars per Barrel),51.59,$/BBL
2009-04-24,ZEU,NA,EPCBRENT,UK Brent Crude Oil,PF4,Spot Price FOB,RBRTE,Europe Brent Spot Price FOB (Dollars per Barrel),48.97,$/BBL
2009-05-01,ZEU,NA,EPCBRENT,UK Brent Crude Oil,PF4,Spot Price FOB,RBRTE,Europe Brent Spot Price FOB (Dollars per Barrel),49.92,$/BBL
2009-05-08,ZEU,NA,EPCBRENT,UK Brent Crude Oil,PF4,Spot Price FOB,RBRTE,Europe Brent Spot Price FOB (Dollars per Barrel),54.83,$/BBL
2009-05-15,ZEU,NA,EPCBRENT,UK Brent Crude Oil,PF4,Spot Price FOB,RBRTE,Europe Brent Spot Price FOB (Dollars per Barrel),56.39,$/BBL
2009-05-22,ZEU,NA,EPCBRENT,UK Brent Crude Oil,PF4,Spot Price FOB,RBRTE,Europe Brent Spot Price FOB (Dollars per Barrel),57.89,$/BBL
2009-05-29,ZEU,NA,EPCBRENT,UK Brent Crude Oil,PF4,Spot Price FOB,RBRTE,Europe Brent Spot Price FOB (Dollars per Barrel),62.2,$/BBL
2009-06-05,ZEU,NA,EPCBRENT,UK Brent Crude Oil,PF4,Spot Price FOB,RBRTE,Europe Brent Spot Price FOB (Dollars per Barrel),67.17,$/BBL
2009-06-12,ZEU,NA,EPCBRENT,UK Brent Crude Oil,PF4,Spot Price FOB,RBRTE,Europe Brent Spot Price FOB (Dollars per Barrel),69.88,$/BBL
2009-06-19,ZEU,NA,EPCBRENT,UK Brent Crude Oil,PF4,Spot Price FOB,RBRTE,Europe Brent Spot Price FOB (Dollars per Barrel),69.68,$/BBL
2009-06-26,ZEU,NA,EPCBRENT,UK Brent Crude Oil,PF4,Spot Price FOB,RBRTE,Europe Brent Spot Price FOB (Dollars per Barrel),67.58,$/BBL
2009-07-03,ZEU,NA,EPCBRENT,UK Brent Crude Oil,PF4,Spot Price FOB,RBRTE,Europe Brent Spot Price FOB (Dollars per Barrel),68.03,$/BBL
2009-07-10,ZEU,NA,EPCBRENT,UK Brent Crude Oil,PF4,Spot Price FOB,RBRTE,Europe Brent Spot Price FOB (Dollars per Barrel),60.39,$/BBL
2009-07-17,ZEU,NA,EPCBRENT,UK Brent Crude Oil,PF4,Spot Price FOB,RBRTE,Europe Brent Spot Price FOB (Dollars per Barrel),61.11,$/BBL
2009-07-24,ZEU,NA,EPCBRENT,UK Brent Crude Oil,PF4,Spot Price FOB,RBRTE,Europe Brent Spot Price FOB (Dollars per Barrel),66.56,$/BBL
2009-07-31,ZEU,NA,EPCBRENT,UK Brent Crude Oil,PF4,Spot Price FOB,RBRTE,Europe Brent Spot Price FOB (Dollars per Barrel),68.6,$/BBL
2009-08-07,ZEU,NA,EPCBRENT,UK Brent Crude Oil,PF4,Spot Price FOB,RBRTE,Europe Brent Spot Price FOB (Dollars per Barrel),73.99,$/BBL
2009-08-14,ZEU,NA,EPCBRENT,UK Brent Crude Oil,PF4,Spot Price FOB,RBRTE,Europe Brent Spot Price FOB (Dollars per Barrel),72.9,$/BBL
2009-08-21,ZEU,NA,EPCBRENT,UK Brent Crude Oil,PF4,Spot Price FOB,RBRTE,Europe Brent Spot Price FOB (Dollars per Barrel),71.52,$/BBL
2009-08-28,ZEU,NA,EPCBRENT,UK Brent Crude Oil,PF4,Spot Price FOB,RBRTE,Europe Brent Spot Price FOB (Dollars per Barrel),72.33,$/BBL
2009-09-04,ZEU,NA,EPCBRENT,UK Brent Crude Oil,PF4,Spot Price FOB,RBRTE,Europe Brent Spot Price FOB (Dollars per Barrel),67.6,$/BBL
2009-09-11,ZEU,NA,EPCBRENT,UK Brent Crude Oil,PF4,Spot Price FOB,RBRTE,Europe Brent Spot Price FOB (Dollars per Barrel),69.17,$/BBL
2009-09-18,ZEU,NA,EPCBRENT,UK Brent Crude Oil,PF4,Spot Price FOB,RBRTE,Europe Brent Spot Price FOB (Dollars per Barrel),68.85,$/BBL
2009-09-25,ZEU,NA,EPCBRENT,UK Brent Crude Oil,PF4,Spot Price FOB,RBRTE,Europe Brent Spot Price FOB (Dollars per Barrel),66.96,$/BBL
2009-10-02,ZEU,NA,EPCBRENT,UK Brent Crude Oil,PF4,Spot Price FOB,RBRTE,Europe Brent Spot Price FOB (Dollars per Barrel),65.9,$/BBL
2009-10-09,ZEU,NA,EPCBRENT,UK Brent Crude Oil,PF4,Spot Price FOB,RBRTE,Europe Brent Spot Price FOB (Dollars per Barrel),67.87,$/BBL
2009-10-16,ZEU,NA,EPCBRENT,UK Brent Crude Oil,PF4,Spot Price FOB,RBRTE,Europe Brent Spot Price FOB (Dollars per Barrel),72.29,$/BBL
2009-10-23,ZEU,NA,EPCBRENT,UK Brent Crude Oil,PF4,Spot Price FOB,RBRTE,Europe Brent Spot Price FOB (Dollars per Barrel),77.24,$/BBL
2009-10-30,ZEU,NA,EPCBRENT,UK Brent Crude Oil,PF4,Spot Price FOB,RBRTE,Europe Brent Spot Price FOB (Dollars per Barrel),76.07,$/BBL
2009-11-06,ZEU,NA,EPCBRENT,UK Brent Crude Oil,PF4,Spot Price FOB,RBRTE,Europe Brent Spot Price FOB (Dollars per Barrel),76.6,$/BBL
2009-11-13,ZEU,NA,EPCBRENT,UK Brent Crude Oil,PF4,Spot Price FOB,RBRTE,Europe Brent Spot Price FOB (Dollars per Barrel),76.25,$/BBL
2009-11-20,ZEU,NA,EPCBRENT,UK Brent Crude Oil,PF4,Spot Price FOB,RBRTE,Europe Brent Spot Price FOB (Dollars per Barrel),77.04,$/BBL
2009-11-27,ZEU,NA,EPCBRENT,UK Brent Crude Oil,PF4,Spot Price FOB,RBRTE,Europe Brent Spot Price FOB (Dollars per Barrel),76.52,$/BBL
2009-12-04,ZEU,NA,EPCBRENT,UK Brent Crude Oil,PF4,Spot Price FOB,RBRTE,Europe Brent Spot Price FOB (Dollars per Barrel),77.78,$/BBL
2009-12-11,ZEU,NA,EPCBRENT,UK Brent Crude Oil,PF4,Spot Price FOB,RBRTE,Europe Brent Spot Price FOB (Dollars per Barrel),73.14,$/BBL
2009-12-18,ZEU,NA,EPCBRENT,UK Brent Crude Oil,PF4,Spot Price FOB,RBRTE,Europe Brent Spot Price FOB (Dollars per Barrel),71.8,$/BBL
2009-12-25,ZEU,NA,EPCBRENT,UK Brent Crude Oil,PF4,Spot Price FOB,RBRTE,Europe Brent Spot Price FOB (Dollars per Barrel),73.35,$/BBL
2010-01-01,ZEU,NA,EPCBRENT,UK Brent Crude Oil,PF4,Spot Price FOB,RBRTE,Europe Brent Spot Price FOB (Dollars per Barrel),77.19,$/BBL
2010-01-08,ZEU,NA,EPCBRENT,UK Brent Crude Oil,PF4,Spot Price FOB,RBRTE,Europe Brent Spot Price FOB (Dollars per Barrel),79.82,$/BBL
2010-01-15,ZEU,NA,EPCBRENT,UK Brent Crude Oil,PF4,Spot Price FOB,RBRTE,Europe Brent Spot Price FOB (Dollars per Barrel),78.31,$/BBL
2010-01-22,ZEU,NA,EPCBRENT,UK Brent Crude Oil,PF4,Spot Price FOB,RBRTE,Europe Brent Spot Price FOB (Dollars per Barrel),74.28,$/BBL
2010-01-29,ZEU,NA,EPCBRENT,UK Brent Crude Oil,PF4,Spot Price FOB,RBRTE,Europe Brent Spot Price FOB (Dollars per Barrel),71.88,$/BBL
2010-02-05,ZEU,NA,EPCBRENT,UK Brent Crude Oil,PF4,Spot Price FOB,RBRTE,Europe Brent Spot Price FOB (Dollars per Barrel),72.54,$/BBL
2010-02-12,ZEU,NA,EPCBRENT,UK Brent Crude Oil,PF4,Spot Price FOB,RBRTE,Europe Brent Spot Price FOB (Dollars per Barrel),70.85,$/BBL
2010-02-19,ZEU,NA,EPCBRENT,UK Brent Crude Oil,PF4,Spot Price FOB,RBRTE,Europe Brent Spot Price FOB (Dollars per Barrel),75.8,$/BBL
2010-02-26,ZEU,NA,EPCBRENT,UK Brent Crude Oil,PF4,Spot Price FOB,RBRTE,Europe Brent Spot Price FOB (Dollars per Barrel),76.23,$/BBL
2010-03-05,ZEU,NA,EPCBRENT,UK Brent Crude Oil,PF4,Spot Price FOB,RBRTE,Europe Brent Spot Price FOB (Dollars per Barrel),77.86,$/BBL
2010-03-12,ZEU,NA,EPCBRENT,UK Brent Crude Oil,PF4,Spot Price FOB,RBRTE,Europe Brent Spot Price FOB (Dollars per Barrel),79.36,$/BBL
2010-03-19,ZEU,NA,EPCBRENT,UK Brent Crude Oil,PF4,Spot Price FOB,RBRTE,Europe Brent Spot Price FOB (Dollars per Barrel),79.05,$/BBL
2010-03-26,ZEU,NA,EPCBRENT,UK Brent Crude Oil,PF4,Spot Price FOB,RBRTE,Europe Brent Spot Price FOB (Dollars per Barrel),78.38,$/BBL
2010-04-02,ZEU,NA,EPCBRENT,UK Brent Crude Oil,PF4,Spot Price FOB,RBRTE,Europe Brent Spot Price FOB (Dollars per Barrel),80.59,$/BBL
2010-04-09,ZEU,NA,EPCBRENT,UK Brent Crude Oil,PF4,Spot Price FOB,RBRTE,Europe Brent Spot Price FOB (Dollars per Barrel),83.88,$/BBL
2010-04-16,ZEU,NA,EPCBRENT,UK Brent Crude Oil,PF4,Spot Price FOB,RBRTE,Europe Brent Spot Price FOB (Dollars per Barrel),85.23,$/BBL
2010-04-23,ZEU,NA,EPCBRENT,UK Brent Crude Oil,PF4,Spot Price FOB,RBRTE,Europe Brent Spot Price FOB (Dollars per Barrel),84.61,$/BBL
2010-04-30,ZEU,NA,EPCBRENT,UK Brent Crude Oil,PF4,Spot Price FOB,RBRTE,Europe Brent Spot Price FOB (Dollars per Barrel),85.98,$/BBL
2010-05-07,ZEU,NA,EPCBRENT,UK Brent Crude Oil,PF4,Spot Price FOB,RBRTE,Europe Brent Spot Price FOB (Dollars per Barrel),82.5,$/BBL
2010-05-14,ZEU,NA,EPCBRENT,UK Brent Crude Oil,PF4,Spot Price FOB,RBRTE,Europe Brent Spot Price FOB (Dollars per Barrel),78.32,$/BBL
2010-05-21,ZEU,NA,EPCBRENT,UK Brent Crude Oil,PF4,Spot Price FOB,RBRTE,Europe Brent Spot Price FOB (Dollars per Barrel),72.17,$/BBL
2010-05-28,ZEU,NA,EPCBRENT,UK Brent Crude Oil,PF4,Spot Price FOB,RBRTE,Europe Brent Spot Price FOB (Dollars per Barrel),70.79,$/BBL
2010-06-04,ZEU,NA,EPCBRENT,UK Brent Crude Oil,PF4,Spot Price FOB,RBRTE,Europe Brent Spot Price FOB (Dollars per Barrel),72.71,$/BBL
2010-06-11,ZEU,NA,EPCBRENT,UK Brent Crude Oil,PF4,Spot Price FOB,RBRTE,Europe Brent Spot Price FOB (Dollars per Barrel),72.76,$/BBL
2010-06-18,ZEU,NA,EPCBRENT,UK Brent Crude Oil,PF4,Spot Price FOB,RBRTE,Europe Brent Spot Price FOB (Dollars per Barrel),76.22,$/BBL
2010-06-25,ZEU,NA,EPCBRENT,UK Brent Crude Oil,PF4,Spot Price FOB,RBRTE,Europe Brent Spot Price FOB (Dollars per Barrel),76.64,$/BBL
2010-07-02,ZEU,NA,EPCBRENT,UK Brent Crude Oil,PF4,Spot Price FOB,RBRTE,Europe Brent Spot Price FOB (Dollars per Barrel),73.86,$/BBL
2010-07-09,ZEU,NA,EPCBRENT,UK Brent Crude Oil,PF4,Spot Price FOB,RBRTE,Europe Brent Spot Price FOB (Dollars per Barrel),73.95,$/BBL
2010-07-16,ZEU,NA,EPCBRENT,UK Brent Crude Oil,PF4,Spot Price FOB,RBRTE,Europe Brent Spot Price FOB (Dollars per Barrel),75.7,$/BBL
2010-07-23,ZEU,NA,EPCBRENT,UK Brent Crude Oil,PF4,Spot Price FOB,RBRTE,Europe Brent Spot Price FOB (Dollars per Barrel),76.64,$/BBL
2010-07-30,ZEU,NA,EPCBRENT,UK Brent Crude Oil,PF4,Spot Price FOB,RBRTE,Europe Brent Spot Price FOB (Dollars per Barrel),77.24,$/BBL
2010-08-06,ZEU,NA,EPCBRENT,UK Brent Crude Oil,PF4,Spot Price FOB,RBRTE,Europe Brent Spot Price FOB (Dollars per Barrel),82.69,$/BBL
2010-08-13,ZEU,NA,EPCBRENT,UK Brent Crude Oil,PF4,Spot Price FOB,RBRTE,Europe Brent Spot Price FOB (Dollars per Barrel),78.21,$/BBL
2010-08-20,ZEU,NA,EPCBRENT,UK Brent Crude Oil,PF4,Spot Price FOB,RBRTE,Europe Brent Spot Price FOB (Dollars per Barrel),74.94,$/BBL
2010-08-27,ZEU,NA,EPCBRENT,UK Brent Crude Oil,PF4,Spot Price FOB,RBRTE,Europe Brent Spot Price FOB (Dollars per Barrel),72.82,$/BBL
2010-09-03,ZEU,NA,EPCBRENT,UK Brent Crude Oil,PF4,Spot Price FOB,RBRTE,Europe Brent Spot Price FOB (Dollars per Barrel),75.41,$/BBL
2010-09-10,ZEU,NA,EPCBRENT,UK Brent Crude Oil,PF4,Spot Price FOB,RBRTE,Europe Brent Spot Price FOB (Dollars per Barrel),77.17,$/BBL
2010-09-17,ZEU,NA,EPCBRENT,UK Brent Crude Oil,PF4,Spot Price FOB,RBRTE,Europe Brent Spot Price FOB (Dollars per Barrel),78.44,$/BBL
2010-09-24,ZEU,NA,EPCBRENT,UK Brent Crude Oil,PF4,Spot Price FOB,RBRTE,Europe Brent Spot Price FOB (Dollars per Barrel),78.38,$/BBL
2010-10-01,ZEU,NA,EPCBRENT,UK Brent Crude Oil,PF4,Spot Price FOB,RBRTE,Europe Brent Spot Price FOB (Dollars per Barrel),79.82,$/BBL
2010-10-08,ZEU,NA,EPCBRENT,UK Brent Crude Oil,PF4,Spot Price FOB,RBRTE,Europe Brent Spot Price FOB (Dollars per Barrel),83.87,$/BBL
2010-10-15,ZEU,NA,EPCBRENT,UK Brent Crude Oil,PF4,Spot Price FOB,RBRTE,Europe Brent Spot Price FOB (Dollars per Barrel),83.11,$/BBL
2010-10-22,ZEU,NA,EPCBRENT,UK Brent Crude Oil,PF4,Spot Price FOB,RBRTE,Europe Brent Spot Price FOB (Dollars per Barrel),81.43,$/BBL
2010-10-29,ZEU,NA,EPCBRENT,UK Brent Crude Oil,PF4,Spot Price FOB,RBRTE,Europe Brent Spot Price FOB (Dollars per Barrel),82.25,$/BBL
2010-11-05,ZEU,NA,EPCBRENT,UK Brent Crude Oil,PF4,Spot Price FOB,RBRTE,Europe Brent Spot Price FOB (Dollars per Barrel),85.6,$/BBL
2010-11-12,ZEU,NA,EPCBRENT,UK Brent Crude Oil,PF4,Spot Price FOB,RBRTE,Europe Brent Spot Price FOB (Dollars per Barrel),87.43,$/BBL
2010-11-19,ZEU,NA,EPCBRENT,UK Brent Crude Oil,PF4,Spot Price FOB,RBRTE,Europe Brent Spot Price FOB (Dollars per Barrel),83.94,$/BBL
2010-11-26,ZEU,NA,EPCBRENT,UK Brent Crude Oil,PF4,Spot Price FOB,RBRTE,Europe Brent Spot Price FOB (Dollars per Barrel),83.51,$/BBL
2010-12-03,ZEU,NA,EPCBRENT,UK Brent Crude Oil,PF4,Spot Price FOB,RBRTE,Europe Brent Spot Price FOB (Dollars per Barrel),88.1,$/BBL
2010-12-10,ZEU,NA,EPCBRENT,UK Brent Crude Oil,PF4,Spot Price FOB,RBRTE,Europe Brent Spot Price FOB (Dollars per Barrel),90.25,$/BBL
2010-12-17,ZEU,NA,EPCBRENT,UK Brent Crude Oil,PF4,Spot Price FOB,RBRTE,Europe Brent Spot Price FOB (Dollars per Barrel),90.91,$/BBL
2010-12-24,ZEU,NA,EPCBRENT,UK Brent Crude Oil,PF4,Spot Price FOB,RBRTE,Europe Brent Spot Price FOB (Dollars per Barrel),92.9,$/BBL
2010-12-31,ZEU,NA,EPCBRENT,UK Brent Crude Oil,PF4,Spot Price FOB,RBRTE,Europe Brent Spot Price FOB (Dollars per Barrel),93.17,$/BBL
2011-01-07,ZEU,NA,EPCBRENT,UK Brent Crude Oil,PF4,Spot Price FOB,RBRTE,Europe Brent Spot Price FOB (Dollars per Barrel),94.72,$/BBL
2011-01-14,ZEU,NA,EPCBRENT,UK Brent Crude Oil,PF4,Spot Price FOB,RBRTE,Europe Brent Spot Price FOB (Dollars per Barrel),97.09,$/BBL
2011-01-21,ZEU,NA,EPCBRENT,UK Brent Crude Oil,PF4,Spot Price FOB,RBRTE,Europe Brent Spot Price FOB (Dollars per Barrel),97.34,$/BBL
2011-01-28,ZEU,NA,EPCBRENT,UK Brent Crude Oil,PF4,Spot Price FOB,RBRTE,Europe Brent Spot Price FOB (Dollars per Barrel),96.62,$/BBL
2011-02-04,ZEU,NA,EPCBRENT,UK Brent Crude Oil,PF4,Spot Price FOB,RBRTE,Europe Brent Spot Price FOB (Dollars per Barrel),100.36,$/BBL
2011-02-11,ZEU,NA,EPCBRENT,UK Brent Crude Oil,PF4,Spot Price FOB,RBRTE,Europe Brent Spot Price FOB (Dollars per Barrel),99.9,$/BBL
2011-02-18,ZEU,NA,EPCBRENT,UK Brent Crude Oil,PF4,Spot Price FOB,RBRTE,Europe Brent Spot Price FOB (Dollars per Barrel),102.81,$/BBL
2011-02-25,ZEU,NA,EPCBRENT,UK Brent Crude Oil,PF4,Spot Price FOB,RBRTE,Europe Brent Spot Price FOB (Dollars per Barrel),110.49,$/BBL
2011-03-04,ZEU,NA,EPCBRENT,UK Brent Crude Oil,PF4,Spot Price FOB,RBRTE,Europe Brent Spot Price FOB (Dollars per Barrel),114.53,$/BBL
2011-03-11,ZEU,NA,EPCBRENT,UK Brent Crude Oil,PF4,Spot Price FOB,RBRTE,Europe Brent Spot Price FOB (Dollars per Barrel),114.45,$/BBL
2011-03-18,ZEU,NA,EPCBRENT,UK Brent Crude Oil,PF4,Spot Price FOB,RBRTE,Europe Brent Spot Price FOB (Dollars per Barrel),112.67,$/BBL
2011-03-25,ZEU,NA,EPCBRENT,UK Brent Crude Oil,PF4,Spot Price FOB,RBRTE,Europe Brent Spot Price FOB (Dollars per Barrel),115.41,$/BBL
2011-04-01,ZEU,NA,EPCBRENT,UK Brent Crude Oil,PF4,Spot Price FOB,RBRTE,Europe Brent Spot Price FOB (Dollars per Barrel),116.49,$/BBL
2011-04-08,ZEU,NA,EPCBRENT,UK Brent Crude Oil,PF4,Spot Price FOB,RBRTE,Europe Brent Spot Price FOB (Dollars per Barrel),123.03,$/BBL
2011-04-15,ZEU,NA,EPCBRENT,UK Brent Crude Oil,PF4,Spot Price FOB,RBRTE,Europe Brent Spot Price FOB (Dollars per Barrel),123.57,$/BBL
2011-04-22,ZEU,NA,EPCBRENT,UK Brent Crude Oil,PF4,Spot Price FOB,RBRTE,Europe Brent Spot Price FOB (Dollars per Barrel),122.74,$/BBL
2011-04-29,ZEU,NA,EPCBRENT,UK Brent Crude Oil,PF4,Spot Price FOB,RBRTE,Europe Brent Spot Price FOB (Dollars per Barrel),125.36,$/BBL
2011-05-06,ZEU,NA,EPCBRENT,UK Brent Crude Oil,PF4,Spot Price FOB,RBRTE,Europe Brent Spot Price FOB (Dollars per Barrel),119.56,$/BBL
2011-05-13,ZEU,NA,EPCBRENT,UK Brent Crude Oil,PF4,Spot Price FOB,RBRTE,Europe Brent Spot Price FOB (Dollars per Barrel),114.53,$/BBL
2011-05-20,ZEU,NA,EPCBRENT,UK Brent Crude Oil,PF4,Spot Price FOB,RBRTE,Europe Brent Spot Price FOB (Dollars per Barrel),112.02,$/BBL
2011-05-27,ZEU,NA,EPCBRENT,UK Brent Crude Oil,PF4,Spot Price FOB,RBRTE,Europe Brent Spot Price FOB (Dollars per Barrel),113.41,$/BBL
2011-06-03,ZEU,NA,EPCBRENT,UK Brent Crude Oil,PF4,Spot Price FOB,RBRTE,Europe Brent Spot Price FOB (Dollars per Barrel),115.68,$/BBL
2011-06-10,ZEU,NA,EPCBRENT,UK Brent Crude Oil,PF4,Spot Price FOB,RBRTE,Europe Brent Spot Price FOB (Dollars per Barrel),117.73,$/BBL
2011-06-17,ZEU,NA,EPCBRENT,UK Brent Crude Oil,PF4,Spot Price FOB,RBRTE,Europe Brent Spot Price FOB (Dollars per Barrel),116.79,$/BBL
2011-06-24,ZEU,NA,EPCBRENT,UK Brent Crude Oil,PF4,Spot Price FOB,RBRTE,Europe Brent Spot Price FOB (Dollars per Barrel),110.18,$/BBL
2011-07-01,ZEU,NA,EPCBRENT,UK Brent Crude Oil,PF4,Spot Price FOB,RBRTE,Europe Brent Spot Price FOB (Dollars per Barrel),109.03,$/BBL
2011-07-08,ZEU,NA,EPCBRENT,UK Brent Crude Oil,PF4,Spot Price FOB,RBRTE,Europe Brent Spot Price FOB (Dollars per Barrel),115.39,$/BBL
2011-07-15,ZEU,NA,EPCBRENT,UK Brent Crude Oil,PF4,Spot Price FOB,RBRTE,Europe Brent Spot Price FOB (Dollars per Barrel),117.72,$/BBL
2011-07-22,ZEU,NA,EPCBRENT,UK Brent Crude Oil,PF4,Spot Price FOB,RBRTE,Europe Brent Spot Price FOB (Dollars per Barrel),118.2,$/BBL
2011-07-29,ZEU,NA,EPCBRENT,UK Brent Crude Oil,PF4,Spot Price FOB,RBRTE,Europe Brent Spot Price FOB (Dollars per Barrel),117.7,$/BBL
2011-08-05,ZEU,NA,EPCBRENT,UK Brent Crude Oil,PF4,Spot Price FOB,RBRTE,Europe Brent Spot Price FOB (Dollars per Barrel),112.65,$/BBL
2011-08-12,ZEU,NA,EPCBRENT,UK Brent Crude Oil,PF4,Spot Price FOB,RBRTE,Europe Brent Spot Price FOB (Dollars per Barrel),105.3,$/BBL
2011-08-19,ZEU,NA,EPCBRENT,UK Brent Crude Oil,PF4,Spot Price FOB,RBRTE,Europe Brent Spot Price FOB (Dollars per Barrel),109.54,$/BBL
2011-08-26,ZEU,NA,EPCBRENT,UK Brent Crude Oil,PF4,Spot Price FOB,RBRTE,Europe Brent Spot Price FOB (Dollars per Barrel),111.06,$/BBL
2011-09-02,ZEU,NA,EPCBRENT,UK Brent Crude Oil,PF4,Spot Price FOB,RBRTE,Europe Brent Spot Price FOB (Dollars per Barrel),116.11,$/BBL
2011-09-09,ZEU,NA,EPCBRENT,UK Brent Crude Oil,PF4,Spot Price FOB,RBRTE,Europe Brent Spot Price FOB (Dollars per Barrel),115.97,$/BBL
2011-09-16,ZEU,NA,EPCBRENT,UK Brent Crude Oil,PF4,Spot Price FOB,RBRTE,Europe Brent Spot Price FOB (Dollars per Barrel),114.98,$/BBL
2011-09-23,ZEU,NA,EPCBRENT,UK Brent Crude Oil,PF4,Spot Price FOB,RBRTE,Europe Brent Spot Price FOB (Dollars per Barrel),111.98,$/BBL
2011-09-30,ZEU,NA,EPCBRENT,UK Brent Crude Oil,PF4,Spot Price FOB,RBRTE,Europe Brent Spot Price FOB (Dollars per Barrel),107.69,$/BBL
2011-10-07,ZEU,NA,EPCBRENT,UK Brent Crude Oil,PF4,Spot Price FOB,RBRTE,Europe Brent Spot Price FOB (Dollars per Barrel),104.03,$/BBL
2011-10-14,ZEU,NA,EPCBRENT,UK Brent Crude Oil,PF4,Spot Price FOB,RBRTE,Europe Brent Spot Price FOB (Dollars per Barrel),111.59,$/BBL
2011-10-21,ZEU,NA,EPCBRENT,UK Brent Crude Oil,PF4,Spot Price FOB,RBRTE,Europe Brent Spot Price FOB (Dollars per Barrel),111.47,$/BBL
2011-10-28,ZEU,NA,EPCBRENT,UK Brent Crude Oil,PF4,Spot Price FOB,RBRTE,Europe Brent Spot Price FOB (Dollars per Barrel),111.33,$/BBL
2011-11-04,ZEU,NA,EPCBRENT,UK Brent Crude Oil,PF4,Spot Price FOB,RBRTE,Europe Brent Spot Price FOB (Dollars per Barrel),109.84,$/BBL
2011-11-11,ZEU,NA,EPCBRENT,UK Brent Crude Oil,PF4,Spot Price FOB,RBRTE,Europe Brent Spot Price FOB (Dollars per Barrel),114.68,$/BBL
2011-11-18,ZEU,NA,EPCBRENT,UK Brent Crude Oil,PF4,Spot Price FOB,RBRTE,Europe Brent Spot Price FOB (Dollars per Barrel),110.69,$/BBL
2011-11-25,ZEU,NA,EPCBRENT,UK Brent Crude Oil,PF4,Spot Price FOB,RBRTE,Europe Brent Spot Price FOB (Dollars per Barrel),106.67,$/BBL
2011-12-02,ZEU,NA,EPCBRENT,UK Brent Crude Oil,PF4,Spot Price FOB,RBRTE,Europe Brent Spot Price FOB (Dollars per Barrel),110.05,$/BBL
2011-12-09,ZEU,NA,EPCBRENT,UK Brent Crude Oil,PF4,Spot Price FOB,RBRTE,Europe Brent Spot Price FOB (Dollars per Barrel),109.31,$/BBL
2011-12-16,ZEU,NA,EPCBRENT,UK Brent Crude Oil,PF4,Spot Price FOB,RBRTE,Europe Brent Spot Price FOB (Dollars per Barrel),106.26,$/BBL
2011-12-23,ZEU,NA,EPCBRENT,UK Brent Crude Oil,PF4,Spot Price FOB,RBRTE,Europe Brent Spot Price FOB (Dollars per Barrel),107.72,$/BBL
2011-12-30,ZEU,NA,EPCBRENT,UK Brent Crude Oil,PF4,Spot Price FOB,RBRTE,Europe Brent Spot Price FOB (Dollars per Barrel),107.51,$/BBL
2012-01-06,ZEU,NA,EPCBRENT,UK Brent Crude Oil,PF4,Spot Price FOB,RBRTE,Europe Brent Spot Price FOB (Dollars per Barrel),112.51,$/BBL
2012-01-13,ZEU,NA,EPCBRENT,UK Brent Crude Oil,PF4,Spot Price FOB,RBRTE,Europe Brent Spot Price FOB (Dollars per Barrel),111.78,$/BBL
2012-01-20,ZEU,NA,EPCBRENT,UK Brent Crude Oil,PF4,Spot Price FOB,RBRTE,Europe Brent Spot Price FOB (Dollars per Barrel),109.6,$/BBL
2012-01-27,ZEU,NA,EPCBRENT,UK Brent Crude Oil,PF4,Spot Price FOB,RBRTE,Europe Brent Spot Price FOB (Dollars per Barrel),109.18,$/BBL
2012-02-03,ZEU,NA,EPCBRENT,UK Brent Crude Oil,PF4,Spot Price FOB,RBRTE,Europe Brent Spot Price FOB (Dollars per Barrel),111.2,$/BBL
2012-02-10,ZEU,NA,EPCBRENT,UK Brent Crude Oil,PF4,Spot Price FOB,RBRTE,Europe Brent Spot Price FOB (Dollars per Barrel),117.21,$/BBL
2012-02-17,ZEU,NA,EPCBRENT,UK Brent Crude Oil,PF4,Spot Price FOB,RBRTE,Europe Brent Spot Price FOB (Dollars per Barrel),119.79,$/BBL
2012-02-24,ZEU,NA,EPCBRENT,UK Brent Crude Oil,PF4,Spot Price FOB,RBRTE,Europe Brent Spot Price FOB (Dollars per Barrel),123.34,$/BBL
2012-03-02,ZEU,NA,EPCBRENT,UK Brent Crude Oil,PF4,Spot Price FOB,RBRTE,Europe Brent Spot Price FOB (Dollars per Barrel),124.88,$/BBL
2012-03-09,ZEU,NA,EPCBRENT,UK Brent Crude Oil,PF4,Spot Price FOB,RBRTE,Europe Brent Spot Price FOB (Dollars per Barrel),126.62,$/BBL
2012-03-16,ZEU,NA,EPCBRENT,UK Brent Crude Oil,PF4,Spot Price FOB,RBRTE,Europe Brent Spot Price FOB (Dollars per Barrel),126.22,$/BBL
2012-03-23,ZEU,NA,EPCBRENT,UK Brent Crude Oil,PF4,Spot Price FOB,RBRTE,Europe Brent Spot Price FOB (Dollars per Barrel),124.35,$/BBL
2012-03-30,ZEU,NA,EPCBRENT,UK Brent Crude Oil,PF4,Spot Price FOB,RBRTE,Europe Brent Spot Price FOB (Dollars per Barrel),124.43,$/BBL
2012-04-06,ZEU,NA,EPCBRENT,UK Brent Crude Oil,PF4,Spot Price FOB,RBRTE,Europe Brent Spot Price FOB (Dollars per Barrel),124.18,$/BBL
2012-04-13,ZEU,NA,EPCBRENT,UK Brent Crude Oil,PF4,Spot Price FOB,RBRTE,Europe Brent Spot Price FOB (Dollars per Barrel),120.87,$/BBL
2012-04-20,ZEU,NA,EPCBRENT,UK Brent Crude Oil,PF4,Spot Price FOB,RBRTE,Europe Brent Spot Price FOB (Dollars per Barrel),117.18,$/BBL
2012-04-27,ZEU,NA,EPCBRENT,UK Brent Crude Oil,PF4,Spot Price FOB,RBRTE,Europe Brent Spot Price FOB (Dollars per Barrel),118.1,$/BBL
2012-05-04,ZEU,NA,EPCBRENT,UK Brent Crude Oil,PF4,Spot Price FOB,RBRTE,Europe Brent Spot Price FOB (Dollars per Barrel),116.67,$/BBL
2012-05-11,ZEU,NA,EPCBRENT,UK Brent Crude Oil,PF4,Spot Price FOB,RBRTE,Europe Brent Spot Price FOB (Dollars per Barrel),111.78,$/BBL
2012-05-18,ZEU,NA,EPCBRENT,UK Brent Crude Oil,PF4,Spot Price FOB,RBRTE,Europe Brent Spot Price FOB (Dollars per Barrel),109.87,$/BBL
2012-05-25,ZEU,NA,EPCBRENT,UK Brent Crude Oil,PF4,Spot Price FOB,RBRTE,Europe Brent Spot Price FOB (Dollars per Barrel),108.14,$/BBL
2012-06-01,ZEU,NA,EPCBRENT,UK Brent Crude Oil,PF4,Spot Price FOB,RBRTE,Europe Brent Spot Price FOB (Dollars per Barrel),103.47,$/BBL
2012-06-08,ZEU,NA,EPCBRENT,UK Brent Crude Oil,PF4,Spot Price FOB,RBRTE,Europe Brent Spot Price FOB (Dollars per Barrel),99.03,$/BBL
2012-06-15,ZEU,NA,EPCBRENT,UK Brent Crude Oil,PF4,Spot Price FOB,RBRTE,Europe Brent Spot Price FOB (Dollars per Barrel),97.21,$/BBL
2012-06-22,ZEU,NA,EPCBRENT,UK Brent Crude Oil,PF4,Spot Price FOB,RBRTE,Europe Brent Spot Price FOB (Dollars per Barrel),92.46,$/BBL
2012-06-29,ZEU,NA,EPCBRENT,UK Brent Crude Oil,PF4,Spot Price FOB,RBRTE,Europe Brent Spot Price FOB (Dollars per Barrel),91.23,$/BBL
2012-07-06,ZEU,NA,EPCBRENT,UK Brent Crude Oil,PF4,Spot Price FOB,RBRTE,Europe Brent Spot Price FOB (Dollars per Barrel),98.8,$/BBL
2012-07-13,ZEU,NA,EPCBRENT,UK Brent Crude Oil,PF4,Spot Price FOB,RBRTE,Europe Brent Spot Price FOB (Dollars per Barrel),99.88,$/BBL
2012-07-20,ZEU,NA,EPCBRENT,UK Brent Crude Oil,PF4,Spot Price FOB,RBRTE,Europe Brent Spot Price FOB (Dollars per Barrel),105.4,$/BBL
2012-07-27,ZEU,NA,EPCBRENT,UK Brent Crude Oil,PF4,Spot Price FOB,RBRTE,Europe Brent Spot Price FOB (Dollars per Barrel),104.18,$/BBL
2012-08-03,ZEU,NA,EPCBRENT,UK Brent Crude Oil,PF4,Spot Price FOB,RBRTE,Europe Brent Spot Price FOB (Dollars per Barrel),107.27,$/BBL
2012-08-10,ZEU,NA,EPCBRENT,UK Brent Crude Oil,PF4,Spot Price FOB,RBRTE,Europe Brent Spot Price FOB (Dollars per Barrel),112.49,$/BBL
2012-08-17,ZEU,NA,EPCBRENT,UK Brent Crude Oil,PF4,Spot Price FOB,RBRTE,Europe Brent Spot Price FOB (Dollars per Barrel),115.04,$/BBL
2012-08-24,ZEU,NA,EPCBRENT,UK Brent Crude Oil,PF4,Spot Price FOB,RBRTE,Europe Brent Spot Price FOB (Dollars per Barrel),116.1,$/BBL
2012-08-31,ZEU,NA,EPCBRENT,UK Brent Crude Oil,PF4,Spot Price FOB,RBRTE,Europe Brent Spot Price FOB (Dollars per Barrel),113.02,$/BBL
2012-09-07,ZEU,NA,EPCBRENT,UK Brent Crude Oil,PF4,Spot Price FOB,RBRTE,Europe Brent Spot Price FOB (Dollars per Barrel),114.11,$/BBL
2012-09-14,ZEU,NA,EPCBRENT,UK Brent Crude Oil,PF4,Spot Price FOB,RBRTE,Europe Brent Spot Price FOB (Dollars per Barrel),115.41,$/BBL
2012-09-21,ZEU,NA,EPCBRENT,UK Brent Crude Oil,PF4,Spot Price FOB,RBRTE,Europe Brent Spot Price FOB (Dollars per Barrel),111.83,$/BBL
2012-09-28,ZEU,NA,EPCBRENT,UK Brent Crude Oil,PF4,Spot Price FOB,RBRTE,Europe Brent Spot Price FOB (Dollars per Barrel),110.35,$/BBL
2012-10-05,ZEU,NA,EPCBRENT,UK Brent Crude Oil,PF4,Spot Price FOB,RBRTE,Europe Brent Spot Price FOB (Dollars per Barrel),111.41,$/BBL
2012-10-12,ZEU,NA,EPCBRENT,UK Brent Crude Oil,PF4,Spot Price FOB,RBRTE,Europe Brent Spot Price FOB (Dollars per Barrel),114.88,$/BBL
2012-10-19,ZEU,NA,EPCBRENT,UK Brent Crude Oil,PF4,Spot Price FOB,RBRTE,Europe Brent Spot Price FOB (Dollars per Barrel),113.59,$/BBL
2012-10-26,ZEU,NA,EPCBRENT,UK Brent Crude Oil,PF4,Spot Price FOB,RBRTE,Europe Brent Spot Price FOB (Dollars per Barrel),108.27,$/BBL
2012-11-02,ZEU,NA,EPCBRENT,UK Brent Crude Oil,PF4,Spot Price FOB,RBRTE,Europe Brent Spot Price FOB (Dollars per Barrel),108.85,$/BBL
2012-11-09,ZEU,NA,EPCBRENT,UK Brent Crude Oil,PF4,Spot Price FOB,RBRTE,Europe Brent Spot Price FOB (Dollars per Barrel),107.78,$/BBL
2012-11-16,ZEU,NA,EPCBRENT,UK Brent Crude Oil,PF4,Spot Price FOB,RBRTE,Europe Brent Spot Price FOB (Dollars per Barrel),109.12,$/BBL
2012-11-23,ZEU,NA,EPCBRENT,UK Brent Crude Oil,PF4,Spot Price FOB,RBRTE,Europe Brent Spot Price FOB (Dollars per Barrel),110.26,$/BBL
2012-11-30,ZEU,NA,EPCBRENT,UK Brent Crude Oil,PF4,Spot Price FOB,RBRTE,Europe Brent Spot Price FOB (Dollars per Barrel),109.82,$/BBL
2012-12-07,ZEU,NA,EPCBRENT,UK Brent Crude Oil,PF4,Spot Price FOB,RBRTE,Europe Brent Spot Price FOB (Dollars per Barrel),109.08,$/BBL
2012-12-14,ZEU,NA,EPCBRENT,UK Brent Crude Oil,PF4,Spot Price FOB,RBRTE,Europe Brent Spot Price FOB (Dollars per Barrel),109.1,$/BBL
2012-12-21,ZEU,NA,EPCBRENT,UK Brent Crude Oil,PF4,Spot Price FOB,RBRTE,Europe Brent Spot Price FOB (Dollars per Barrel),109.79,$/BBL
2012-12-28,ZEU,NA,EPCBRENT,UK Brent Crude Oil,PF4,Spot Price FOB,RBRTE,Europe Brent Spot Price FOB (Dollars per Barrel),109.81,$/BBL
2013-01-04,ZEU,NA,EPCBRENT,UK Brent Crude Oil,PF4,Spot Price FOB,RBRTE,Europe Brent Spot Price FOB (Dollars per Barrel),112.35,$/BBL
2013-01-11,ZEU,NA,EPCBRENT,UK Brent Crude Oil,PF4,Spot Price FOB,RBRTE,Europe Brent Spot Price FOB (Dollars per Barrel),112.37,$/BBL
2013-01-18,ZEU,NA,EPCBRENT,UK Brent Crude Oil,PF4,Spot Price FOB,RBRTE,Europe Brent Spot Price FOB (Dollars per Barrel),111.35,$/BBL
2013-01-25,ZEU,NA,EPCBRENT,UK Brent Crude Oil,PF4,Spot Price FOB,RBRTE,Europe Brent Spot Price FOB (Dollars per Barrel),113.72,$/BBL
2013-02-01,ZEU,NA,EPCBRENT,UK Brent Crude Oil,PF4,Spot Price FOB,RBRTE,Europe Brent Spot Price FOB (Dollars per Barrel),115.13,$/BBL
2013-02-08,ZEU,NA,EPCBRENT,UK Brent Crude Oil,PF4,Spot Price FOB,RBRTE,Europe Brent Spot Price FOB (Dollars per Barrel),117.15,$/BBL
2013-02-15,ZEU,NA,EPCBRENT,UK Brent Crude Oil,PF4,Spot Price FOB,RBRTE,Europe Brent Spot Price FOB (Dollars per Barrel),118.1,$/BBL
2013-02-22,ZEU,NA,EPCBRENT,UK Brent Crude Oil,PF4,Spot Price FOB,RBRTE,Europe Brent Spot Price FOB (Dollars per Barrel),115.3,$/BBL
2013-03-01,ZEU,NA,EPCBRENT,UK Brent Crude Oil,PF4,Spot Price FOB,RBRTE,Europe Brent Spot Price FOB (Dollars per Barrel),112.42,$/BBL
2013-03-08,ZEU,NA,EPCBRENT,UK Brent Crude Oil,PF4,Spot Price FOB,RBRTE,Europe Brent Spot Price FOB (Dollars per Barrel),109.98,$/BBL
2013-03-15,ZEU,NA,EPCBRENT,UK Brent Crude Oil,PF4,Spot Price FOB,RBRTE,Europe Brent Spot Price FOB (Dollars per Barrel),108.41,$/BBL
2013-03-22,ZEU,NA,EPCBRENT,UK Brent Crude Oil,PF4,Spot Price FOB,RBRTE,Europe Brent Spot Price FOB (Dollars per Barrel),107.33,$/BBL
2013-03-29,ZEU,NA,EPCBRENT,UK Brent Crude Oil,PF4,Spot Price FOB,RBRTE,Europe Brent Spot Price FOB (Dollars per Barrel),107.68,$/BBL
2013-04-05,ZEU,NA,EPCBRENT,UK Brent Crude Oil,PF4,Spot Price FOB,RBRTE,Europe Brent Spot Price FOB (Dollars per Barrel),107.06,$/BBL
2013-04-12,ZEU,NA,EPCBRENT,UK Brent Crude Oil,PF4,Spot Price FOB,RBRTE,Europe Brent Spot Price FOB (Dollars per Barrel),103.25,$/BBL
2013-04-19,ZEU,NA,EPCBRENT,UK Brent Crude Oil,PF4,Spot Price FOB,RBRTE,Europe Brent Spot Price FOB (Dollars per Barrel),98.09,$/BBL
2013-04-26,ZEU,NA,EPCBRENT,UK Brent Crude Oil,PF4,Spot Price FOB,RBRTE,Europe Brent Spot Price FOB (Dollars per Barrel),100.61,$/BBL
2013-05-03,ZEU,NA,EPCBRENT,UK Brent Crude Oil,PF4,Spot Price FOB,RBRTE,Europe Brent Spot Price FOB (Dollars per Barrel),101.53,$/BBL
2013-05-10,ZEU,NA,EPCBRENT,UK Brent Crude Oil,PF4,Spot Price FOB,RBRTE,Europe Brent Spot Price FOB (Dollars per Barrel),103.77,$/BBL
2013-05-17,ZEU,NA,EPCBRENT,UK Brent Crude Oil,PF4,Spot Price FOB,RBRTE,Europe Brent Spot Price FOB (Dollars per Barrel),102.91,$/BBL
2013-05-24,ZEU,NA,EPCBRENT,UK Brent Crude Oil,PF4,Spot Price FOB,RBRTE,Europe Brent Spot Price FOB (Dollars per Barrel),102.3,$/BBL
2013-05-31,ZEU,NA,EPCBRENT,UK Brent Crude Oil,PF4,Spot Price FOB,RBRTE,Europe Brent Spot Price FOB (Dollars per Barrel),102.03,$/BBL
2013-06-07,ZEU,NA,EPCBRENT,UK Brent Crude Oil,PF4,Spot Price FOB,RBRTE,Europe Brent Spot Price FOB (Dollars per Barrel),102.92,$/BBL
2013-06-14,ZEU,NA,EPCBRENT,UK Brent Crude Oil,PF4,Spot Price FOB,RBRTE,Europe Brent Spot Price FOB (Dollars per Barrel),103.39,$/BBL
2013-06-21,ZEU,NA,EPCBRENT,UK Brent Crude Oil,PF4,Spot Price FOB,RBRTE,Europe Brent Spot Price FOB (Dollars per Barrel),103.93,$/BBL
2013-06-28,ZEU,NA,EPCBRENT,UK Brent Crude Oil,PF4,Spot Price FOB,RBRTE,Europe Brent Spot Price FOB (Dollars per Barrel),101.43,$/BBL
2013-07-05,ZEU,NA,EPCBRENT,UK Brent Crude Oil,PF4,Spot Price FOB,RBRTE,Europe Brent Spot Price FOB (Dollars per Barrel),105.18,$/BBL
2013-07-12,ZEU,NA,EPCBRENT,UK Brent Crude Oil,PF4,Spot Price FOB,RBRTE,Europe Brent Spot Price FOB (Dollars per Barrel),108.26,$/BBL
2013-07-19,ZEU,NA,EPCBRENT,UK Brent Crude Oil,PF4,Spot Price FOB,RBRTE,Europe Brent Spot Price FOB (Dollars per Barrel),109.41,$/BBL
2013-07-26,ZEU,NA,EPCBRENT,UK Brent Crude Oil,PF4,Spot Price FOB,RBRTE,Europe Brent Spot Price FOB (Dollars per Barrel),108.4,$/BBL
2013-08-02,ZEU,NA,EPCBRENT,UK Brent Crude Oil,PF4,Spot Price FOB,RBRTE,Europe Brent Spot Price FOB (Dollars per Barrel),108.61,$/BBL
2013-08-09,ZEU,NA,EPCBRENT,UK Brent Crude Oil,PF4,Spot Price FOB,RBRTE,Europe Brent Spot Price FOB (Dollars per Barrel),108.56,$/BBL
2013-08-16,ZEU,NA,EPCBRENT,UK Brent Crude Oil,PF4,Spot Price FOB,RBRTE,Europe Brent Spot Price FOB (Dollars per Barrel),110.73,$/BBL
2013-08-23,ZEU,NA,EPCBRENT,UK Brent Crude Oil,PF4,Spot Price FOB,RBRTE,Europe Brent Spot Price FOB (Dollars per Barrel),111.12,$/BBL
2013-08-30,ZEU,NA,EPCBRENT,UK Brent Crude Oil,PF4,Spot Price FOB,RBRTE,Europe Brent Spot Price FOB (Dollars per Barrel),115.32,$/BBL
2013-09-06,ZEU,NA,EPCBRENT,UK Brent Crude Oil,PF4,Spot Price FOB,RBRTE,Europe Brent Spot Price FOB (Dollars per Barrel),116.03,$/BBL
2013-09-13,ZEU,NA,EPCBRENT,UK Brent Crude Oil,PF4,Spot Price FOB,RBRTE,Europe Brent Spot Price FOB (Dollars per Barrel),113.22,$/BBL
2013-09-20,ZEU,NA,EPCBRENT,UK Brent Crude Oil,PF4,Spot Price FOB,RBRTE,Europe Brent Spot Price FOB (Dollars per Barrel),109.98,$/BBL
2013-09-27,ZEU,NA,EPCBRENT,UK Brent Crude Oil,PF4,Spot Price FOB,RBRTE,Europe Brent Spot Price FOB (Dollars per Barrel),108.8,$/BBL
2013-10-04,ZEU,NA,EPCBRENT,UK Brent Crude Oil,PF4,Spot Price FOB,RBRTE,Europe Brent Spot Price FOB (Dollars per Barrel),108.63,$/BBL
2013-10-11,ZEU,NA,EPCBRENT,UK Brent Crude Oil,PF4,Spot Price FOB,RBRTE,Europe Brent Spot Price FOB (Dollars per Barrel),110.3,$/BBL
2013-10-18,ZEU,NA,EPCBRENT,UK Brent Crude Oil,PF4,Spot Price FOB,RBRTE,Europe Brent Spot Price FOB (Dollars per Barrel),110.11,$/BBL
2013-10-25,ZEU,NA,EPCBRENT,UK Brent Crude Oil,PF4,Spot Price FOB,RBRTE,Europe Brent Spot Price FOB (Dollars per Barrel),107.82,$/BBL
2013-11-01,ZEU,NA,EPCBRENT,UK Brent Crude Oil,PF4,Spot Price FOB,RBRTE,Europe Brent Spot Price FOB (Dollars per Barrel),107.61,$/BBL
2013-11-08,ZEU,NA,EPCBRENT,UK Brent Crude Oil,PF4,Spot Price FOB,RBRTE,Europe Brent Spot Price FOB (Dollars per Barrel),104.54,$/BBL
2013-11-15,ZEU,NA,EPCBRENT,UK Brent Crude Oil,PF4,Spot Price FOB,RBRTE,Europe Brent Spot Price FOB (Dollars per Barrel),107.1,$/BBL
2013-11-22,ZEU,NA,EPCBRENT,UK Brent Crude Oil,PF4,Spot Price FOB,RBRTE,Europe Brent Spot Price FOB (Dollars per Barrel),109.32,$/BBL
2013-11-29,ZEU,NA,EPCBRENT,UK Brent Crude Oil,PF4,Spot Price FOB,RBRTE,Europe Brent Spot Price FOB (Dollars per Barrel),111.32,$/BBL
2013-12-06,ZEU,NA,EPCBRENT,UK Brent Crude Oil,PF4,Spot Price FOB,RBRTE,Europe Brent Spot Price FOB (Dollars per Barrel),112.28,$/BBL
2013-12-13,ZEU,NA,EPCBRENT,UK Brent Crude Oil,PF4,Spot Price FOB,RBRTE,Europe Brent Spot Price FOB (Dollars per Barrel),109.1,$/BBL
2013-12-20,ZEU,NA,EPCBRENT,UK Brent Crude Oil,PF4,Spot Price FOB,RBRTE,Europe Brent Spot Price FOB (Dollars per Barrel),110.34,$/BBL
2013-12-27,ZEU,NA,EPCBRENT,UK Brent Crude Oil,PF4,Spot Price FOB,RBRTE,Europe Brent Spot Price FOB (Dollars per Barrel),111.72,$/BBL
2014-01-03,ZEU,NA,EPCBRENT,UK Brent Crude Oil,PF4,Spot Price FOB,RBRTE,Europe Brent Spot Price FOB (Dollars per Barrel),108.73,$/BBL
2014-01-10,ZEU,NA,EPCBRENT,UK Brent Crude Oil,PF4,Spot Price FOB,RBRTE,Europe Brent Spot Price FOB (Dollars per Barrel),107.01,$/BBL
2014-01-17,ZEU,NA,EPCBRENT,UK Brent Crude Oil,PF4,Spot Price FOB,RBRTE,Europe Brent Spot Price FOB (Dollars per Barrel),107.83,$/BBL
2014-01-24,ZEU,NA,EPCBRENT,UK Brent Crude Oil,PF4,Spot Price FOB,RBRTE,Europe Brent Spot Price FOB (Dollars per Barrel),109.14,$/BBL
2014-01-31,ZEU,NA,EPCBRENT,UK Brent Crude Oil,PF4,Spot Price FOB,RBRTE,Europe Brent Spot Price FOB (Dollars per Barrel),108.83,$/BBL
2014-02-07,ZEU,NA,EPCBRENT,UK Brent Crude Oil,PF4,Spot Price FOB,RBRTE,Europe Brent Spot Price FOB (Dollars per Barrel),107.73,$/BBL
2014-02-14,ZEU,NA,EPCBRENT,UK Brent Crude Oil,PF4,Spot Price FOB,RBRTE,Europe Brent Spot Price FOB (Dollars per Barrel),109.12,$/BBL
2014-02-21,ZEU,NA,EPCBRENT,UK Brent Crude Oil,PF4,Spot Price FOB,RBRTE,Europe Brent Spot Price FOB (Dollars per Barrel),109.74,$/BBL
2014-02-28,ZEU,NA,EPCBRENT,UK Brent Crude Oil,PF4,Spot Price FOB,RBRTE,Europe Brent Spot Price FOB (Dollars per Barrel),109.17,$/BBL
2014-03-07,ZEU,NA,EPCBRENT,UK Brent Crude Oil,PF4,Spot Price FOB,RBRTE,Europe Brent Spot Price FOB (Dollars per Barrel),109.14,$/BBL
2014-03-14,ZEU,NA,EPCBRENT,UK Brent Crude Oil,PF4,Spot Price FOB,RBRTE,Europe Brent Spot Price FOB (Dollars per Barrel),108.01,$/BBL
2014-03-21,ZEU,NA,EPCBRENT,UK Brent Crude Oil,PF4,Spot Price FOB,RBRTE,Europe Brent Spot Price FOB (Dollars per Barrel),106.53,$/BBL
2014-03-28,ZEU,NA,EPCBRENT,UK Brent Crude Oil,PF4,Spot Price FOB,RBRTE,Europe Brent Spot Price FOB (Dollars per Barrel),106.54,$/BBL
2014-04-04,ZEU,NA,EPCBRENT,UK Brent Crude Oil,PF4,Spot Price FOB,RBRTE,Europe Brent Spot Price FOB (Dollars per Barrel),105.26,$/BBL
2014-04-11,ZEU,NA,EPCBRENT,UK Brent Crude Oil,PF4,Spot Price FOB,RBRTE,Europe Brent Spot Price FOB (Dollars per Barrel),106.51,$/BBL
2014-04-18,ZEU,NA,EPCBRENT,UK Brent Crude Oil,PF4,Spot Price FOB,RBRTE,Europe Brent Spot Price FOB (Dollars per Barrel),109.07,$/BBL
2014-04-25,ZEU,NA,EPCBRENT,UK Brent Crude Oil,PF4,Spot Price FOB,RBRTE,Europe Brent Spot Price FOB (Dollars per Barrel),109.21,$/BBL
2014-05-02,ZEU,NA,EPCBRENT,UK Brent Crude Oil,PF4,Spot Price FOB,RBRTE,Europe Brent Spot Price FOB (Dollars per Barrel),109.15,$/BBL
2014-05-09,ZEU,NA,EPCBRENT,UK Brent Crude Oil,PF4,Spot Price FOB,RBRTE,Europe Brent Spot Price FOB (Dollars per Barrel),108.48,$/BBL
2014-05-16,ZEU,NA,EPCBRENT,UK Brent Crude Oil,PF4,Spot Price FOB,RBRTE,Europe Brent Spot Price FOB (Dollars per Barrel),109.53,$/BBL
2014-05-23,ZEU,NA,EPCBRENT,UK Brent Crude Oil,PF4,Spot Price FOB,RBRTE,Europe Brent Spot Price FOB (Dollars per Barrel),110.72,$/BBL
2014-05-30,ZEU,NA,EPCBRENT,UK Brent Crude Oil,PF4,Spot Price FOB,RBRTE,Europe Brent Spot Price FOB (Dollars per Barrel),109.62,$/BBL
2014-06-06,ZEU,NA,EPCBRENT,UK Brent Crude Oil,PF4,Spot Price FOB,RBRTE,Europe Brent Spot Price FOB (Dollars per Barrel),108.98,$/BBL
2014-06-13,ZEU,NA,EPCBRENT,UK Brent Crude Oil,PF4,Spot Price FOB,RBRTE,Europe Brent Spot Price FOB (Dollars per Barrel),110.98,$/BBL
2014-06-20,ZEU,NA,EPCBRENT,UK Brent Crude Oil,PF4,Spot Price FOB,RBRTE,Europe Brent Spot Price FOB (Dollars per Barrel),114.29,$/BBL
2014-06-27,ZEU,NA,EPCBRENT,UK Brent Crude Oil,PF4,Spot Price FOB,RBRTE,Europe Brent Spot Price FOB (Dollars per Barrel),113.09,$/BBL
2014-07-04,ZEU,NA,EPCBRENT,UK Brent Crude Oil,PF4,Spot Price FOB,RBRTE,Europe Brent Spot Price FOB (Dollars per Barrel),110.26,$/BBL
2014-07-11,ZEU,NA,EPCBRENT,UK Brent Crude Oil,PF4,Spot Price FOB,RBRTE,Europe Brent Spot Price FOB (Dollars per Barrel),107.03,$/BBL
2014-07-18,ZEU,NA,EPCBRENT,UK Brent Crude Oil,PF4,Spot Price FOB,RBRTE,Europe Brent Spot Price FOB (Dollars per Barrel),105.39,$/BBL
2014-07-25,ZEU,NA,EPCBRENT,UK Brent Crude Oil,PF4,Spot Price FOB,RBRTE,Europe Brent Spot Price FOB (Dollars per Barrel),106.34,$/BBL
2014-08-01,ZEU,NA,EPCBRENT,UK Brent Crude Oil,PF4,Spot Price FOB,RBRTE,Europe Brent Spot Price FOB (Dollars per Barrel),105.71,$/BBL
2014-08-08,ZEU,NA,EPCBRENT,UK Brent Crude Oil,PF4,Spot Price FOB,RBRTE,Europe Brent Spot Price FOB (Dollars per Barrel),103.6,$/BBL
2014-08-15,ZEU,NA,EPCBRENT,UK Brent Crude Oil,PF4,Spot Price FOB,RBRTE,Europe Brent Spot Price FOB (Dollars per Barrel),101.94,$/BBL
2014-08-22,ZEU,NA,EPCBRENT,UK Brent Crude Oil,PF4,Spot Price FOB,RBRTE,Europe Brent Spot Price FOB (Dollars per Barrel),99.88,$/BBL
2014-08-29,ZEU,NA,EPCBRENT,UK Brent Crude Oil,PF4,Spot Price FOB,RBRTE,Europe Brent Spot Price FOB (Dollars per Barrel),100.64,$/BBL
2014-09-05,ZEU,NA,EPCBRENT,UK Brent Crude Oil,PF4,Spot Price FOB,RBRTE,Europe Brent Spot Price FOB (Dollars per Barrel),100.45,$/BBL
2014-09-12,ZEU,NA,EPCBRENT,UK Brent Crude Oil,PF4,Spot Price FOB,RBRTE,Europe Brent Spot Price FOB (Dollars per Barrel),97.32,$/BBL
2014-09-19,ZEU,NA,EPCBRENT,UK Brent Crude Oil,PF4,Spot Price FOB,RBRTE,Europe Brent Spot Price FOB (Dollars per Barrel),97.02,$/BBL
2014-09-26,ZEU,NA,EPCBRENT,UK Brent Crude Oil,PF4,Spot Price FOB,RBRTE,Europe Brent Spot Price FOB (Dollars per Barrel),95.01,$/BBL
2014-10-03,ZEU,NA,EPCBRENT,UK Brent Crude Oil,PF4,Spot Price FOB,RBRTE,Europe Brent Spot Price FOB (Dollars per Barrel),93.41,$/BBL
2014-10-10,ZEU,NA,EPCBRENT,UK Brent Crude Oil,PF4,Spot Price FOB,RBRTE,Europe Brent Spot Price FOB (Dollars per Barrel),90.19,$/BBL
2014-10-17,ZEU,NA,EPCBRENT,UK Brent Crude Oil,PF4,Spot Price FOB,RBRTE,Europe Brent Spot Price FOB (Dollars per Barrel),85.5,$/BBL
2014-10-24,ZEU,NA,EPCBRENT,UK Brent Crude Oil,PF4,Spot Price FOB,RBRTE,Europe Brent Spot Price FOB (Dollars per Barrel),85.58,$/BBL
2014-10-31,ZEU,NA,EPCBRENT,UK Brent Crude Oil,PF4,Spot Price FOB,RBRTE,Europe Brent Spot Price FOB (Dollars per Barrel),85.56,$/BBL
2014-11-07,ZEU,NA,EPCBRENT,UK Brent Crude Oil,PF4,Spot Price FOB,RBRTE,Europe Brent Spot Price FOB (Dollars per Barrel),83.04,$/BBL
2014-11-14,ZEU,NA,EPCBRENT,UK Brent Crude Oil,PF4,Spot Price FOB,RBRTE,Europe Brent Spot Price FOB (Dollars per Barrel),79.9,$/BBL
2014-11-21,ZEU,NA,EPCBRENT,UK Brent Crude Oil,PF4,Spot Price FOB,RBRTE,Europe Brent Spot Price FOB (Dollars per Barrel),77.62,$/BBL
2014-11-28,ZEU,NA,EPCBRENT,UK Brent Crude Oil,PF4,Spot Price FOB,RBRTE,Europe Brent Spot Price FOB (Dollars per Barrel),76.63,$/BBL
2014-12-05,ZEU,NA,EPCBRENT,UK Brent Crude Oil,PF4,Spot Price FOB,RBRTE,Europe Brent Spot Price FOB (Dollars per Barrel),69.72,$/BBL
2014-12-12,ZEU,NA,EPCBRENT,UK Brent Crude Oil,PF4,Spot Price FOB,RBRTE,Europe Brent Spot Price FOB (Dollars per Barrel),64.08,$/BBL
2014-12-19,ZEU,NA,EPCBRENT,UK Brent Crude Oil,PF4,Spot Price FOB,RBRTE,Europe Brent Spot Price FOB (Dollars per Barrel),59.77,$/BBL
2014-12-26,ZEU,NA,EPCBRENT,UK Brent Crude Oil,PF4,Spot Price FOB,RBRTE,Europe Brent Spot Price FOB (Dollars per Barrel),58.69,$/BBL
2015-01-02,ZEU,NA,EPCBRENT,UK Brent Crude Oil,PF4,Spot Price FOB,RBRTE,Europe Brent Spot Price FOB (Dollars per Barrel),56.03,$/BBL
2015-01-09,ZEU,NA,EPCBRENT,UK Brent Crude Oil,PF4,Spot Price FOB,RBRTE,Europe Brent Spot Price FOB (Dollars per Barrel),49.47,$/BBL
2015-01-16,ZEU,NA,EPCBRENT,UK Brent Crude Oil,PF4,Spot Price FOB,RBRTE,Europe Brent Spot Price FOB (Dollars per Barrel),46.58,$/BBL
2015-01-23,ZEU,NA,EPCBRENT,UK Brent Crude Oil,PF4,Spot Price FOB,RBRTE,Europe Brent Spot Price FOB (Dollars per Barrel),46.44,$/BBL
2015-01-30,ZEU,NA,EPCBRENT,UK Brent Crude Oil,PF4,Spot Price FOB,RBRTE,Europe Brent Spot Price FOB (Dollars per Barrel),46.76,$/BBL
2015-02-06,ZEU,NA,EPCBRENT,UK Brent Crude Oil,PF4,Spot Price FOB,RBRTE,Europe Brent Spot Price FOB (Dollars per Barrel),54.62,$/BBL
2015-02-13,ZEU,NA,EPCBRENT,UK Brent Crude Oil,PF4,Spot Price FOB,RBRTE,Europe Brent Spot Price FOB (Dollars per Barrel),56.57,$/BBL
2015-02-20,ZEU,NA,EPCBRENT,UK Brent Crude Oil,PF4,Spot Price FOB,RBRTE,Europe Brent Spot Price FOB (Dollars per Barrel),60.57,$/BBL
2015-02-27,ZEU,NA,EPCBRENT,UK Brent Crude Oil,PF4,Spot Price FOB,RBRTE,Europe Brent Spot Price FOB (Dollars per Barrel),60.63,$/BBL
2015-03-06,ZEU,NA,EPCBRENT,UK Brent Crude Oil,PF4,Spot Price FOB,RBRTE,Europe Brent Spot Price FOB (Dollars per Barrel),60.12,$/BBL
2015-03-13,ZEU,NA,EPCBRENT,UK Brent Crude Oil,PF4,Spot Price FOB,RBRTE,Europe Brent Spot Price FOB (Dollars per Barrel),56.51,$/BBL
2015-03-20,ZEU,NA,EPCBRENT,UK Brent Crude Oil,PF4,Spot Price FOB,RBRTE,Europe Brent Spot Price FOB (Dollars per Barrel),52.72,$/BBL
2015-03-27,ZEU,NA,EPCBRENT,UK Brent Crude Oil,PF4,Spot Price FOB,RBRTE,Europe Brent Spot Price FOB (Dollars per Barrel),55.01,$/BBL
2015-04-03,ZEU,NA,EPCBRENT,UK Brent Crude Oil,PF4,Spot Price FOB,RBRTE,Europe Brent Spot Price FOB (Dollars per Barrel),54.79,$/BBL
2015-04-10,ZEU,NA,EPCBRENT,UK Brent Crude Oil,PF4,Spot Price FOB,RBRTE,Europe Brent Spot Price FOB (Dollars per Barrel),56.51,$/BBL
2015-04-17,ZEU,NA,EPCBRENT,UK Brent Crude Oil,PF4,Spot Price FOB,RBRTE,Europe Brent Spot Price FOB (Dollars per Barrel),59.12,$/BBL
2015-04-24,ZEU,NA,EPCBRENT,UK Brent Crude Oil,PF4,Spot Price FOB,RBRTE,Europe Brent Spot Price FOB (Dollars per Barrel),61.41,$/BBL
2015-05-01,ZEU,NA,EPCBRENT,UK Brent Crude Oil,PF4,Spot Price FOB,RBRTE,Europe Brent Spot Price FOB (Dollars per Barrel),63.49,$/BBL
2015-05-08,ZEU,NA,EPCBRENT,UK Brent Crude Oil,PF4,Spot Price FOB,RBRTE,Europe Brent Spot Price FOB (Dollars per Barrel),65.01,$/BBL
2015-05-15,ZEU,NA,EPCBRENT,UK Brent Crude Oil,PF4,Spot Price FOB,RBRTE,Europe Brent Spot Price FOB (Dollars per Barrel),64.9,$/BBL
2015-05-22,ZEU,NA,EPCBRENT,UK Brent Crude Oil,PF4,Spot Price FOB,RBRTE,Europe Brent Spot Price FOB (Dollars per Barrel),64.31,$/BBL
2015-05-29,ZEU,NA,EPCBRENT,UK Brent Crude Oil,PF4,Spot Price FOB,RBRTE,Europe Brent Spot Price FOB (Dollars per Barrel),61.57,$/BBL
2015-06-05,ZEU,NA,EPCBRENT,UK Brent Crude Oil,PF4,Spot Price FOB,RBRTE,Europe Brent Spot Price FOB (Dollars per Barrel),61.9,$/BBL
2015-06-12,ZEU,NA,EPCBRENT,UK Brent Crude Oil,PF4,Spot Price FOB,RBRTE,Europe Brent Spot Price FOB (Dollars per Barrel),63.24,$/BBL
2015-06-19,ZEU,NA,EPCBRENT,UK Brent Crude Oil,PF4,Spot Price FOB,RBRTE,Europe Brent Spot Price FOB (Dollars per Barrel),60.65,$/BBL
2015-06-26,ZEU,NA,EPCBRENT,UK Brent Crude Oil,PF4,Spot Price FOB,RBRTE,Europe Brent Spot Price FOB (Dollars per Barrel),60.84,$/BBL
2015-07-03,ZEU,NA,EPCBRENT,UK Brent Crude Oil,PF4,Spot Price FOB,RBRTE,Europe Brent Spot Price FOB (Dollars per Barrel),60.36,$/BBL
2015-07-10,ZEU,NA,EPCBRENT,UK Brent Crude Oil,PF4,Spot Price FOB,RBRTE,Europe Brent Spot Price FOB (Dollars per Barrel),56.63,$/BBL
2015-07-17,ZEU,NA,EPCBRENT,UK Brent Crude Oil,PF4,Spot Price FOB,RBRTE,Europe Brent Spot Price FOB (Dollars per Barrel),57.17,$/BBL
2015-07-24,ZEU,NA,EPCBRENT,UK Brent Crude Oil,PF4,Spot Price FOB,RBRTE,Europe Brent Spot Price FOB (Dollars per Barrel),55.75,$/BBL
2015-07-31,ZEU,NA,EPCBRENT,UK Brent Crude Oil,PF4,Spot Price FOB,RBRTE,Europe Brent Spot Price FOB (Dollars per Barrel),54.14,$/BBL
2015-08-07,ZEU,NA,EPCBRENT,UK Brent Crude Oil,PF4,Spot Price FOB,RBRTE,Europe Brent Spot Price FOB (Dollars per Barrel),48.59,$/BBL
2015-08-14,ZEU,NA,EPCBRENT,UK Brent Crude Oil,PF4,Spot Price FOB,RBRTE,Europe Brent Spot Price FOB (Dollars per Barrel),47.94,$/BBL
2015-08-21,ZEU,NA,EPCBRENT,UK Brent Crude Oil,PF4,Spot Price FOB,RBRTE,Europe Brent Spot Price FOB (Dollars per Barrel),46,$/BBL
2015-08-28,ZEU,NA,EPCBRENT,UK Brent Crude Oil,PF4,Spot Price FOB,RBRTE,Europe Brent Spot Price FOB (Dollars per Barrel),43.53,$/BBL
2015-09-04,ZEU,NA,EPCBRENT,UK Brent Crude Oil,PF4,Spot Price FOB,RBRTE,Europe Brent Spot Price FOB (Dollars per Barrel),48.87,$/BBL
2015-09-11,ZEU,NA,EPCBRENT,UK Brent Crude Oil,PF4,Spot Price FOB,RBRTE,Europe Brent Spot Price FOB (Dollars per Barrel),47.6,$/BBL
2015-09-18,ZEU,NA,EPCBRENT,UK Brent Crude Oil,PF4,Spot Price FOB,RBRTE,Europe Brent Spot Price FOB (Dollars per Barrel),47.34,$/BBL
2015-09-25,ZEU,NA,EPCBRENT,UK Brent Crude Oil,PF4,Spot Price FOB,RBRTE,Europe Brent Spot Price FOB (Dollars per Barrel),47.33,$/BBL
2015-10-02,ZEU,NA,EPCBRENT,UK Brent Crude Oil,PF4,Spot Price FOB,RBRTE,Europe Brent Spot Price FOB (Dollars per Barrel),46.99,$/BBL
2015-10-09,ZEU,NA,EPCBRENT,UK Brent Crude Oil,PF4,Spot Price FOB,RBRTE,Europe Brent Spot Price FOB (Dollars per Barrel),51.33,$/BBL
2015-10-16,ZEU,NA,EPCBRENT,UK Brent Crude Oil,PF4,Spot Price FOB,RBRTE,Europe Brent Spot Price FOB (Dollars per Barrel),48.99,$/BBL
2015-10-23,ZEU,NA,EPCBRENT,UK Brent Crude Oil,PF4,Spot Price FOB,RBRTE,Europe Brent Spot Price FOB (Dollars per Barrel),46.81,$/BBL
2015-10-30,ZEU,NA,EPCBRENT,UK Brent Crude Oil,PF4,Spot Price FOB,RBRTE,Europe Brent Spot Price FOB (Dollars per Barrel),47.15,$/BBL
2015-11-06,ZEU,NA,EPCBRENT,UK Brent Crude Oil,PF4,Spot Price FOB,RBRTE,Europe Brent Spot Price FOB (Dollars per Barrel),47.23,$/BBL
2015-11-13,ZEU,NA,EPCBRENT,UK Brent Crude Oil,PF4,Spot Price FOB,RBRTE,Europe Brent Spot Price FOB (Dollars per Barrel),44.75,$/BBL
2015-11-20,ZEU,NA,EPCBRENT,UK Brent Crude Oil,PF4,Spot Price FOB,RBRTE,Europe Brent Spot Price FOB (Dollars per Barrel),41.54,$/BBL
2015-11-27,ZEU,NA,EPCBRENT,UK Brent Crude Oil,PF4,Spot Price FOB,RBRTE,Europe Brent Spot Price FOB (Dollars per Barrel),43.65,$/BBL
2015-12-04,ZEU,NA,EPCBRENT,UK Brent Crude Oil,PF4,Spot Price FOB,RBRTE,Europe Brent Spot Price FOB (Dollars per Barrel),42.41,$/BBL
2015-12-11,ZEU,NA,EPCBRENT,UK Brent Crude Oil,PF4,Spot Price FOB,RBRTE,Europe Brent Spot Price FOB (Dollars per Barrel),38.76,$/BBL
2015-12-18,ZEU,NA,EPCBRENT,UK Brent Crude Oil,PF4,Spot Price FOB,RBRTE,Europe Brent Spot Price FOB (Dollars per Barrel),36.84,$/BBL
2015-12-25,ZEU,NA,EPCBRENT,UK Brent Crude Oil,PF4,Spot Price FOB,RBRTE,Europe Brent Spot Price FOB (Dollars per Barrel),35.9,$/BBL
2016-01-01,ZEU,NA,EPCBRENT,UK Brent Crude Oil,PF4,Spot Price FOB,RBRTE,Europe Brent Spot Price FOB (Dollars per Barrel),36.55,$/BBL
2016-01-08,ZEU,NA,EPCBRENT,UK Brent Crude Oil,PF4,Spot Price FOB,RBRTE,Europe Brent Spot Price FOB (Dollars per Barrel),34.19,$/BBL
2016-01-15,ZEU,NA,EPCBRENT,UK Brent Crude Oil,PF4,Spot Price FOB,RBRTE,Europe Brent Spot Price FOB (Dollars per Barrel),29.1,$/BBL
2016-01-22,ZEU,NA,EPCBRENT,UK Brent Crude Oil,PF4,Spot Price FOB,RBRTE,Europe Brent Spot Price FOB (Dollars per Barrel),27.76,$/BBL
2016-01-29,ZEU,NA,EPCBRENT,UK Brent Crude Oil,PF4,Spot Price FOB,RBRTE,Europe Brent Spot Price FOB (Dollars per Barrel),31.75,$/BBL
2016-02-05,ZEU,NA,EPCBRENT,UK Brent Crude Oil,PF4,Spot Price FOB,RBRTE,Europe Brent Spot Price FOB (Dollars per Barrel),32.18,$/BBL
2016-02-12,ZEU,NA,EPCBRENT,UK Brent Crude Oil,PF4,Spot Price FOB,RBRTE,Europe Brent Spot Price FOB (Dollars per Barrel),30.41,$/BBL
2016-02-19,ZEU,NA,EPCBRENT,UK Brent Crude Oil,PF4,Spot Price FOB,RBRTE,Europe Brent Spot Price FOB (Dollars per Barrel),32.29,$/BBL
2016-02-26,ZEU,NA,EPCBRENT,UK Brent Crude Oil,PF4,Spot Price FOB,RBRTE,Europe Brent Spot Price FOB (Dollars per Barrel),33.12,$/BBL
2016-03-04,ZEU,NA,EPCBRENT,UK Brent Crude Oil,PF4,Spot Price FOB,RBRTE,Europe Brent Spot Price FOB (Dollars per Barrel),36.28,$/BBL
2016-03-11,ZEU,NA,EPCBRENT,UK Brent Crude Oil,PF4,Spot Price FOB,RBRTE,Europe Brent Spot Price FOB (Dollars per Barrel),39.3,$/BBL
2016-03-18,ZEU,NA,EPCBRENT,UK Brent Crude Oil,PF4,Spot Price FOB,RBRTE,Europe Brent Spot Price FOB (Dollars per Barrel),38.5,$/BBL
2016-03-25,ZEU,NA,EPCBRENT,UK Brent Crude Oil,PF4,Spot Price FOB,RBRTE,Europe Brent Spot Price FOB (Dollars per Barrel),39.41,$/BBL
2016-04-01,ZEU,NA,EPCBRENT,UK Brent Crude Oil,PF4,Spot Price FOB,RBRTE,Europe Brent Spot Price FOB (Dollars per Barrel),37,$/BBL
2016-04-08,ZEU,NA,EPCBRENT,UK Brent Crude Oil,PF4,Spot Price FOB,RBRTE,Europe Brent Spot Price FOB (Dollars per Barrel),37.51,$/BBL
2016-04-15,ZEU,NA,EPCBRENT,UK Brent Crude Oil,PF4,Spot Price FOB,RBRTE,Europe Brent Spot Price FOB (Dollars per Barrel),42.35,$/BBL
2016-04-22,ZEU,NA,EPCBRENT,UK Brent Crude Oil,PF4,Spot Price FOB,RBRTE,Europe Brent Spot Price FOB (Dollars per Barrel),43.04,$/BBL
2016-04-29,ZEU,NA,EPCBRENT,UK Brent Crude Oil,PF4,Spot Price FOB,RBRTE,Europe Brent Spot Price FOB (Dollars per Barrel),44.46,$/BBL
2016-05-06,ZEU,NA,EPCBRENT,UK Brent Crude Oil,PF4,Spot Price FOB,RBRTE,Europe Brent Spot Price FOB (Dollars per Barrel),44.2,$/BBL
2016-05-13,ZEU,NA,EPCBRENT,UK Brent Crude Oil,PF4,Spot Price FOB,RBRTE,Europe Brent Spot Price FOB (Dollars per Barrel),45.2,$/BBL
2016-05-20,ZEU,NA,EPCBRENT,UK Brent Crude Oil,PF4,Spot Price FOB,RBRTE,Europe Brent Spot Price FOB (Dollars per Barrel),48.34,$/BBL
2016-05-27,ZEU,NA,EPCBRENT,UK Brent Crude Oil,PF4,Spot Price FOB,RBRTE,Europe Brent Spot Price FOB (Dollars per Barrel),48.73,$/BBL
2016-06-03,ZEU,NA,EPCBRENT,UK Brent Crude Oil,PF4,Spot Price FOB,RBRTE,Europe Brent Spot Price FOB (Dollars per Barrel),48.91,$/BBL
2016-06-10,ZEU,NA,EPCBRENT,UK Brent Crude Oil,PF4,Spot Price FOB,RBRTE,Europe Brent Spot Price FOB (Dollars per Barrel),49.94,$/BBL
2016-06-17,ZEU,NA,EPCBRENT,UK Brent Crude Oil,PF4,Spot Price FOB,RBRTE,Europe Brent Spot Price FOB (Dollars per Barrel),47.39,$/BBL
2016-06-24,ZEU,NA,EPCBRENT,UK Brent Crude Oil,PF4,Spot Price FOB,RBRTE,Europe Brent Spot Price FOB (Dollars per Barrel),48.12,$/BBL
2016-07-01,ZEU,NA,EPCBRENT,UK Brent Crude Oil,PF4,Spot Price FOB,RBRTE,Europe Brent Spot Price FOB (Dollars per Barrel),47.09,$/BBL
2016-07-08,ZEU,NA,EPCBRENT,UK Brent Crude Oil,PF4,Spot Price FOB,RBRTE,Europe Brent Spot Price FOB (Dollars per Barrel),45.96,$/BBL
2016-07-15,ZEU,NA,EPCBRENT,UK Brent Crude Oil,PF4,Spot Price FOB,RBRTE,Europe Brent Spot Price FOB (Dollars per Barrel),45.54,$/BBL
2016-07-22,ZEU,NA,EPCBRENT,UK Brent Crude Oil,PF4,Spot Price FOB,RBRTE,Europe Brent Spot Price FOB (Dollars per Barrel),45.22,$/BBL
2016-07-29,ZEU,NA,EPCBRENT,UK Brent Crude Oil,PF4,Spot Price FOB,RBRTE,Europe Brent Spot Price FOB (Dollars per Barrel),42.55,$/BBL
2016-08-05,ZEU,NA,EPCBRENT,UK Brent Crude Oil,PF4,Spot Price FOB,RBRTE,Europe Brent Spot Price FOB (Dollars per Barrel),40.88,$/BBL
2016-08-12,ZEU,NA,EPCBRENT,UK Brent Crude Oil,PF4,Spot Price FOB,RBRTE,Europe Brent Spot Price FOB (Dollars per Barrel),43.63,$/BBL
2016-08-19,ZEU,NA,EPCBRENT,UK Brent Crude Oil,PF4,Spot Price FOB,RBRTE,Europe Brent Spot Price FOB (Dollars per Barrel),48.6,$/BBL
2016-08-26,ZEU,NA,EPCBRENT,UK Brent Crude Oil,PF4,Spot Price FOB,RBRTE,Europe Brent Spot Price FOB (Dollars per Barrel),48.65,$/BBL
2016-09-02,ZEU,NA,EPCBRENT,UK Brent Crude Oil,PF4,Spot Price FOB,RBRTE,Europe Brent Spot Price FOB (Dollars per Barrel),47.31,$/BBL
2016-09-09,ZEU,NA,EPCBRENT,UK Brent Crude Oil,PF4,Spot Price FOB,RBRTE,Europe Brent Spot Price FOB (Dollars per Barrel),47.51,$/BBL
2016-09-16,ZEU,NA,EPCBRENT,UK Brent Crude Oil,PF4,Spot Price FOB,RBRTE,Europe Brent Spot Price FOB (Dollars per Barrel),46.21,$/BBL
2016-09-23,ZEU,NA,EPCBRENT,UK Brent Crude Oil,PF4,Spot Price FOB,RBRTE,Europe Brent Spot Price FOB (Dollars per Barrel),46.24,$/BBL
2016-09-30,ZEU,NA,EPCBRENT,UK Brent Crude Oil,PF4,Spot Price FOB,RBRTE,Europe Brent Spot Price FOB (Dollars per Barrel),46.74,$/BBL
2016-10-07,ZEU,NA,EPCBRENT,UK Brent Crude Oil,PF4,Spot Price FOB,RBRTE,Europe Brent Spot Price FOB (Dollars per Barrel),49.52,$/BBL
2016-10-14,ZEU,NA,EPCBRENT,UK Brent Crude Oil,PF4,Spot Price FOB,RBRTE,Europe Brent Spot Price FOB (Dollars per Barrel),49.94,$/BBL
2016-10-21,ZEU,NA,EPCBRENT,UK Brent Crude Oil,PF4,Spot Price FOB,RBRTE,Europe Brent Spot Price FOB (Dollars per Barrel),50.33,$/BBL
2016-10-28,ZEU,NA,EPCBRENT,UK Brent Crude Oil,PF4,Spot Price FOB,RBRTE,Europe Brent Spot Price FOB (Dollars per Barrel),48.95,$/BBL
2016-11-04,ZEU,NA,EPCBRENT,UK Brent Crude Oil,PF4,Spot Price FOB,RBRTE,Europe Brent Spot Price FOB (Dollars per Barrel),44.63,$/BBL
2016-11-11,ZEU,NA,EPCBRENT,UK Brent Crude Oil,PF4,Spot Price FOB,RBRTE,Europe Brent Spot Price FOB (Dollars per Barrel),43.09,$/BBL
2016-11-18,ZEU,NA,EPCBRENT,UK Brent Crude Oil,PF4,Spot Price FOB,RBRTE,Europe Brent Spot Price FOB (Dollars per Barrel),44.01,$/BBL
2016-11-25,ZEU,NA,EPCBRENT,UK Brent Crude Oil,PF4,Spot Price FOB,RBRTE,Europe Brent Spot Price FOB (Dollars per Barrel),46.49,$/BBL
2016-12-02,ZEU,NA,EPCBRENT,UK Brent Crude Oil,PF4,Spot Price FOB,RBRTE,Europe Brent Spot Price FOB (Dollars per Barrel),48.78,$/BBL
2016-12-09,ZEU,NA,EPCBRENT,UK Brent Crude Oil,PF4,Spot Price FOB,RBRTE,Europe Brent Spot Price FOB (Dollars per Barrel),52.26,$/BBL
2016-12-16,ZEU,NA,EPCBRENT,UK Brent Crude Oil,PF4,Spot Price FOB,RBRTE,Europe Brent Spot Price FOB (Dollars per Barrel),53.26,$/BBL
2016-12-23,ZEU,NA,EPCBRENT,UK Brent Crude Oil,PF4,Spot Price FOB,RBRTE,Europe Brent Spot Price FOB (Dollars per Barrel),53.81,$/BBL
2016-12-30,ZEU,NA,EPCBRENT,UK Brent Crude Oil,PF4,Spot Price FOB,RBRTE,Europe Brent Spot Price FOB (Dollars per Barrel),54.96,$/BBL
2017-01-06,ZEU,NA,EPCBRENT,UK Brent Crude Oil,PF4,Spot Price FOB,RBRTE,Europe Brent Spot Price FOB (Dollars per Barrel),55.13,$/BBL
2017-01-13,ZEU,NA,EPCBRENT,UK Brent Crude Oil,PF4,Spot Price FOB,RBRTE,Europe Brent Spot Price FOB (Dollars per Barrel),54.02,$/BBL
2017-01-20,ZEU,NA,EPCBRENT,UK Brent Crude Oil,PF4,Spot Price FOB,RBRTE,Europe Brent Spot Price FOB (Dollars per Barrel),54.19,$/BBL
2017-01-27,ZEU,NA,EPCBRENT,UK Brent Crude Oil,PF4,Spot Price FOB,RBRTE,Europe Brent Spot Price FOB (Dollars per Barrel),54.91,$/BBL
2017-02-03,ZEU,NA,EPCBRENT,UK Brent Crude Oil,PF4,Spot Price FOB,RBRTE,Europe Brent Spot Price FOB (Dollars per Barrel),55.53,$/BBL
2017-02-10,ZEU,NA,EPCBRENT,UK Brent Crude Oil,PF4,Spot Price FOB,RBRTE,Europe Brent Spot Price FOB (Dollars per Barrel),54.48,$/BBL
2017-02-17,ZEU,NA,EPCBRENT,UK Brent Crude Oil,PF4,Spot Price FOB,RBRTE,Europe Brent Spot Price FOB (Dollars per Barrel),54.46,$/BBL
2017-02-24,ZEU,NA,EPCBRENT,UK Brent Crude Oil,PF4,Spot Price FOB,RBRTE,Europe Brent Spot Price FOB (Dollars per Barrel),55.4,$/BBL
2017-03-03,ZEU,NA,EPCBRENT,UK Brent Crude Oil,PF4,Spot Price FOB,RBRTE,Europe Brent Spot Price FOB (Dollars per Barrel),54.4,$/BBL
2017-03-10,ZEU,NA,EPCBRENT,UK Brent Crude Oil,PF4,Spot Price FOB,RBRTE,Europe Brent Spot Price FOB (Dollars per Barrel),52.78,$/BBL
2017-03-17,ZEU,NA,EPCBRENT,UK Brent Crude Oil,PF4,Spot Price FOB,RBRTE,Europe Brent Spot Price FOB (Dollars per Barrel),50.29,$/BBL
2017-03-24,ZEU,NA,EPCBRENT,UK Brent Crude Oil,PF4,Spot Price FOB,RBRTE,Europe Brent Spot Price FOB (Dollars per Barrel),50.1,$/BBL
2017-03-31,ZEU,NA,EPCBRENT,UK Brent Crude Oil,PF4,Spot Price FOB,RBRTE,Europe Brent Spot Price FOB (Dollars per Barrel),51.33,$/BBL
2017-04-07,ZEU,NA,EPCBRENT,UK Brent Crude Oil,PF4,Spot Price FOB,RBRTE,Europe Brent Spot Price FOB (Dollars per Barrel),53.28,$/BBL
2017-04-14,ZEU,NA,EPCBRENT,UK Brent Crude Oil,PF4,Spot Price FOB,RBRTE,Europe Brent Spot Price FOB (Dollars per Barrel),54.83,$/BBL
2017-04-21,ZEU,NA,EPCBRENT,UK Brent Crude Oil,PF4,Spot Price FOB,RBRTE,Europe Brent Spot Price FOB (Dollars per Barrel),52.08,$/BBL
2017-04-28,ZEU,NA,EPCBRENT,UK Brent Crude Oil,PF4,Spot Price FOB,RBRTE,Europe Brent Spot Price FOB (Dollars per Barrel),49.55,$/BBL
2017-05-05,ZEU,NA,EPCBRENT,UK Brent Crude Oil,PF4,Spot Price FOB,RBRTE,Europe Brent Spot Price FOB (Dollars per Barrel),48.7,$/BBL
2017-05-12,ZEU,NA,EPCBRENT,UK Brent Crude Oil,PF4,Spot Price FOB,RBRTE,Europe Brent Spot Price FOB (Dollars per Barrel),48,$/BBL
2017-05-19,ZEU,NA,EPCBRENT,UK Brent Crude Oil,PF4,Spot Price FOB,RBRTE,Europe Brent Spot Price FOB (Dollars per Barrel),51.75,$/BBL
2017-05-26,ZEU,NA,EPCBRENT,UK Brent Crude Oil,PF4,Spot Price FOB,RBRTE,Europe Brent Spot Price FOB (Dollars per Barrel),52.58,$/BBL
2017-06-02,ZEU,NA,EPCBRENT,UK Brent Crude Oil,PF4,Spot Price FOB,RBRTE,Europe Brent Spot Price FOB (Dollars per Barrel),50.23,$/BBL
2017-06-09,ZEU,NA,EPCBRENT,UK Brent Crude Oil,PF4,Spot Price FOB,RBRTE,Europe Brent Spot Price FOB (Dollars per Barrel),47.28,$/BBL
2017-06-16,ZEU,NA,EPCBRENT,UK Brent Crude Oil,PF4,Spot Price FOB,RBRTE,Europe Brent Spot Price FOB (Dollars per Barrel),46.18,$/BBL
2017-06-23,ZEU,NA,EPCBRENT,UK Brent Crude Oil,PF4,Spot Price FOB,RBRTE,Europe Brent Spot Price FOB (Dollars per Barrel),44.63,$/BBL
2017-06-30,ZEU,NA,EPCBRENT,UK Brent Crude Oil,PF4,Spot Price FOB,RBRTE,Europe Brent Spot Price FOB (Dollars per Barrel),46.16,$/BBL
2017-07-07,ZEU,NA,EPCBRENT,UK Brent Crude Oil,PF4,Spot Price FOB,RBRTE,Europe Brent Spot Price FOB (Dollars per Barrel),48.17,$/BBL
2017-07-14,ZEU,NA,EPCBRENT,UK Brent Crude Oil,PF4,Spot Price FOB,RBRTE,Europe Brent Spot Price FOB (Dollars per Barrel),47.1,$/BBL
2017-07-21,ZEU,NA,EPCBRENT,UK Brent Crude Oil,PF4,Spot Price FOB,RBRTE,Europe Brent Spot Price FOB (Dollars per Barrel),47.99,$/BBL
2017-07-28,ZEU,NA,EPCBRENT,UK Brent Crude Oil,PF4,Spot Price FOB,RBRTE,Europe Brent Spot Price FOB (Dollars per Barrel),49.95,$/BBL
2017-08-04,ZEU,NA,EPCBRENT,UK Brent Crude Oil,PF4,Spot Price FOB,RBRTE,Europe Brent Spot Price FOB (Dollars per Barrel),52.04,$/BBL
2017-08-11,ZEU,NA,EPCBRENT,UK Brent Crude Oil,PF4,Spot Price FOB,RBRTE,Europe Brent Spot Price FOB (Dollars per Barrel),51.96,$/BBL
2017-08-18,ZEU,NA,EPCBRENT,UK Brent Crude Oil,PF4,Spot Price FOB,RBRTE,Europe Brent Spot Price FOB (Dollars per Barrel),50.58,$/BBL
2017-08-25,ZEU,NA,EPCBRENT,UK Brent Crude Oil,PF4,Spot Price FOB,RBRTE,Europe Brent Spot Price FOB (Dollars per Barrel),52.03,$/BBL
2017-09-01,ZEU,NA,EPCBRENT,UK Brent Crude Oil,PF4,Spot Price FOB,RBRTE,Europe Brent Spot Price FOB (Dollars per Barrel),52.25,$/BBL
2017-09-08,ZEU,NA,EPCBRENT,UK Brent Crude Oil,PF4,Spot Price FOB,RBRTE,Europe Brent Spot Price FOB (Dollars per Barrel),53.88,$/BBL
2017-09-15,ZEU,NA,EPCBRENT,UK Brent Crude Oil,PF4,Spot Price FOB,RBRTE,Europe Brent Spot Price FOB (Dollars per Barrel),55.54,$/BBL
2017-09-22,ZEU,NA,EPCBRENT,UK Brent Crude Oil,PF4,Spot Price FOB,RBRTE,Europe Brent Spot Price FOB (Dollars per Barrel),57.03,$/BBL
2017-09-29,ZEU,NA,EPCBRENT,UK Brent Crude Oil,PF4,Spot Price FOB,RBRTE,Europe Brent Spot Price FOB (Dollars per Barrel),58.75,$/BBL
2017-10-06,ZEU,NA,EPCBRENT,UK Brent Crude Oil,PF4,Spot Price FOB,RBRTE,Europe Brent Spot Price FOB (Dollars per Barrel),56.08,$/BBL
2017-10-13,ZEU,NA,EPCBRENT,UK Brent Crude Oil,PF4,Spot Price FOB,RBRTE,Europe Brent Spot Price FOB (Dollars per Barrel),56.21,$/BBL
2017-10-20,ZEU,NA,EPCBRENT,UK Brent Crude Oil,PF4,Spot Price FOB,RBRTE,Europe Brent Spot Price FOB (Dollars per Barrel),57.78,$/BBL
2017-10-27,ZEU,NA,EPCBRENT,UK Brent Crude Oil,PF4,Spot Price FOB,RBRTE,Europe Brent Spot Price FOB (Dollars per Barrel),58.58,$/BBL
2017-11-03,ZEU,NA,EPCBRENT,UK Brent Crude Oil,PF4,Spot Price FOB,RBRTE,Europe Brent Spot Price FOB (Dollars per Barrel),61.04,$/BBL
2017-11-10,ZEU,NA,EPCBRENT,UK Brent Crude Oil,PF4,Spot Price FOB,RBRTE,Europe Brent Spot Price FOB (Dollars per Barrel),64.29,$/BBL
2017-11-17,ZEU,NA,EPCBRENT,UK Brent Crude Oil,PF4,Spot Price FOB,RBRTE,Europe Brent Spot Price FOB (Dollars per Barrel),61.52,$/BBL
2017-11-24,ZEU,NA,EPCBRENT,UK Brent Crude Oil,PF4,Spot Price FOB,RBRTE,Europe Brent Spot Price FOB (Dollars per Barrel),62.68,$/BBL
2017-12-01,ZEU,NA,EPCBRENT,UK Brent Crude Oil,PF4,Spot Price FOB,RBRTE,Europe Brent Spot Price FOB (Dollars per Barrel),63.73,$/BBL
2017-12-08,ZEU,NA,EPCBRENT,UK Brent Crude Oil,PF4,Spot Price FOB,RBRTE,Europe Brent Spot Price FOB (Dollars per Barrel),63.08,$/BBL
2017-12-15,ZEU,NA,EPCBRENT,UK Brent Crude Oil,PF4,Spot Price FOB,RBRTE,Europe Brent Spot Price FOB (Dollars per Barrel),64.35,$/BBL
2017-12-22,ZEU,NA,EPCBRENT,UK Brent Crude Oil,PF4,Spot Price FOB,RBRTE,Europe Brent Spot Price FOB (Dollars per Barrel),64.36,$/BBL
2017-12-29,ZEU,NA,EPCBRENT,UK Brent Crude Oil,PF4,Spot Price FOB,RBRTE,Europe Brent Spot Price FOB (Dollars per Barrel),66.52,$/BBL
2018-01-05,ZEU,NA,EPCBRENT,UK Brent Crude Oil,PF4,Spot Price FOB,RBRTE,Europe Brent Spot Price FOB (Dollars per Barrel),67.81,$/BBL
2018-01-12,ZEU,NA,EPCBRENT,UK Brent Crude Oil,PF4,Spot Price FOB,RBRTE,Europe Brent Spot Price FOB (Dollars per Barrel),69.47,$/BBL
2018-01-19,ZEU,NA,EPCBRENT,UK Brent Crude Oil,PF4,Spot Price FOB,RBRTE,Europe Brent Spot Price FOB (Dollars per Barrel),69.39,$/BBL
2018-01-26,ZEU,NA,EPCBRENT,UK Brent Crude Oil,PF4,Spot Price FOB,RBRTE,Europe Brent Spot Price FOB (Dollars per Barrel),70.04,$/BBL
2018-02-02,ZEU,NA,EPCBRENT,UK Brent Crude Oil,PF4,Spot Price FOB,RBRTE,Europe Brent Spot Price FOB (Dollars per Barrel),68,$/BBL
2018-02-09,ZEU,NA,EPCBRENT,UK Brent Crude Oil,PF4,Spot Price FOB,RBRTE,Europe Brent Spot Price FOB (Dollars per Barrel),65.5,$/BBL
2018-02-16,ZEU,NA,EPCBRENT,UK Brent Crude Oil,PF4,Spot Price FOB,RBRTE,Europe Brent Spot Price FOB (Dollars per Barrel),62.72,$/BBL
2018-02-23,ZEU,NA,EPCBRENT,UK Brent Crude Oil,PF4,Spot Price FOB,RBRTE,Europe Brent Spot Price FOB (Dollars per Barrel),65.52,$/BBL
2018-03-02,ZEU,NA,EPCBRENT,UK Brent Crude Oil,PF4,Spot Price FOB,RBRTE,Europe Brent Spot Price FOB (Dollars per Barrel),66.02,$/BBL
2018-03-09,ZEU,NA,EPCBRENT,UK Brent Crude Oil,PF4,Spot Price FOB,RBRTE,Europe Brent Spot Price FOB (Dollars per Barrel),65.12,$/BBL
2018-03-16,ZEU,NA,EPCBRENT,UK Brent Crude Oil,PF4,Spot Price FOB,RBRTE,Europe Brent Spot Price FOB (Dollars per Barrel),64.14,$/BBL
2018-03-23,ZEU,NA,EPCBRENT,UK Brent Crude Oil,PF4,Spot Price FOB,RBRTE,Europe Brent Spot Price FOB (Dollars per Barrel),67.4,$/BBL
2018-03-30,ZEU,NA,EPCBRENT,UK Brent Crude Oil,PF4,Spot Price FOB,RBRTE,Europe Brent Spot Price FOB (Dollars per Barrel),68.65,$/BBL
2018-04-06,ZEU,NA,EPCBRENT,UK Brent Crude Oil,PF4,Spot Price FOB,RBRTE,Europe Brent Spot Price FOB (Dollars per Barrel),67.03,$/BBL
2018-04-13,ZEU,NA,EPCBRENT,UK Brent Crude Oil,PF4,Spot Price FOB,RBRTE,Europe Brent Spot Price FOB (Dollars per Barrel),71.24,$/BBL
2018-04-20,ZEU,NA,EPCBRENT,UK Brent Crude Oil,PF4,Spot Price FOB,RBRTE,Europe Brent Spot Price FOB (Dollars per Barrel),73.39,$/BBL
2018-04-27,ZEU,NA,EPCBRENT,UK Brent Crude Oil,PF4,Spot Price FOB,RBRTE,Europe Brent Spot Price FOB (Dollars per Barrel),74.98,$/BBL
2018-05-04,ZEU,NA,EPCBRENT,UK Brent Crude Oil,PF4,Spot Price FOB,RBRTE,Europe Brent Spot Price FOB (Dollars per Barrel),74.42,$/BBL
2018-05-11,ZEU,NA,EPCBRENT,UK Brent Crude Oil,PF4,Spot Price FOB,RBRTE,Europe Brent Spot Price FOB (Dollars per Barrel),76.68,$/BBL
2018-05-18,ZEU,NA,EPCBRENT,UK Brent Crude Oil,PF4,Spot Price FOB,RBRTE,Europe Brent Spot Price FOB (Dollars per Barrel),78.75,$/BBL
2018-05-25,ZEU,NA,EPCBRENT,UK Brent Crude Oil,PF4,Spot Price FOB,RBRTE,Europe Brent Spot Price FOB (Dollars per Barrel),78.59,$/BBL
2018-06-01,ZEU,NA,EPCBRENT,UK Brent Crude Oil,PF4,Spot Price FOB,RBRTE,Europe Brent Spot Price FOB (Dollars per Barrel),75.35,$/BBL
2018-06-08,ZEU,NA,EPCBRENT,UK Brent Crude Oil,PF4,Spot Price FOB,RBRTE,Europe Brent Spot Price FOB (Dollars per Barrel),73.98,$/BBL
2018-06-15,ZEU,NA,EPCBRENT,UK Brent Crude Oil,PF4,Spot Price FOB,RBRTE,Europe Brent Spot Price FOB (Dollars per Barrel),74.26,$/BBL
2018-06-22,ZEU,NA,EPCBRENT,UK Brent Crude Oil,PF4,Spot Price FOB,RBRTE,Europe Brent Spot Price FOB (Dollars per Barrel),74.12,$/BBL
2018-06-29,ZEU,NA,EPCBRENT,UK Brent Crude Oil,PF4,Spot Price FOB,RBRTE,Europe Brent Spot Price FOB (Dollars per Barrel),75.24,$/BBL
2018-07-06,ZEU,NA,EPCBRENT,UK Brent Crude Oil,PF4,Spot Price FOB,RBRTE,Europe Brent Spot Price FOB (Dollars per Barrel),76.33,$/BBL
2018-07-13,ZEU,NA,EPCBRENT,UK Brent Crude Oil,PF4,Spot Price FOB,RBRTE,Europe Brent Spot Price FOB (Dollars per Barrel),75.29,$/BBL
2018-07-20,ZEU,NA,EPCBRENT,UK Brent Crude Oil,PF4,Spot Price FOB,RBRTE,Europe Brent Spot Price FOB (Dollars per Barrel),71.27,$/BBL
2018-07-27,ZEU,NA,EPCBRENT,UK Brent Crude Oil,PF4,Spot Price FOB,RBRTE,Europe Brent Spot Price FOB (Dollars per Barrel),74,$/BBL
2018-08-03,ZEU,NA,EPCBRENT,UK Brent Crude Oil,PF4,Spot Price FOB,RBRTE,Europe Brent Spot Price FOB (Dollars per Barrel),73.37,$/BBL
2018-08-10,ZEU,NA,EPCBRENT,UK Brent Crude Oil,PF4,Spot Price FOB,RBRTE,Europe Brent Spot Price FOB (Dollars per Barrel),71.42,$/BBL
2018-08-17,ZEU,NA,EPCBRENT,UK Brent Crude Oil,PF4,Spot Price FOB,RBRTE,Europe Brent Spot Price FOB (Dollars per Barrel),69.82,$/BBL
2018-08-24,ZEU,NA,EPCBRENT,UK Brent Crude Oil,PF4,Spot Price FOB,RBRTE,Europe Brent Spot Price FOB (Dollars per Barrel),72.77,$/BBL
2018-08-31,ZEU,NA,EPCBRENT,UK Brent Crude Oil,PF4,Spot Price FOB,RBRTE,Europe Brent Spot Price FOB (Dollars per Barrel),76.08,$/BBL
2018-09-07,ZEU,NA,EPCBRENT,UK Brent Crude Oil,PF4,Spot Price FOB,RBRTE,Europe Brent Spot Price FOB (Dollars per Barrel),76.64,$/BBL
2018-09-14,ZEU,NA,EPCBRENT,UK Brent Crude Oil,PF4,Spot Price FOB,RBRTE,Europe Brent Spot Price FOB (Dollars per Barrel),78.11,$/BBL
2018-09-21,ZEU,NA,EPCBRENT,UK Brent Crude Oil,PF4,Spot Price FOB,RBRTE,Europe Brent Spot Price FOB (Dollars per Barrel),78.97,$/BBL
2018-09-28,ZEU,NA,EPCBRENT,UK Brent Crude Oil,PF4,Spot Price FOB,RBRTE,Europe Brent Spot Price FOB (Dollars per Barrel),81.85,$/BBL
2018-10-05,ZEU,NA,EPCBRENT,UK Brent Crude Oil,PF4,Spot Price FOB,RBRTE,Europe Brent Spot Price FOB (Dollars per Barrel),85.44,$/BBL
2018-10-12,ZEU,NA,EPCBRENT,UK Brent Crude Oil,PF4,Spot Price FOB,RBRTE,Europe Brent Spot Price FOB (Dollars per Barrel),83.05,$/BBL
2018-10-19,ZEU,NA,EPCBRENT,UK Brent Crude Oil,PF4,Spot Price FOB,RBRTE,Europe Brent Spot Price FOB (Dollars per Barrel),80.41,$/BBL
2018-10-26,ZEU,NA,EPCBRENT,UK Brent Crude Oil,PF4,Spot Price FOB,RBRTE,Europe Brent Spot Price FOB (Dollars per Barrel),78.23,$/BBL
2018-11-02,ZEU,NA,EPCBRENT,UK Brent Crude Oil,PF4,Spot Price FOB,RBRTE,Europe Brent Spot Price FOB (Dollars per Barrel),74.09,$/BBL
2018-11-09,ZEU,NA,EPCBRENT,UK Brent Crude Oil,PF4,Spot Price FOB,RBRTE,Europe Brent Spot Price FOB (Dollars per Barrel),70.34,$/BBL
2018-11-16,ZEU,NA,EPCBRENT,UK Brent Crude Oil,PF4,Spot Price FOB,RBRTE,Europe Brent Spot Price FOB (Dollars per Barrel),66.21,$/BBL
2018-11-23,ZEU,NA,EPCBRENT,UK Brent Crude Oil,PF4,Spot Price FOB,RBRTE,Europe Brent Spot Price FOB (Dollars per Barrel),61.22,$/BBL
2018-11-30,ZEU,NA,EPCBRENT,UK Brent Crude Oil,PF4,Spot Price FOB,RBRTE,Europe Brent Spot Price FOB (Dollars per Barrel),58.65,$/BBL
2018-12-07,ZEU,NA,EPCBRENT,UK Brent Crude Oil,PF4,Spot Price FOB,RBRTE,Europe Brent Spot Price FOB (Dollars per Barrel),60.47,$/BBL
2018-12-14,ZEU,NA,EPCBRENT,UK Brent Crude Oil,PF4,Spot Price FOB,RBRTE,Europe Brent Spot Price FOB (Dollars per Barrel),59.51,$/BBL
2018-12-21,ZEU,NA,EPCBRENT,UK Brent Crude Oil,PF4,Spot Price FOB,RBRTE,Europe Brent Spot Price FOB (Dollars per Barrel),54.64,$/BBL
2018-12-28,ZEU,NA,EPCBRENT,UK Brent Crude Oil,PF4,Spot Price FOB,RBRTE,Europe Brent Spot Price FOB (Dollars per Barrel),51.03,$/BBL
2019-01-04,ZEU,NA,EPCBRENT,UK Brent Crude Oil,PF4,Spot Price FOB,RBRTE,Europe Brent Spot Price FOB (Dollars per Barrel),54.31,$/BBL
2019-01-11,ZEU,NA,EPCBRENT,UK Brent Crude Oil,PF4,Spot Price FOB,RBRTE,Europe Brent Spot Price FOB (Dollars per Barrel),58.64,$/BBL
2019-01-18,ZEU,NA,EPCBRENT,UK Brent Crude Oil,PF4,Spot Price FOB,RBRTE,Europe Brent Spot Price FOB (Dollars per Barrel),59.83,$/BBL
2019-01-25,ZEU,NA,EPCBRENT,UK Brent Crude Oil,PF4,Spot Price FOB,RBRTE,Europe Brent Spot Price FOB (Dollars per Barrel),61.34,$/BBL
2019-02-01,ZEU,NA,EPCBRENT,UK Brent Crude Oil,PF4,Spot Price FOB,RBRTE,Europe Brent Spot Price FOB (Dollars per Barrel),61.38,$/BBL
2019-02-08,ZEU,NA,EPCBRENT,UK Brent Crude Oil,PF4,Spot Price FOB,RBRTE,Europe Brent Spot Price FOB (Dollars per Barrel),61.71,$/BBL
2019-02-15,ZEU,NA,EPCBRENT,UK Brent Crude Oil,PF4,Spot Price FOB,RBRTE,Europe Brent Spot Price FOB (Dollars per Barrel),63.36,$/BBL
2019-02-22,ZEU,NA,EPCBRENT,UK Brent Crude Oil,PF4,Spot Price FOB,RBRTE,Europe Brent Spot Price FOB (Dollars per Barrel),66.58,$/BBL
2019-03-01,ZEU,NA,EPCBRENT,UK Brent Crude Oil,PF4,Spot Price FOB,RBRTE,Europe Brent Spot Price FOB (Dollars per Barrel),64.56,$/BBL
2019-03-08,ZEU,NA,EPCBRENT,UK Brent Crude Oil,PF4,Spot Price FOB,RBRTE,Europe Brent Spot Price FOB (Dollars per Barrel),64.73,$/BBL
2019-03-15,ZEU,NA,EPCBRENT,UK Brent Crude Oil,PF4,Spot Price FOB,RBRTE,Europe Brent Spot Price FOB (Dollars per Barrel),65.71,$/BBL
2019-03-22,ZEU,NA,EPCBRENT,UK Brent Crude Oil,PF4,Spot Price FOB,RBRTE,Europe Brent Spot Price FOB (Dollars per Barrel),67.34,$/BBL
2019-03-29,ZEU,NA,EPCBRENT,UK Brent Crude Oil,PF4,Spot Price FOB,RBRTE,Europe Brent Spot Price FOB (Dollars per Barrel),67.25,$/BBL
2019-04-05,ZEU,NA,EPCBRENT,UK Brent Crude Oil,PF4,Spot Price FOB,RBRTE,Europe Brent Spot Price FOB (Dollars per Barrel),69.54,$/BBL
2019-04-12,ZEU,NA,EPCBRENT,UK Brent Crude Oil,PF4,Spot Price FOB,RBRTE,Europe Brent Spot Price FOB (Dollars per Barrel),71.33,$/BBL
2019-04-19,ZEU,NA,EPCBRENT,UK Brent Crude Oil,PF4,Spot Price FOB,RBRTE,Europe Brent Spot Price FOB (Dollars per Barrel),70.87,$/BBL
2019-04-26,ZEU,NA,EPCBRENT,UK Brent Crude Oil,PF4,Spot Price FOB,RBRTE,Europe Brent Spot Price FOB (Dollars per Barrel),72.93,$/BBL
2019-05-03,ZEU,NA,EPCBRENT,UK Brent Crude Oil,PF4,Spot Price FOB,RBRTE,Europe Brent Spot Price FOB (Dollars per Barrel),71.59,$/BBL
2019-05-10,ZEU,NA,EPCBRENT,UK Brent Crude Oil,PF4,Spot Price FOB,RBRTE,Europe Brent Spot Price FOB (Dollars per Barrel),71.25,$/BBL
2019-05-17,ZEU,NA,EPCBRENT,UK Brent Crude Oil,PF4,Spot Price FOB,RBRTE,Europe Brent Spot Price FOB (Dollars per Barrel),73.32,$/BBL
2019-05-24,ZEU,NA,EPCBRENT,UK Brent Crude Oil,PF4,Spot Price FOB,RBRTE,Europe Brent Spot Price FOB (Dollars per Barrel),70.89,$/BBL
2019-05-31,ZEU,NA,EPCBRENT,UK Brent Crude Oil,PF4,Spot Price FOB,RBRTE,Europe Brent Spot Price FOB (Dollars per Barrel),69.29,$/BBL
2019-06-07,ZEU,NA,EPCBRENT,UK Brent Crude Oil,PF4,Spot Price FOB,RBRTE,Europe Brent Spot Price FOB (Dollars per Barrel),63.15,$/BBL
2019-06-14,ZEU,NA,EPCBRENT,UK Brent Crude Oil,PF4,Spot Price FOB,RBRTE,Europe Brent Spot Price FOB (Dollars per Barrel),63.19,$/BBL
2019-06-21,ZEU,NA,EPCBRENT,UK Brent Crude Oil,PF4,Spot Price FOB,RBRTE,Europe Brent Spot Price FOB (Dollars per Barrel),64.04,$/BBL
2019-06-28,ZEU,NA,EPCBRENT,UK Brent Crude Oil,PF4,Spot Price FOB,RBRTE,Europe Brent Spot Price FOB (Dollars per Barrel),66.51,$/BBL
2019-07-05,ZEU,NA,EPCBRENT,UK Brent Crude Oil,PF4,Spot Price FOB,RBRTE,Europe Brent Spot Price FOB (Dollars per Barrel),63.84,$/BBL
2019-07-12,ZEU,NA,EPCBRENT,UK Brent Crude Oil,PF4,Spot Price FOB,RBRTE,Europe Brent Spot Price FOB (Dollars per Barrel),65.98,$/BBL
2019-07-19,ZEU,NA,EPCBRENT,UK Brent Crude Oil,PF4,Spot Price FOB,RBRTE,Europe Brent Spot Price FOB (Dollars per Barrel),63.63,$/BBL
2019-07-26,ZEU,NA,EPCBRENT,UK Brent Crude Oil,PF4,Spot Price FOB,RBRTE,Europe Brent Spot Price FOB (Dollars per Barrel),62.8,$/BBL
2019-08-02,ZEU,NA,EPCBRENT,UK Brent Crude Oil,PF4,Spot Price FOB,RBRTE,Europe Brent Spot Price FOB (Dollars per Barrel),62.59,$/BBL
2019-08-09,ZEU,NA,EPCBRENT,UK Brent Crude Oil,PF4,Spot Price FOB,RBRTE,Europe Brent Spot Price FOB (Dollars per Barrel),57.33,$/BBL
2019-08-16,ZEU,NA,EPCBRENT,UK Brent Crude Oil,PF4,Spot Price FOB,RBRTE,Europe Brent Spot Price FOB (Dollars per Barrel),58.25,$/BBL
2019-08-23,ZEU,NA,EPCBRENT,UK Brent Crude Oil,PF4,Spot Price FOB,RBRTE,Europe Brent Spot Price FOB (Dollars per Barrel),59.57,$/BBL
2019-08-30,ZEU,NA,EPCBRENT,UK Brent Crude Oil,PF4,Spot Price FOB,RBRTE,Europe Brent Spot Price FOB (Dollars per Barrel),59.83,$/BBL
2019-09-06,ZEU,NA,EPCBRENT,UK Brent Crude Oil,PF4,Spot Price FOB,RBRTE,Europe Brent Spot Price FOB (Dollars per Barrel),60.23,$/BBL
2019-09-13,ZEU,NA,EPCBRENT,UK Brent Crude Oil,PF4,Spot Price FOB,RBRTE,Europe Brent Spot Price FOB (Dollars per Barrel),62.74,$/BBL
2019-09-20,ZEU,NA,EPCBRENT,UK Brent Crude Oil,PF4,Spot Price FOB,RBRTE,Europe Brent Spot Price FOB (Dollars per Barrel),65.56,$/BBL
2019-09-27,ZEU,NA,EPCBRENT,UK Brent Crude Oil,PF4,Spot Price FOB,RBRTE,Europe Brent Spot Price FOB (Dollars per Barrel),63.15,$/BBL
2019-10-04,ZEU,NA,EPCBRENT,UK Brent Crude Oil,PF4,Spot Price FOB,RBRTE,Europe Brent Spot Price FOB (Dollars per Barrel),59.22,$/BBL
2019-10-11,ZEU,NA,EPCBRENT,UK Brent Crude Oil,PF4,Spot Price FOB,RBRTE,Europe Brent Spot Price FOB (Dollars per Barrel),59.39,$/BBL
2019-10-18,ZEU,NA,EPCBRENT,UK Brent Crude Oil,PF4,Spot Price FOB,RBRTE,Europe Brent Spot Price FOB (Dollars per Barrel),59.32,$/BBL
2019-10-25,ZEU,NA,EPCBRENT,UK Brent Crude Oil,PF4,Spot Price FOB,RBRTE,Europe Brent Spot Price FOB (Dollars per Barrel),60.75,$/BBL
2019-11-01,ZEU,NA,EPCBRENT,UK Brent Crude Oil,PF4,Spot Price FOB,RBRTE,Europe Brent Spot Price FOB (Dollars per Barrel),60.23,$/BBL
2019-11-08,ZEU,NA,EPCBRENT,UK Brent Crude Oil,PF4,Spot Price FOB,RBRTE,Europe Brent Spot Price FOB (Dollars per Barrel),62.39,$/BBL
2019-11-15,ZEU,NA,EPCBRENT,UK Brent Crude Oil,PF4,Spot Price FOB,RBRTE,Europe Brent Spot Price FOB (Dollars per Barrel),62.56,$/BBL
2019-11-22,ZEU,NA,EPCBRENT,UK Brent Crude Oil,PF4,Spot Price FOB,RBRTE,Europe Brent Spot Price FOB (Dollars per Barrel),63.76,$/BBL
2019-11-29,ZEU,NA,EPCBRENT,UK Brent Crude Oil,PF4,Spot Price FOB,RBRTE,Europe Brent Spot Price FOB (Dollars per Barrel),64.74,$/BBL
2019-12-06,ZEU,NA,EPCBRENT,UK Brent Crude Oil,PF4,Spot Price FOB,RBRTE,Europe Brent Spot Price FOB (Dollars per Barrel),64.71,$/BBL
2019-12-13,ZEU,NA,EPCBRENT,UK Brent Crude Oil,PF4,Spot Price FOB,RBRTE,Europe Brent Spot Price FOB (Dollars per Barrel),66.5,$/BBL
2019-12-20,ZEU,NA,EPCBRENT,UK Brent Crude Oil,PF4,Spot Price FOB,RBRTE,Europe Brent Spot Price FOB (Dollars per Barrel),68.9,$/BBL
2019-12-27,ZEU,NA,EPCBRENT,UK Brent Crude Oil,PF4,Spot Price FOB,RBRTE,Europe Brent Spot Price FOB (Dollars per Barrel),68.73,$/BBL
2020-01-03,ZEU,NA,EPCBRENT,UK Brent Crude Oil,PF4,Spot Price FOB,RBRTE,Europe Brent Spot Price FOB (Dollars per Barrel),68.05,$/BBL
2020-01-10,ZEU,NA,EPCBRENT,UK Brent Crude Oil,PF4,Spot Price FOB,RBRTE,Europe Brent Spot Price FOB (Dollars per Barrel),67.93,$/BBL
2020-01-17,ZEU,NA,EPCBRENT,UK Brent Crude Oil,PF4,Spot Price FOB,RBRTE,Europe Brent Spot Price FOB (Dollars per Barrel),64.11,$/BBL
2020-01-24,ZEU,NA,EPCBRENT,UK Brent Crude Oil,PF4,Spot Price FOB,RBRTE,Europe Brent Spot Price FOB (Dollars per Barrel),62.2,$/BBL
2020-01-31,ZEU,NA,EPCBRENT,UK Brent Crude Oil,PF4,Spot Price FOB,RBRTE,Europe Brent Spot Price FOB (Dollars per Barrel),58.57,$/BBL
2020-02-07,ZEU,NA,EPCBRENT,UK Brent Crude Oil,PF4,Spot Price FOB,RBRTE,Europe Brent Spot Price FOB (Dollars per Barrel),54.59,$/BBL
2020-02-14,ZEU,NA,EPCBRENT,UK Brent Crude Oil,PF4,Spot Price FOB,RBRTE,Europe Brent Spot Price FOB (Dollars per Barrel),55.33,$/BBL
2020-02-21,ZEU,NA,EPCBRENT,UK Brent Crude Oil,PF4,Spot Price FOB,RBRTE,Europe Brent Spot Price FOB (Dollars per Barrel),58.61,$/BBL
2020-02-28,ZEU,NA,EPCBRENT,UK Brent Crude Oil,PF4,Spot Price FOB,RBRTE,Europe Brent Spot Price FOB (Dollars per Barrel),54.09,$/BBL
2020-03-06,ZEU,NA,EPCBRENT,UK Brent Crude Oil,PF4,Spot Price FOB,RBRTE,Europe Brent Spot Price FOB (Dollars per Barrel),50.7,$/BBL
2020-03-13,ZEU,NA,EPCBRENT,UK Brent Crude Oil,PF4,Spot Price FOB,RBRTE,Europe Brent Spot Price FOB (Dollars per Barrel),33.72,$/BBL
2020-03-20,ZEU,NA,EPCBRENT,UK Brent Crude Oil,PF4,Spot Price FOB,RBRTE,Europe Brent Spot Price FOB (Dollars per Barrel),25.65,$/BBL
2020-03-27,ZEU,NA,EPCBRENT,UK Brent Crude Oil,PF4,Spot Price FOB,RBRTE,Europe Brent Spot Price FOB (Dollars per Barrel),23.96,$/BBL
2020-04-03,ZEU,NA,EPCBRENT,UK Brent Crude Oil,PF4,Spot Price FOB,RBRTE,Europe Brent Spot Price FOB (Dollars per Barrel),18.72,$/BBL
2020-04-10,ZEU,NA,EPCBRENT,UK Brent Crude Oil,PF4,Spot Price FOB,RBRTE,Europe Brent Spot Price FOB (Dollars per Barrel),22.53,$/BBL
2020-04-17,ZEU,NA,EPCBRENT,UK Brent Crude Oil,PF4,Spot Price FOB,RBRTE,Europe Brent Spot Price FOB (Dollars per Barrel),20,$/BBL
2020-04-24,ZEU,NA,EPCBRENT,UK Brent Crude Oil,PF4,Spot Price FOB,RBRTE,Europe Brent Spot Price FOB (Dollars per Barrel),14.24,$/BBL
2020-05-01,ZEU,NA,EPCBRENT,UK Brent Crude Oil,PF4,Spot Price FOB,RBRTE,Europe Brent Spot Price FOB (Dollars per Barrel),17.05,$/BBL
2020-05-08,ZEU,NA,EPCBRENT,UK Brent Crude Oil,PF4,Spot Price FOB,RBRTE,Europe Brent Spot Price FOB (Dollars per Barrel),23.57,$/BBL
2020-05-15,ZEU,NA,EPCBRENT,UK Brent Crude Oil,PF4,Spot Price FOB,RBRTE,Europe Brent Spot Price FOB (Dollars per Barrel),28.18,$/BBL
2020-05-22,ZEU,NA,EPCBRENT,UK Brent Crude Oil,PF4,Spot Price FOB,RBRTE,Europe Brent Spot Price FOB (Dollars per Barrel),33.94,$/BBL
2020-05-29,ZEU,NA,EPCBRENT,UK Brent Crude Oil,PF4,Spot Price FOB,RBRTE,Europe Brent Spot Price FOB (Dollars per Barrel),33.7,$/BBL
2020-06-05,ZEU,NA,EPCBRENT,UK Brent Crude Oil,PF4,Spot Price FOB,RBRTE,Europe Brent Spot Price FOB (Dollars per Barrel),38.37,$/BBL
2020-06-12,ZEU,NA,EPCBRENT,UK Brent Crude Oil,PF4,Spot Price FOB,RBRTE,Europe Brent Spot Price FOB (Dollars per Barrel),39.52,$/BBL
2020-06-19,ZEU,NA,EPCBRENT,UK Brent Crude Oil,PF4,Spot Price FOB,RBRTE,Europe Brent Spot Price FOB (Dollars per Barrel),40.95,$/BBL
2020-06-26,ZEU,NA,EPCBRENT,UK Brent Crude Oil,PF4,Spot Price FOB,RBRTE,Europe Brent Spot Price FOB (Dollars per Barrel),41.69,$/BBL
2020-07-03,ZEU,NA,EPCBRENT,UK Brent Crude Oil,PF4,Spot Price FOB,RBRTE,Europe Brent Spot Price FOB (Dollars per Barrel),42.3,$/BBL
2020-07-10,ZEU,NA,EPCBRENT,UK Brent Crude Oil,PF4,Spot Price FOB,RBRTE,Europe Brent Spot Price FOB (Dollars per Barrel),43.06,$/BBL
2020-07-17,ZEU,NA,EPCBRENT,UK Brent Crude Oil,PF4,Spot Price FOB,RBRTE,Europe Brent Spot Price FOB (Dollars per Barrel),43.4,$/BBL
2020-07-24,ZEU,NA,EPCBRENT,UK Brent Crude Oil,PF4,Spot Price FOB,RBRTE,Europe Brent Spot Price FOB (Dollars per Barrel),43.57,$/BBL
2020-07-31,ZEU,NA,EPCBRENT,UK Brent Crude Oil,PF4,Spot Price FOB,RBRTE,Europe Brent Spot Price FOB (Dollars per Barrel),43.22,$/BBL
2020-08-07,ZEU,NA,EPCBRENT,UK Brent Crude Oil,PF4,Spot Price FOB,RBRTE,Europe Brent Spot Price FOB (Dollars per Barrel),44.36,$/BBL
2020-08-14,ZEU,NA,EPCBRENT,UK Brent Crude Oil,PF4,Spot Price FOB,RBRTE,Europe Brent Spot Price FOB (Dollars per Barrel),44.54,$/BBL
2020-08-21,ZEU,NA,EPCBRENT,UK Brent Crude Oil,PF4,Spot Price FOB,RBRTE,Europe Brent Spot Price FOB (Dollars per Barrel),44.79,$/BBL
2020-08-28,ZEU,NA,EPCBRENT,UK Brent Crude Oil,PF4,Spot Price FOB,RBRTE,Europe Brent Spot Price FOB (Dollars per Barrel),45.26,$/BBL
2020-09-04,ZEU,NA,EPCBRENT,UK Brent Crude Oil,PF4,Spot Price FOB,RBRTE,Europe Brent Spot Price FOB (Dollars per Barrel),43.06,$/BBL
2020-09-11,ZEU,NA,EPCBRENT,UK Brent Crude Oil,PF4,Spot Price FOB,RBRTE,Europe Brent Spot Price FOB (Dollars per Barrel),39.45,$/BBL
2020-09-18,ZEU,NA,EPCBRENT,UK Brent Crude Oil,PF4,Spot Price FOB,RBRTE,Europe Brent Spot Price FOB (Dollars per Barrel),40.77,$/BBL
2020-09-25,ZEU,NA,EPCBRENT,UK Brent Crude Oil,PF4,Spot Price FOB,RBRTE,Europe Brent Spot Price FOB (Dollars per Barrel),40.89,$/BBL
2020-10-02,ZEU,NA,EPCBRENT,UK Brent Crude Oil,PF4,Spot Price FOB,RBRTE,Europe Brent Spot Price FOB (Dollars per Barrel),39.99,$/BBL
2020-10-09,ZEU,NA,EPCBRENT,UK Brent Crude Oil,PF4,Spot Price FOB,RBRTE,Europe Brent Spot Price FOB (Dollars per Barrel),41.06,$/BBL
2020-10-16,ZEU,NA,EPCBRENT,UK Brent Crude Oil,PF4,Spot Price FOB,RBRTE,Europe Brent Spot Price FOB (Dollars per Barrel),41.32,$/BBL
2020-10-23,ZEU,NA,EPCBRENT,UK Brent Crude Oil,PF4,Spot Price FOB,RBRTE,Europe Brent Spot Price FOB (Dollars per Barrel),41,$/BBL
2020-10-30,ZEU,NA,EPCBRENT,UK Brent Crude Oil,PF4,Spot Price FOB,RBRTE,Europe Brent Spot Price FOB (Dollars per Barrel),37.91,$/BBL
2020-11-06,ZEU,NA,EPCBRENT,UK Brent Crude Oil,PF4,Spot Price FOB,RBRTE,Europe Brent Spot Price FOB (Dollars per Barrel),38.64,$/BBL
2020-11-13,ZEU,NA,EPCBRENT,UK Brent Crude Oil,PF4,Spot Price FOB,RBRTE,Europe Brent Spot Price FOB (Dollars per Barrel),41.87,$/BBL
2020-11-20,ZEU,NA,EPCBRENT,UK Brent Crude Oil,PF4,Spot Price FOB,RBRTE,Europe Brent Spot Price FOB (Dollars per Barrel),43.01,$/BBL
2020-11-27,ZEU,NA,EPCBRENT,UK Brent Crude Oil,PF4,Spot Price FOB,RBRTE,Europe Brent Spot Price FOB (Dollars per Barrel),46.43,$/BBL
2020-12-04,ZEU,NA,EPCBRENT,UK Brent Crude Oil,PF4,Spot Price FOB,RBRTE,Europe Brent Spot Price FOB (Dollars per Barrel),47.83,$/BBL
2020-12-11,ZEU,NA,EPCBRENT,UK Brent Crude Oil,PF4,Spot Price FOB,RBRTE,Europe Brent Spot Price FOB (Dollars per Barrel),49.32,$/BBL
2020-12-18,ZEU,NA,EPCBRENT,UK Brent Crude Oil,PF4,Spot Price FOB,RBRTE,Europe Brent Spot Price FOB (Dollars per Barrel),51.05,$/BBL
2020-12-25,ZEU,NA,EPCBRENT,UK Brent Crude Oil,PF4,Spot Price FOB,RBRTE,Europe Brent Spot Price FOB (Dollars per Barrel),50.61,$/BBL
2021-01-01,ZEU,NA,EPCBRENT,UK Brent Crude Oil,PF4,Spot Price FOB,RBRTE,Europe Brent Spot Price FOB (Dollars per Barrel),50.82,$/BBL
2021-01-08,ZEU,NA,EPCBRENT,UK Brent Crude Oil,PF4,Spot Price FOB,RBRTE,Europe Brent Spot Price FOB (Dollars per Barrel),53.31,$/BBL
2021-01-15,ZEU,NA,EPCBRENT,UK Brent Crude Oil,PF4,Spot Price FOB,RBRTE,Europe Brent Spot Price FOB (Dollars per Barrel),55.38,$/BBL
2021-01-22,ZEU,NA,EPCBRENT,UK Brent Crude Oil,PF4,Spot Price FOB,RBRTE,Europe Brent Spot Price FOB (Dollars per Barrel),55.23,$/BBL
2021-01-29,ZEU,NA,EPCBRENT,UK Brent Crude Oil,PF4,Spot Price FOB,RBRTE,Europe Brent Spot Price FOB (Dollars per Barrel),55.18,$/BBL
2021-02-05,ZEU,NA,EPCBRENT,UK Brent Crude Oil,PF4,Spot Price FOB,RBRTE,Europe Brent Spot Price FOB (Dollars per Barrel),58.22,$/BBL
2021-02-12,ZEU,NA,EPCBRENT,UK Brent Crude Oil,PF4,Spot Price FOB,RBRTE,Europe Brent Spot Price FOB (Dollars per Barrel),61.13,$/BBL
2021-02-19,ZEU,NA,EPCBRENT,UK Brent Crude Oil,PF4,Spot Price FOB,RBRTE,Europe Brent Spot Price FOB (Dollars per Barrel),63.9,$/BBL
2021-02-26,ZEU,NA,EPCBRENT,UK Brent Crude Oil,PF4,Spot Price FOB,RBRTE,Europe Brent Spot Price FOB (Dollars per Barrel),65.86,$/BBL
2021-03-05,ZEU,NA,EPCBRENT,UK Brent Crude Oil,PF4,Spot Price FOB,RBRTE,Europe Brent Spot Price FOB (Dollars per Barrel),65.94,$/BBL
2021-03-12,ZEU,NA,EPCBRENT,UK Brent Crude Oil,PF4,Spot Price FOB,RBRTE,Europe Brent Spot Price FOB (Dollars per Barrel),68.15,$/BBL
2021-03-19,ZEU,NA,EPCBRENT,UK Brent Crude Oil,PF4,Spot Price FOB,RBRTE,Europe Brent Spot Price FOB (Dollars per Barrel),66.11,$/BBL
2021-03-26,ZEU,NA,EPCBRENT,UK Brent Crude Oil,PF4,Spot Price FOB,RBRTE,Europe Brent Spot Price FOB (Dollars per Barrel),62.51,$/BBL
2021-04-02,ZEU,NA,EPCBRENT,UK Brent Crude Oil,PF4,Spot Price FOB,RBRTE,Europe Brent Spot Price FOB (Dollars per Barrel),63.68,$/BBL
2021-04-09,ZEU,NA,EPCBRENT,UK Brent Crude Oil,PF4,Spot Price FOB,RBRTE,Europe Brent Spot Price FOB (Dollars per Barrel),61.83,$/BBL
2021-04-16,ZEU,NA,EPCBRENT,UK Brent Crude Oil,PF4,Spot Price FOB,RBRTE,Europe Brent Spot Price FOB (Dollars per Barrel),64.69,$/BBL
2021-04-23,ZEU,NA,EPCBRENT,UK Brent Crude Oil,PF4,Spot Price FOB,RBRTE,Europe Brent Spot Price FOB (Dollars per Barrel),65.34,$/BBL
2021-04-30,ZEU,NA,EPCBRENT,UK Brent Crude Oil,PF4,Spot Price FOB,RBRTE,Europe Brent Spot Price FOB (Dollars per Barrel),66.96,$/BBL
2021-05-07,ZEU,NA,EPCBRENT,UK Brent Crude Oil,PF4,Spot Price FOB,RBRTE,Europe Brent Spot Price FOB (Dollars per Barrel),68.99,$/BBL
2021-05-14,ZEU,NA,EPCBRENT,UK Brent Crude Oil,PF4,Spot Price FOB,RBRTE,Europe Brent Spot Price FOB (Dollars per Barrel),68.73,$/BBL
2021-05-21,ZEU,NA,EPCBRENT,UK Brent Crude Oil,PF4,Spot Price FOB,RBRTE,Europe Brent Spot Price FOB (Dollars per Barrel),67.48,$/BBL
2021-05-28,ZEU,NA,EPCBRENT,UK Brent Crude Oil,PF4,Spot Price FOB,RBRTE,Europe Brent Spot Price FOB (Dollars per Barrel),69.02,$/BBL
2021-06-04,ZEU,NA,EPCBRENT,UK Brent Crude Oil,PF4,Spot Price FOB,RBRTE,Europe Brent Spot Price FOB (Dollars per Barrel),70.66,$/BBL
2021-06-11,ZEU,NA,EPCBRENT,UK Brent Crude Oil,PF4,Spot Price FOB,RBRTE,Europe Brent Spot Price FOB (Dollars per Barrel),71.46,$/BBL
2021-06-18,ZEU,NA,EPCBRENT,UK Brent Crude Oil,PF4,Spot Price FOB,RBRTE,Europe Brent Spot Price FOB (Dollars per Barrel),73.11,$/BBL
2021-06-25,ZEU,NA,EPCBRENT,UK Brent Crude Oil,PF4,Spot Price FOB,RBRTE,Europe Brent Spot Price FOB (Dollars per Barrel),75.41,$/BBL
2021-07-02,ZEU,NA,EPCBRENT,UK Brent Crude Oil,PF4,Spot Price FOB,RBRTE,Europe Brent Spot Price FOB (Dollars per Barrel),76.26,$/BBL
2021-07-09,ZEU,NA,EPCBRENT,UK Brent Crude Oil,PF4,Spot Price FOB,RBRTE,Europe Brent Spot Price FOB (Dollars per Barrel),76.13,$/BBL
2021-07-16,ZEU,NA,EPCBRENT,UK Brent Crude Oil,PF4,Spot Price FOB,RBRTE,Europe Brent Spot Price FOB (Dollars per Barrel),75.8,$/BBL
2021-07-23,ZEU,NA,EPCBRENT,UK Brent Crude Oil,PF4,Spot Price FOB,RBRTE,Europe Brent Spot Price FOB (Dollars per Barrel),72.2,$/BBL
2021-07-30,ZEU,NA,EPCBRENT,UK Brent Crude Oil,PF4,Spot Price FOB,RBRTE,Europe Brent Spot Price FOB (Dollars per Barrel),75.75,$/BBL
2021-08-06,ZEU,NA,EPCBRENT,UK Brent Crude Oil,PF4,Spot Price FOB,RBRTE,Europe Brent Spot Price FOB (Dollars per Barrel),72.26,$/BBL
2021-08-13,ZEU,NA,EPCBRENT,UK Brent Crude Oil,PF4,Spot Price FOB,RBRTE,Europe Brent Spot Price FOB (Dollars per Barrel),71.09,$/BBL
2021-08-20,ZEU,NA,EPCBRENT,UK Brent Crude Oil,PF4,Spot Price FOB,RBRTE,Europe Brent Spot Price FOB (Dollars per Barrel),68.08,$/BBL
2021-08-27,ZEU,NA,EPCBRENT,UK Brent Crude Oil,PF4,Spot Price FOB,RBRTE,Europe Brent Spot Price FOB (Dollars per Barrel),71.02,$/BBL
2021-09-03,ZEU,NA,EPCBRENT,UK Brent Crude Oil,PF4,Spot Price FOB,RBRTE,Europe Brent Spot Price FOB (Dollars per Barrel),73.02,$/BBL
2021-09-10,ZEU,NA,EPCBRENT,UK Brent Crude Oil,PF4,Spot Price FOB,RBRTE,Europe Brent Spot Price FOB (Dollars per Barrel),72.01,$/BBL
2021-09-17,ZEU,NA,EPCBRENT,UK Brent Crude Oil,PF4,Spot Price FOB,RBRTE,Europe Brent Spot Price FOB (Dollars per Barrel),74.13,$/BBL
2021-09-24,ZEU,NA,EPCBRENT,UK Brent Crude Oil,PF4,Spot Price FOB,RBRTE,Europe Brent Spot Price FOB (Dollars per Barrel),75.32,$/BBL
2021-10-01,ZEU,NA,EPCBRENT,UK Brent Crude Oil,PF4,Spot Price FOB,RBRTE,Europe Brent Spot Price FOB (Dollars per Barrel),78.44,$/BBL
2021-10-08,ZEU,NA,EPCBRENT,UK Brent Crude Oil,PF4,Spot Price FOB,RBRTE,Europe Brent Spot Price FOB (Dollars per Barrel),82.01,$/BBL
2021-10-15,ZEU,NA,EPCBRENT,UK Brent Crude Oil,PF4,Spot Price FOB,RBRTE,Europe Brent Spot Price FOB (Dollars per Barrel),83.87,$/BBL
2021-10-22,ZEU,NA,EPCBRENT,UK Brent Crude Oil,PF4,Spot Price FOB,RBRTE,Europe Brent Spot Price FOB (Dollars per Barrel),84.98,$/BBL
2021-10-29,ZEU,NA,EPCBRENT,UK Brent Crude Oil,PF4,Spot Price FOB,RBRTE,Europe Brent Spot Price FOB (Dollars per Barrel),84.12,$/BBL
2021-11-05,ZEU,NA,EPCBRENT,UK Brent Crude Oil,PF4,Spot Price FOB,RBRTE,Europe Brent Spot Price FOB (Dollars per Barrel),82.52,$/BBL
2021-11-12,ZEU,NA,EPCBRENT,UK Brent Crude Oil,PF4,Spot Price FOB,RBRTE,Europe Brent Spot Price FOB (Dollars per Barrel),83.39,$/BBL
2021-11-19,ZEU,NA,EPCBRENT,UK Brent Crude Oil,PF4,Spot Price FOB,RBRTE,Europe Brent Spot Price FOB (Dollars per Barrel),81.63,$/BBL
2021-11-26,ZEU,NA,EPCBRENT,UK Brent Crude Oil,PF4,Spot Price FOB,RBRTE,Europe Brent Spot Price FOB (Dollars per Barrel),80.24,$/BBL
2021-12-03,ZEU,NA,EPCBRENT,UK Brent Crude Oil,PF4,Spot Price FOB,RBRTE,Europe Brent Spot Price FOB (Dollars per Barrel),71,$/BBL
2021-12-10,ZEU,NA,EPCBRENT,UK Brent Crude Oil,PF4,Spot Price FOB,RBRTE,Europe Brent Spot Price FOB (Dollars per Barrel),74.79,$/BBL
2021-12-17,ZEU,NA,EPCBRENT,UK Brent Crude Oil,PF4,Spot Price FOB,RBRTE,Europe Brent Spot Price FOB (Dollars per Barrel),73.76,$/BBL
2021-12-24,ZEU,NA,EPCBRENT,UK Brent Crude Oil,PF4,Spot Price FOB,RBRTE,Europe Brent Spot Price FOB (Dollars per Barrel),73.91,$/BBL
2021-12-31,ZEU,NA,EPCBRENT,UK Brent Crude Oil,PF4,Spot Price FOB,RBRTE,Europe Brent Spot Price FOB (Dollars per Barrel),78.16,$/BBL
2022-01-07,ZEU,NA,EPCBRENT,UK Brent Crude Oil,PF4,Spot Price FOB,RBRTE,Europe Brent Spot Price FOB (Dollars per Barrel),80.5,$/BBL
2022-01-14,ZEU,NA,EPCBRENT,UK Brent Crude Oil,PF4,Spot Price FOB,RBRTE,Europe Brent Spot Price FOB (Dollars per Barrel),85.07,$/BBL
2022-01-21,ZEU,NA,EPCBRENT,UK Brent Crude Oil,PF4,Spot Price FOB,RBRTE,Europe Brent Spot Price FOB (Dollars per Barrel),89.16,$/BBL
2022-01-28,ZEU,NA,EPCBRENT,UK Brent Crude Oil,PF4,Spot Price FOB,RBRTE,Europe Brent Spot Price FOB (Dollars per Barrel),90.12,$/BBL
2022-02-04,ZEU,NA,EPCBRENT,UK Brent Crude Oil,PF4,Spot Price FOB,RBRTE,Europe Brent Spot Price FOB (Dollars per Barrel),92.77,$/BBL
2022-02-11,ZEU,NA,EPCBRENT,UK Brent Crude Oil,PF4,Spot Price FOB,RBRTE,Europe Brent Spot Price FOB (Dollars per Barrel),96.43,$/BBL
2022-02-18,ZEU,NA,EPCBRENT,UK Brent Crude Oil,PF4,Spot Price FOB,RBRTE,Europe Brent Spot Price FOB (Dollars per Barrel),97.8,$/BBL
2022-02-25,ZEU,NA,EPCBRENT,UK Brent Crude Oil,PF4,Spot Price FOB,RBRTE,Europe Brent Spot Price FOB (Dollars per Barrel),99.36,$/BBL
2022-03-04,ZEU,NA,EPCBRENT,UK Brent Crude Oil,PF4,Spot Price FOB,RBRTE,Europe Brent Spot Price FOB (Dollars per Barrel),114.43,$/BBL
2022-03-11,ZEU,NA,EPCBRENT,UK Brent Crude Oil,PF4,Spot Price FOB,RBRTE,Europe Brent Spot Price FOB (Dollars per Barrel),122.29,$/BBL
2022-03-18,ZEU,NA,EPCBRENT,UK Brent Crude Oil,PF4,Spot Price FOB,RBRTE,Europe Brent Spot Price FOB (Dollars per Barrel),109.59,$/BBL
2022-03-25,ZEU,NA,EPCBRENT,UK Brent Crude Oil,PF4,Spot Price FOB,RBRTE,Europe Brent Spot Price FOB (Dollars per Barrel),123.6,$/BBL
2022-04-01,ZEU,NA,EPCBRENT,UK Brent Crude Oil,PF4,Spot Price FOB,RBRTE,Europe Brent Spot Price FOB (Dollars per Barrel),111.26,$/BBL
2022-04-08,ZEU,NA,EPCBRENT,UK Brent Crude Oil,PF4,Spot Price FOB,RBRTE,Europe Brent Spot Price FOB (Dollars per Barrel),103.33,$/BBL
2022-04-15,ZEU,NA,EPCBRENT,UK Brent Crude Oil,PF4,Spot Price FOB,RBRTE,Europe Brent Spot Price FOB (Dollars per Barrel),105.42,$/BBL
2022-04-22,ZEU,NA,EPCBRENT,UK Brent Crude Oil,PF4,Spot Price FOB,RBRTE,Europe Brent Spot Price FOB (Dollars per Barrel),105.72,$/BBL
2022-04-29,ZEU,NA,EPCBRENT,UK Brent Crude Oil,PF4,Spot Price FOB,RBRTE,Europe Brent Spot Price FOB (Dollars per Barrel),103.92,$/BBL
2022-05-06,ZEU,NA,EPCBRENT,UK Brent Crude Oil,PF4,Spot Price FOB,RBRTE,Europe Brent Spot Price FOB (Dollars per Barrel),110.36,$/BBL
2022-05-13,ZEU,NA,EPCBRENT,UK Brent Crude Oil,PF4,Spot Price FOB,RBRTE,Europe Brent Spot Price FOB (Dollars per Barrel),107.43,$/BBL
2022-05-20,ZEU,NA,EPCBRENT,UK Brent Crude Oil,PF4,Spot Price FOB,RBRTE,Europe Brent Spot Price FOB (Dollars per Barrel),112.93,$/BBL
2022-05-27,ZEU,NA,EPCBRENT,UK Brent Crude Oil,PF4,Spot Price FOB,RBRTE,Europe Brent Spot Price FOB (Dollars per Barrel),117.66,$/BBL
2022-06-03,ZEU,NA,EPCBRENT,UK Brent Crude Oil,PF4,Spot Price FOB,RBRTE,Europe Brent Spot Price FOB (Dollars per Barrel),124.11,$/BBL
2022-06-10,ZEU,NA,EPCBRENT,UK Brent Crude Oil,PF4,Spot Price FOB,RBRTE,Europe Brent Spot Price FOB (Dollars per Barrel),127.4,$/BBL
2022-06-17,ZEU,NA,EPCBRENT,UK Brent Crude Oil,PF4,Spot Price FOB,RBRTE,Europe Brent Spot Price FOB (Dollars per Barrel),125.08,$/BBL
2022-06-24,ZEU,NA,EPCBRENT,UK Brent Crude Oil,PF4,Spot Price FOB,RBRTE,Europe Brent Spot Price FOB (Dollars per Barrel),116.83,$/BBL
2022-07-01,ZEU,NA,EPCBRENT,UK Brent Crude Oil,PF4,Spot Price FOB,RBRTE,Europe Brent Spot Price FOB (Dollars per Barrel),120.34,$/BBL
2022-07-08,ZEU,NA,EPCBRENT,UK Brent Crude Oil,PF4,Spot Price FOB,RBRTE,Europe Brent Spot Price FOB (Dollars per Barrel),113.64,$/BBL
2022-07-15,ZEU,NA,EPCBRENT,UK Brent Crude Oil,PF4,Spot Price FOB,RBRTE,Europe Brent Spot Price FOB (Dollars per Barrel),109.8,$/BBL
2022-07-22,ZEU,NA,EPCBRENT,UK Brent Crude Oil,PF4,Spot Price FOB,RBRTE,Europe Brent Spot Price FOB (Dollars per Barrel),113.53,$/BBL
2022-07-29,ZEU,NA,EPCBRENT,UK Brent Crude Oil,PF4,Spot Price FOB,RBRTE,Europe Brent Spot Price FOB (Dollars per Barrel),109.28,$/BBL
2022-08-05,ZEU,NA,EPCBRENT,UK Brent Crude Oil,PF4,Spot Price FOB,RBRTE,Europe Brent Spot Price FOB (Dollars per Barrel),102.54,$/BBL
2022-08-12,ZEU,NA,EPCBRENT,UK Brent Crude Oil,PF4,Spot Price FOB,RBRTE,Europe Brent Spot Price FOB (Dollars per Barrel),104.64,$/BBL
2022-08-19,ZEU,NA,EPCBRENT,UK Brent Crude Oil,PF4,Spot Price FOB,RBRTE,Europe Brent Spot Price FOB (Dollars per Barrel),96.73,$/BBL
2022-08-26,ZEU,NA,EPCBRENT,UK Brent Crude Oil,PF4,Spot Price FOB,RBRTE,Europe Brent Spot Price FOB (Dollars per Barrel),98.87,$/BBL
2022-09-02,ZEU,NA,EPCBRENT,UK Brent Crude Oil,PF4,Spot Price FOB,RBRTE,Europe Brent Spot Price FOB (Dollars per Barrel),95.31,$/BBL
2022-09-09,ZEU,NA,EPCBRENT,UK Brent Crude Oil,PF4,Spot Price FOB,RBRTE,Europe Brent Spot Price FOB (Dollars per Barrel),90.43,$/BBL
2022-09-16,ZEU,NA,EPCBRENT,UK Brent Crude Oil,PF4,Spot Price FOB,RBRTE,Europe Brent Spot Price FOB (Dollars per Barrel),91.41,$/BBL
2022-09-23,ZEU,NA,EPCBRENT,UK Brent Crude Oil,PF4,Spot Price FOB,RBRTE,Europe Brent Spot Price FOB (Dollars per Barrel),88.54,$/BBL
2022-09-30,ZEU,NA,EPCBRENT,UK Brent Crude Oil,PF4,Spot Price FOB,RBRTE,Europe Brent Spot Price FOB (Dollars per Barrel),87.28,$/BBL
2022-10-07,ZEU,NA,EPCBRENT,UK Brent Crude Oil,PF4,Spot Price FOB,RBRTE,Europe Brent Spot Price FOB (Dollars per Barrel),94.66,$/BBL
2022-10-14,ZEU,NA,EPCBRENT,UK Brent Crude Oil,PF4,Spot Price FOB,RBRTE,Europe Brent Spot Price FOB (Dollars per Barrel),94.62,$/BBL
2022-10-21,ZEU,NA,EPCBRENT,UK Brent Crude Oil,PF4,Spot Price FOB,RBRTE,Europe Brent Spot Price FOB (Dollars per Barrel),91.04,$/BBL
2022-10-28,ZEU,NA,EPCBRENT,UK Brent Crude Oil,PF4,Spot Price FOB,RBRTE,Europe Brent Spot Price FOB (Dollars per Barrel),93.01,$/BBL
2022-11-04,ZEU,NA,EPCBRENT,UK Brent Crude Oil,PF4,Spot Price FOB,RBRTE,Europe Brent Spot Price FOB (Dollars per Barrel),95.86,$/BBL
2022-11-11,ZEU,NA,EPCBRENT,UK Brent Crude Oil,PF4,Spot Price FOB,RBRTE,Europe Brent Spot Price FOB (Dollars per Barrel),96.08,$/BBL
2022-11-18,ZEU,NA,EPCBRENT,UK Brent Crude Oil,PF4,Spot Price FOB,RBRTE,Europe Brent Spot Price FOB (Dollars per Barrel),92.09,$/BBL
2022-11-25,ZEU,NA,EPCBRENT,UK Brent Crude Oil,PF4,Spot Price FOB,RBRTE,Europe Brent Spot Price FOB (Dollars per Barrel),86.4,$/BBL
2022-12-02,ZEU,NA,EPCBRENT,UK Brent Crude Oil,PF4,Spot Price FOB,RBRTE,Europe Brent Spot Price FOB (Dollars per Barrel),85.03,$/BBL
2022-12-09,ZEU,NA,EPCBRENT,UK Brent Crude Oil,PF4,Spot Price FOB,RBRTE,Europe Brent Spot Price FOB (Dollars per Barrel),78.56,$/BBL
2022-12-16,ZEU,NA,EPCBRENT,UK Brent Crude Oil,PF4,Spot Price FOB,RBRTE,Europe Brent Spot Price FOB (Dollars per Barrel),80.8,$/BBL
2022-12-23,ZEU,NA,EPCBRENT,UK Brent Crude Oil,PF4,Spot Price FOB,RBRTE,Europe Brent Spot Price FOB (Dollars per Barrel),80.68,$/BBL
2022-12-30,ZEU,NA,EPCBRENT,UK Brent Crude Oil,PF4,Spot Price FOB,RBRTE,Europe Brent Spot Price FOB (Dollars per Barrel),81.83,$/BBL
2023-01-06,ZEU,NA,EPCBRENT,UK Brent Crude Oil,PF4,Spot Price FOB,RBRTE,Europe Brent Spot Price FOB (Dollars per Barrel),77.2,$/BBL
2023-01-13,ZEU,NA,EPCBRENT,UK Brent Crude Oil,PF4,Spot Price FOB,RBRTE,Europe Brent Spot Price FOB (Dollars per Barrel),80.61,$/BBL
2023-01-20,ZEU,NA,EPCBRENT,UK Brent Crude Oil,PF4,Spot Price FOB,RBRTE,Europe Brent Spot Price FOB (Dollars per Barrel),84.57,$/BBL
2023-01-27,ZEU,NA,EPCBRENT,UK Brent Crude Oil,PF4,Spot Price FOB,RBRTE,Europe Brent Spot Price FOB (Dollars per Barrel),85.9,$/BBL
2023-02-03,ZEU,NA,EPCBRENT,UK Brent Crude Oil,PF4,Spot Price FOB,RBRTE,Europe Brent Spot Price FOB (Dollars per Barrel),81.87,$/BBL
2023-02-10,ZEU,NA,EPCBRENT,UK Brent Crude Oil,PF4,Spot Price FOB,RBRTE,Europe Brent Spot Price FOB (Dollars per Barrel),83.3,$/BBL
2023-02-17,ZEU,NA,EPCBRENT,UK Brent Crude Oil,PF4,Spot Price FOB,RBRTE,Europe Brent Spot Price FOB (Dollars per Barrel),84.17,$/BBL
2023-02-24,ZEU,NA,EPCBRENT,UK Brent Crude Oil,PF4,Spot Price FOB,RBRTE,Europe Brent Spot Price FOB (Dollars per Barrel),81.77,$/BBL
2023-03-03,ZEU,NA,EPCBRENT,UK Brent Crude Oil,PF4,Spot Price FOB,RBRTE,Europe Brent Spot Price FOB (Dollars per Barrel),83.6,$/BBL
2023-03-10,ZEU,NA,EPCBRENT,UK Brent Crude Oil,PF4,Spot Price FOB,RBRTE,Europe Brent Spot Price FOB (Dollars per Barrel),82.86,$/BBL
2023-03-17,ZEU,NA,EPCBRENT,UK Brent Crude Oil,PF4,Spot Price FOB,RBRTE,Europe Brent Spot Price FOB (Dollars per Barrel),74.98,$/BBL
2023-03-24,ZEU,NA,EPCBRENT,UK Brent Crude Oil,PF4,Spot Price FOB,RBRTE,Europe Brent Spot Price FOB (Dollars per Barrel),74.24,$/BBL
2023-03-31,ZEU,NA,EPCBRENT,UK Brent Crude Oil,PF4,Spot Price FOB,RBRTE,Europe Brent Spot Price FOB (Dollars per Barrel),78,$/BBL
2023-04-07,ZEU,NA,EPCBRENT,UK Brent Crude Oil,PF4,Spot Price FOB,RBRTE,Europe Brent Spot Price FOB (Dollars per Barrel),85.99,$/BBL
2023-04-14,ZEU,NA,EPCBRENT,UK Brent Crude Oil,PF4,Spot Price FOB,RBRTE,Europe Brent Spot Price FOB (Dollars per Barrel),87.36,$/BBL
2023-04-21,ZEU,NA,EPCBRENT,UK Brent Crude Oil,PF4,Spot Price FOB,RBRTE,Europe Brent Spot Price FOB (Dollars per Barrel),84.62,$/BBL
2023-04-28,ZEU,NA,EPCBRENT,UK Brent Crude Oil,PF4,Spot Price FOB,RBRTE,Europe Brent Spot Price FOB (Dollars per Barrel),81.4,$/BBL
2023-05-05,ZEU,NA,EPCBRENT,UK Brent Crude Oil,PF4,Spot Price FOB,RBRTE,Europe Brent Spot Price FOB (Dollars per Barrel),74.62,$/BBL
2023-05-12,ZEU,NA,EPCBRENT,UK Brent Crude Oil,PF4,Spot Price FOB,RBRTE,Europe Brent Spot Price FOB (Dollars per Barrel),76.08,$/BBL
2023-05-19,ZEU,NA,EPCBRENT,UK Brent Crude Oil,PF4,Spot Price FOB,RBRTE,Europe Brent Spot Price FOB (Dollars per Barrel),75.75,$/BBL
2023-05-26,ZEU,NA,EPCBRENT,UK Brent Crude Oil,PF4,Spot Price FOB,RBRTE,Europe Brent Spot Price FOB (Dollars per Barrel),76.48,$/BBL
2023-06-02,ZEU,NA,EPCBRENT,UK Brent Crude Oil,PF4,Spot Price FOB,RBRTE,Europe Brent Spot Price FOB (Dollars per Barrel),73.89,$/BBL
2023-06-09,ZEU,NA,EPCBRENT,UK Brent Crude Oil,PF4,Spot Price FOB,RBRTE,Europe Brent Spot Price FOB (Dollars per Barrel),76.06,$/BBL
2023-06-16,ZEU,NA,EPCBRENT,UK Brent Crude Oil,PF4,Spot Price FOB,RBRTE,Europe Brent Spot Price FOB (Dollars per Barrel),74.39,$/BBL
2023-06-23,ZEU,NA,EPCBRENT,UK Brent Crude Oil,PF4,Spot Price FOB,RBRTE,Europe Brent Spot Price FOB (Dollars per Barrel),75.26,$/BBL
2023-06-30,ZEU,NA,EPCBRENT,UK Brent Crude Oil,PF4,Spot Price FOB,RBRTE,Europe Brent Spot Price FOB (Dollars per Barrel),73.55,$/BBL
2023-07-07,ZEU,NA,EPCBRENT,UK Brent Crude Oil,PF4,Spot Price FOB,RBRTE,Europe Brent Spot Price FOB (Dollars per Barrel),76.6,$/BBL
2023-07-14,ZEU,NA,EPCBRENT,UK Brent Crude Oil,PF4,Spot Price FOB,RBRTE,Europe Brent Spot Price FOB (Dollars per Barrel),79.79,$/BBL
2023-07-21,ZEU,NA,EPCBRENT,UK Brent Crude Oil,PF4,Spot Price FOB,RBRTE,Europe Brent Spot Price FOB (Dollars per Barrel),79.48,$/BBL
2023-07-28,ZEU,NA,EPCBRENT,UK Brent Crude Oil,PF4,Spot Price FOB,RBRTE,Europe Brent Spot Price FOB (Dollars per Barrel),83.55,$/BBL
2023-08-04,ZEU,NA,EPCBRENT,UK Brent Crude Oil,PF4,Spot Price FOB,RBRTE,Europe Brent Spot Price FOB (Dollars per Barrel),85.63,$/BBL
2023-08-11,ZEU,NA,EPCBRENT,UK Brent Crude Oil,PF4,Spot Price FOB,RBRTE,Europe Brent Spot Price FOB (Dollars per Barrel),87.83,$/BBL
2023-08-18,ZEU,NA,EPCBRENT,UK Brent Crude Oil,PF4,Spot Price FOB,RBRTE,Europe Brent Spot Price FOB (Dollars per Barrel),85.87,$/BBL
2023-08-25,ZEU,NA,EPCBRENT,UK Brent Crude Oil,PF4,Spot Price FOB,RBRTE,Europe Brent Spot Price FOB (Dollars per Barrel),84.71,$/BBL
2023-09-01,ZEU,NA,EPCBRENT,UK Brent Crude Oil,PF4,Spot Price FOB,RBRTE,Europe Brent Spot Price FOB (Dollars per Barrel),87.57,$/BBL
2023-09-08,ZEU,NA,EPCBRENT,UK Brent Crude Oil,PF4,Spot Price FOB,RBRTE,Europe Brent Spot Price FOB (Dollars per Barrel),91.29,$/BBL
2023-09-15,ZEU,NA,EPCBRENT,UK Brent Crude Oil,PF4,Spot Price FOB,RBRTE,Europe Brent Spot Price FOB (Dollars per Barrel),93.87,$/BBL
2023-09-22,ZEU,NA,EPCBRENT,UK Brent Crude Oil,PF4,Spot Price FOB,RBRTE,Europe Brent Spot Price FOB (Dollars per Barrel),94.86,$/BBL
2023-09-29,ZEU,NA,EPCBRENT,UK Brent Crude Oil,PF4,Spot Price FOB,RBRTE,Europe Brent Spot Price FOB (Dollars per Barrel),95.61,$/BBL
2023-10-06,ZEU,NA,EPCBRENT,UK Brent Crude Oil,PF4,Spot Price FOB,RBRTE,Europe Brent Spot Price FOB (Dollars per Barrel),90.33,$/BBL
2023-10-13,ZEU,NA,EPCBRENT,UK Brent Crude Oil,PF4,Spot Price FOB,RBRTE,Europe Brent Spot Price FOB (Dollars per Barrel),90.48,$/BBL
2023-10-20,ZEU,NA,EPCBRENT,UK Brent Crude Oil,PF4,Spot Price FOB,RBRTE,Europe Brent Spot Price FOB (Dollars per Barrel),92.47,$/BBL
2023-10-27,ZEU,NA,EPCBRENT,UK Brent Crude Oil,PF4,Spot Price FOB,RBRTE,Europe Brent Spot Price FOB (Dollars per Barrel),89.84,$/BBL
2023-11-03,ZEU,NA,EPCBRENT,UK Brent Crude Oil,PF4,Spot Price FOB,RBRTE,Europe Brent Spot Price FOB (Dollars per Barrel),88.21,$/BBL
2023-11-10,ZEU,NA,EPCBRENT,UK Brent Crude Oil,PF4,Spot Price FOB,RBRTE,Europe Brent Spot Price FOB (Dollars per Barrel),83.52,$/BBL
2023-11-17,ZEU,NA,EPCBRENT,UK Brent Crude Oil,PF4,Spot Price FOB,RBRTE,Europe Brent Spot Price FOB (Dollars per Barrel),81.93,$/BBL
2023-11-24,ZEU,NA,EPCBRENT,UK Brent Crude Oil,PF4,Spot Price FOB,RBRTE,Europe Brent Spot Price FOB (Dollars per Barrel),81.62,$/BBL
2023-12-01,ZEU,NA,EPCBRENT,UK Brent Crude Oil,PF4,Spot Price FOB,RBRTE,Europe Brent Spot Price FOB (Dollars per Barrel),80.91,$/BBL
2023-12-08,ZEU,NA,EPCBRENT,UK Brent Crude Oil,PF4,Spot Price FOB,RBRTE,Europe Brent Spot Price FOB (Dollars per Barrel),75.98,$/BBL
2023-12-15,ZEU,NA,EPCBRENT,UK Brent Crude Oil,PF4,Spot Price FOB,RBRTE,Europe Brent Spot Price FOB (Dollars per Barrel),75.58,$/BBL
2023-12-22,ZEU,NA,EPCBRENT,UK Brent Crude Oil,PF4,Spot Price FOB,RBRTE,Europe Brent Spot Price FOB (Dollars per Barrel),80.15,$/BBL
2023-12-29,ZEU,NA,EPCBRENT,UK Brent Crude Oil,PF4,Spot Price FOB,RBRTE,Europe Brent Spot Price FOB (Dollars per Barrel),79.23,$/BBL
2024-01-05,ZEU,NA,EPCBRENT,UK Brent Crude Oil,PF4,Spot Price FOB,RBRTE,Europe Brent Spot Price FOB (Dollars per Barrel),76.88,$/BBL
2024-01-12,ZEU,NA,EPCBRENT,UK Brent Crude Oil,PF4,Spot Price FOB,RBRTE,Europe Brent Spot Price FOB (Dollars per Barrel),78.4,$/BBL
2024-01-19,ZEU,NA,EPCBRENT,UK Brent Crude Oil,PF4,Spot Price FOB,RBRTE,Europe Brent Spot Price FOB (Dollars per Barrel),80.11,$/BBL
2024-01-26,ZEU,NA,EPCBRENT,UK Brent Crude Oil,PF4,Spot Price FOB,RBRTE,Europe Brent Spot Price FOB (Dollars per Barrel),82.31,$/BBL
2024-02-02,ZEU,NA,EPCBRENT,UK Brent Crude Oil,PF4,Spot Price FOB,RBRTE,Europe Brent Spot Price FOB (Dollars per Barrel),82.57,$/BBL
2024-02-09,ZEU,NA,EPCBRENT,UK Brent Crude Oil,PF4,Spot Price FOB,RBRTE,Europe Brent Spot Price FOB (Dollars per Barrel),81.51,$/BBL
2024-02-16,ZEU,NA,EPCBRENT,UK Brent Crude Oil,PF4,Spot Price FOB,RBRTE,Europe Brent Spot Price FOB (Dollars per Barrel),84.44,$/BBL
2024-02-23,ZEU,NA,EPCBRENT,UK Brent Crude Oil,PF4,Spot Price FOB,RBRTE,Europe Brent Spot Price FOB (Dollars per Barrel),85.02,$/BBL
2024-03-01,ZEU,NA,EPCBRENT,UK Brent Crude Oil,PF4,Spot Price FOB,RBRTE,Europe Brent Spot Price FOB (Dollars per Barrel),84.26,$/BBL
2024-03-08,ZEU,NA,EPCBRENT,UK Brent Crude Oil,PF4,Spot Price FOB,RBRTE,Europe Brent Spot Price FOB (Dollars per Barrel),85.63,$/BBL
2024-03-15,ZEU,NA,EPCBRENT,UK Brent Crude Oil,PF4,Spot Price FOB,RBRTE,Europe Brent Spot Price FOB (Dollars per Barrel),84.52,$/BBL
2024-03-22,ZEU,NA,EPCBRENT,UK Brent Crude Oil,PF4,Spot Price FOB,RBRTE,Europe Brent Spot Price FOB (Dollars per Barrel),85.88,$/BBL
2024-03-29,ZEU,NA,EPCBRENT,UK Brent Crude Oil,PF4,Spot Price FOB,RBRTE,Europe Brent Spot Price FOB (Dollars per Barrel),85.8,$/BBL
2024-04-05,ZEU,NA,EPCBRENT,UK Brent Crude Oil,PF4,Spot Price FOB,RBRTE,Europe Brent Spot Price FOB (Dollars per Barrel),90.34,$/BBL
2024-04-12,ZEU,NA,EPCBRENT,UK Brent Crude Oil,PF4,Spot Price FOB,RBRTE,Europe Brent Spot Price FOB (Dollars per Barrel),92.01,$/BBL
2024-04-19,ZEU,NA,EPCBRENT,UK Brent Crude Oil,PF4,Spot Price FOB,RBRTE,Europe Brent Spot Price FOB (Dollars per Barrel),89.59,$/BBL
2024-04-26,ZEU,NA,EPCBRENT,UK Brent Crude Oil,PF4,Spot Price FOB,RBRTE,Europe Brent Spot Price FOB (Dollars per Barrel),88.53,$/BBL
2024-05-03,ZEU,NA,EPCBRENT,UK Brent Crude Oil,PF4,Spot Price FOB,RBRTE,Europe Brent Spot Price FOB (Dollars per Barrel),85.73,$/BBL
2024-05-10,ZEU,NA,EPCBRENT,UK Brent Crude Oil,PF4,Spot Price FOB,RBRTE,Europe Brent Spot Price FOB (Dollars per Barrel),82.95,$/BBL
2024-05-17,ZEU,NA,EPCBRENT,UK Brent Crude Oil,PF4,Spot Price FOB,RBRTE,Europe Brent Spot Price FOB (Dollars per Barrel),81.61,$/BBL
2024-05-24,ZEU,NA,EPCBRENT,UK Brent Crude Oil,PF4,Spot Price FOB,RBRTE,Europe Brent Spot Price FOB (Dollars per Barrel),80.24,$/BBL
2024-05-31,ZEU,NA,EPCBRENT,UK Brent Crude Oil,PF4,Spot Price FOB,RBRTE,Europe Brent Spot Price FOB (Dollars per Barrel),80.92,$/BBL
2024-06-07,ZEU,NA,EPCBRENT,UK Brent Crude Oil,PF4,Spot Price FOB,RBRTE,Europe Brent Spot Price FOB (Dollars per Barrel),76.59,$/BBL
2024-06-14,ZEU,NA,EPCBRENT,UK Brent Crude Oil,PF4,Spot Price FOB,RBRTE,Europe Brent Spot Price FOB (Dollars per Barrel),80.64,$/BBL
2024-06-21,ZEU,NA,EPCBRENT,UK Brent Crude Oil,PF4,Spot Price FOB,RBRTE,Europe Brent Spot Price FOB (Dollars per Barrel),85.04,$/BBL
2024-06-28,ZEU,NA,EPCBRENT,UK Brent Crude Oil,PF4,Spot Price FOB,RBRTE,Europe Brent Spot Price FOB (Dollars per Barrel),86.72,$/BBL
2024-07-05,ZEU,NA,EPCBRENT,UK Brent Crude Oil,PF4,Spot Price FOB,RBRTE,Europe Brent Spot Price FOB (Dollars per Barrel),88.02,$/BBL
2024-07-12,ZEU,NA,EPCBRENT,UK Brent Crude Oil,PF4,Spot Price FOB,RBRTE,Europe Brent Spot Price FOB (Dollars per Barrel),86.8,$/BBL
2024-07-19,ZEU,NA,EPCBRENT,UK Brent Crude Oil,PF4,Spot Price FOB,RBRTE,Europe Brent Spot Price FOB (Dollars per Barrel),86.05,$/BBL
2024-07-26,ZEU,NA,EPCBRENT,UK Brent Crude Oil,PF4,Spot Price FOB,RBRTE,Europe Brent Spot Price FOB (Dollars per Barrel),82.52,$/BBL
2024-08-02,ZEU,NA,EPCBRENT,UK Brent Crude Oil,PF4,Spot Price FOB,RBRTE,Europe Brent Spot Price FOB (Dollars per Barrel),80.26,$/BBL
2024-08-09,ZEU,NA,EPCBRENT,UK Brent Crude Oil,PF4,Spot Price FOB,RBRTE,Europe Brent Spot Price FOB (Dollars per Barrel),78.84,$/BBL
2024-08-16,ZEU,NA,EPCBRENT,UK Brent Crude Oil,PF4,Spot Price FOB,RBRTE,Europe Brent Spot Price FOB (Dollars per Barrel),82.47,$/BBL
2024-08-23,ZEU,NA,EPCBRENT,UK Brent Crude Oil,PF4,Spot Price FOB,RBRTE,Europe Brent Spot Price FOB (Dollars per Barrel),79.57,$/BBL
2024-08-30,ZEU,NA,EPCBRENT,UK Brent Crude Oil,PF4,Spot Price FOB,RBRTE,Europe Brent Spot Price FOB (Dollars per Barrel),80.83,$/BBL
2024-09-06,ZEU,NA,EPCBRENT,UK Brent Crude Oil,PF4,Spot Price FOB,RBRTE,Europe Brent Spot Price FOB (Dollars per Barrel),75.25,$/BBL
2024-09-13,ZEU,NA,EPCBRENT,UK Brent Crude Oil,PF4,Spot Price FOB,RBRTE,Europe Brent Spot Price FOB (Dollars per Barrel),72.1,$/BBL
2024-09-20,ZEU,NA,EPCBRENT,UK Brent Crude Oil,PF4,Spot Price FOB,RBRTE,Europe Brent Spot Price FOB (Dollars per Barrel),74.98,$/BBL
2024-09-27,ZEU,NA,EPCBRENT,UK Brent Crude Oil,PF4,Spot Price FOB,RBRTE,Europe Brent Spot Price FOB (Dollars per Barrel),74.07,$/BBL
2024-10-04,ZEU,NA,EPCBRENT,UK Brent Crude Oil,PF4,Spot Price FOB,RBRTE,Europe Brent Spot Price FOB (Dollars per Barrel),75.88,$/BBL
2024-10-11,ZEU,NA,EPCBRENT,UK Brent Crude Oil,PF4,Spot Price FOB,RBRTE,Europe Brent Spot Price FOB (Dollars per Barrel),79.34,$/BBL
2024-10-18,ZEU,NA,EPCBRENT,UK Brent Crude Oil,PF4,Spot Price FOB,RBRTE,Europe Brent Spot Price FOB (Dollars per Barrel),74.58,$/BBL
2024-10-25,ZEU,NA,EPCBRENT,UK Brent Crude Oil,PF4,Spot Price FOB,RBRTE,Europe Brent Spot Price FOB (Dollars per Barrel),74.69,$/BBL
2024-11-01,ZEU,NA,EPCBRENT,UK Brent Crude Oil,PF4,Spot Price FOB,RBRTE,Europe Brent Spot Price FOB (Dollars per Barrel),72.61,$/BBL
2024-11-08,ZEU,NA,EPCBRENT,UK Brent Crude Oil,PF4,Spot Price FOB,RBRTE,Europe Brent Spot Price FOB (Dollars per Barrel),75.63,$/BBL
2024-11-15,ZEU,NA,EPCBRENT,UK Brent Crude Oil,PF4,Spot Price FOB,RBRTE,Europe Brent Spot Price FOB (Dollars per Barrel),72.89,$/BBL
2024-11-22,ZEU,NA,EPCBRENT,UK Brent Crude Oil,PF4,Spot Price FOB,RBRTE,Europe Brent Spot Price FOB (Dollars per Barrel),74.84,$/BBL
2024-11-29,ZEU,NA,EPCBRENT,UK Brent Crude Oil,PF4,Spot Price FOB,RBRTE,Europe Brent Spot Price FOB (Dollars per Barrel),74.16,$/BBL
2024-12-06,ZEU,NA,EPCBRENT,UK Brent Crude Oil,PF4,Spot Price FOB,RBRTE,Europe Brent Spot Price FOB (Dollars per Barrel),73.97,$/BBL
2024-12-13,ZEU,NA,EPCBRENT,UK Brent Crude Oil,PF4,Spot Price FOB,RBRTE,Europe Brent Spot Price FOB (Dollars per Barrel),74.03,$/BBL
2024-12-20,ZEU,NA,EPCBRENT,UK Brent Crude Oil,PF4,Spot Price FOB,RBRTE,Europe Brent Spot Price FOB (Dollars per Barrel),73.79,$/BBL
2024-12-27,ZEU,NA,EPCBRENT,UK Brent Crude Oil,PF4,Spot Price FOB,RBRTE,Europe Brent Spot Price FOB (Dollars per Barrel),73.13,$/BBL
2025-01-03,ZEU,NA,EPCBRENT,UK Brent Crude Oil,PF4,Spot Price FOB,RBRTE,Europe Brent Spot Price FOB (Dollars per Barrel),75.42,$/BBL
2025-01-10,ZEU,NA,EPCBRENT,UK Brent Crude Oil,PF4,Spot Price FOB,RBRTE,Europe Brent Spot Price FOB (Dollars per Barrel),78.14,$/BBL
2025-01-17,ZEU,NA,EPCBRENT,UK Brent Crude Oil,PF4,Spot Price FOB,RBRTE,Europe Brent Spot Price FOB (Dollars per Barrel),82.79,$/BBL
2025-01-24,ZEU,NA,EPCBRENT,UK Brent Crude Oil,PF4,Spot Price FOB,RBRTE,Europe Brent Spot Price FOB (Dollars per Barrel),79.92,$/BBL
2025-01-31,ZEU,NA,EPCBRENT,UK Brent Crude Oil,PF4,Spot Price FOB,RBRTE,Europe Brent Spot Price FOB (Dollars per Barrel),77.37,$/BBL
2025-02-07,ZEU,NA,EPCBRENT,UK Brent Crude Oil,PF4,Spot Price FOB,RBRTE,Europe Brent Spot Price FOB (Dollars per Barrel),75.4,$/BBL
2025-02-14,ZEU,NA,EPCBRENT,UK Brent Crude Oil,PF4,Spot Price FOB,RBRTE,Europe Brent Spot Price FOB (Dollars per Barrel),76.01,$/BBL
2025-02-21,ZEU,NA,EPCBRENT,UK Brent Crude Oil,PF4,Spot Price FOB,RBRTE,Europe Brent Spot Price FOB (Dollars per Barrel),76.09,$/BBL
2025-02-28,ZEU,NA,EPCBRENT,UK Brent Crude Oil,PF4,Spot Price FOB,RBRTE,Europe Brent Spot Price FOB (Dollars per Barrel),74.25,$/BBL
2025-03-07,ZEU,NA,EPCBRENT,UK Brent Crude Oil,PF4,Spot Price FOB,RBRTE,Europe Brent Spot Price FOB (Dollars per Barrel),71.93,$/BBL
2025-03-14,ZEU,NA,EPCBRENT,UK Brent Crude Oil,PF4,Spot Price FOB,RBRTE,Europe Brent Spot Price FOB (Dollars per Barrel),71.54,$/BBL
2025-03-21,ZEU,NA,EPCBRENT,UK Brent Crude Oil,PF4,Spot Price FOB,RBRTE,Europe Brent Spot Price FOB (Dollars per Barrel),72.21,$/BBL
2025-03-28,ZEU,NA,EPCBRENT,UK Brent Crude Oil,PF4,Spot Price FOB,RBRTE,Europe Brent Spot Price FOB (Dollars per Barrel),74.35,$/BBL
2025-04-04,ZEU,NA,EPCBRENT,UK Brent Crude Oil,PF4,Spot Price FOB,RBRTE,Europe Brent Spot Price FOB (Dollars per Barrel),74.64,$/BBL
2025-04-11,ZEU,NA,EPCBRENT,UK Brent Crude Oil,PF4,Spot Price FOB,RBRTE,Europe Brent Spot Price FOB (Dollars per Barrel),66.1,$/BBL
2025-04-18,ZEU,NA,EPCBRENT,UK Brent Crude Oil,PF4,Spot Price FOB,RBRTE,Europe Brent Spot Price FOB (Dollars per Barrel),67.76,$/BBL
2025-04-25,ZEU,NA,EPCBRENT,UK Brent Crude Oil,PF4,Spot Price FOB,RBRTE,Europe Brent Spot Price FOB (Dollars per Barrel),67.92,$/BBL
2025-05-02,ZEU,NA,EPCBRENT,UK Brent Crude Oil,PF4,Spot Price FOB,RBRTE,Europe Brent Spot Price FOB (Dollars per Barrel),63.5,$/BBL
2025-05-09,ZEU,NA,EPCBRENT,UK Brent Crude Oil,PF4,Spot Price FOB,RBRTE,Europe Brent Spot Price FOB (Dollars per Barrel),62.29,$/BBL
2025-05-16,ZEU,NA,EPCBRENT,UK Brent Crude Oil,PF4,Spot Price FOB,RBRTE,Europe Brent Spot Price FOB (Dollars per Barrel),65.54,$/BBL
2025-05-23,ZEU,NA,EPCBRENT,UK Brent Crude Oil,PF4,Spot Price FOB,RBRTE,Europe Brent Spot Price FOB (Dollars per Barrel),65.86,$/BBL
2025-05-30,ZEU,NA,EPCBRENT,UK Brent Crude Oil,PF4,Spot Price FOB,RBRTE,Europe Brent Spot Price FOB (Dollars per Barrel),64.74,$/BBL
2025-06-06,ZEU,NA,EPCBRENT,UK Brent Crude Oil,PF4,Spot Price FOB,RBRTE,Europe Brent Spot Price FOB (Dollars per Barrel),67.18,$/BBL
2025-06-13,ZEU,NA,EPCBRENT,UK Brent Crude Oil,PF4,Spot Price FOB,RBRTE,Europe Brent Spot Price FOB (Dollars per Barrel),71.05,$/BBL
2025-06-20,ZEU,NA,EPCBRENT,UK Brent Crude Oil,PF4,Spot Price FOB,RBRTE,Europe Brent Spot Price FOB (Dollars per Barrel),78.25,$/BBL
2025-06-27,ZEU,NA,EPCBRENT,UK Brent Crude Oil,PF4,Spot Price FOB,RBRTE,Europe Brent Spot Price FOB (Dollars per Barrel),69.96,$/BBL
2025-07-04,ZEU,NA,EPCBRENT,UK Brent Crude Oil,PF4,Spot Price FOB,RBRTE,Europe Brent Spot Price FOB (Dollars per Barrel),69.61,$/BBL
2025-07-11,ZEU,NA,EPCBRENT,UK Brent Crude Oil,PF4,Spot Price FOB,RBRTE,Europe Brent Spot Price FOB (Dollars per Barrel),71.77,$/BBL
2025-07-18,ZEU,NA,EPCBRENT,UK Brent Crude Oil,PF4,Spot Price FOB,RBRTE,Europe Brent Spot Price FOB (Dollars per Barrel),70.66,$/BBL
2025-07-25,ZEU,NA,EPCBRENT,UK Brent Crude Oil,PF4,Spot Price FOB,RBRTE,Europe Brent Spot Price FOB (Dollars per Barrel),70.09,$/BBL
2025-08-01,ZEU,NA,EPCBRENT,UK Brent Crude Oil,PF4,Spot Price FOB,RBRTE,Europe Brent Spot Price FOB (Dollars per Barrel),72.41,$/BBL
2025-08-08,ZEU,NA,EPCBRENT,UK Brent Crude Oil,PF4,Spot Price FOB,RBRTE,Europe Brent Spot Price FOB (Dollars per Barrel),68.17,$/BBL
2025-08-15,ZEU,NA,EPCBRENT,UK Brent Crude Oil,PF4,Spot Price FOB,RBRTE,Europe Brent Spot Price FOB (Dollars per Barrel),67.17,$/BBL
2025-08-22,ZEU,NA,EPCBRENT,UK Brent Crude Oil,PF4,Spot Price FOB,RBRTE,Europe Brent Spot Price FOB (Dollars per Barrel),67.82,$/BBL
2025-08-29,ZEU,NA,EPCBRENT,UK Brent Crude Oil,PF4,Spot Price FOB,RBRTE,Europe Brent Spot Price FOB (Dollars per Barrel),67.77,$/BBL
2025-09-05,ZEU,NA,EPCBRENT,UK Brent Crude Oil,PF4,Spot Price FOB,RBRTE,Europe Brent Spot Price FOB (Dollars per Barrel),66.85,$/BBL
2025-09-12,ZEU,NA,EPCBRENT,UK Brent Crude Oil,PF4,Spot Price FOB,RBRTE,Europe Brent Spot Price FOB (Dollars per Barrel),67.23,$/BBL
2025-09-19,ZEU,NA,EPCBRENT,UK Brent Crude Oil,PF4,Spot Price FOB,RBRTE,Europe Brent Spot Price FOB (Dollars per Barrel),68.33,$/BBL
2025-09-26,ZEU,NA,EPCBRENT,UK Brent Crude Oil,PF4,Spot Price FOB,RBRTE,Europe Brent Spot Price FOB (Dollars per Barrel),69.22,$/BBL
2025-10-03,ZEU,NA,EPCBRENT,UK Brent Crude Oil,PF4,Spot Price FOB,RBRTE,Europe Brent Spot Price FOB (Dollars per Barrel),67.15,$/BBL
2025-10-10,ZEU,NA,EPCBRENT,UK Brent Crude Oil,PF4,Spot Price FOB,RBRTE,Europe Brent Spot Price FOB (Dollars per Barrel),66.65,$/BBL
2025-10-17,ZEU,NA,EPCBRENT,UK Brent Crude Oil,PF4,Spot Price FOB,RBRTE,Europe Brent Spot Price FOB (Dollars per Barrel),62.36,$/BBL
2025-10-24,ZEU,NA,EPCBRENT,UK Brent Crude Oil,PF4,Spot Price FOB,RBRTE,Europe Brent Spot Price FOB (Dollars per Barrel),63.22,$/BBL
2025-10-31,ZEU,NA,EPCBRENT,UK Brent Crude Oil,PF4,Spot Price FOB,RBRTE,Europe Brent Spot Price FOB (Dollars per Barrel),65.02,$/BBL
2025-11-07,ZEU,NA,EPCBRENT,UK Brent Crude Oil,PF4,Spot Price FOB,RBRTE,Europe Brent Spot Price FOB (Dollars per Barrel),64.3,$/BBL
2025-11-14,ZEU,NA,EPCBRENT,UK Brent Crude Oil,PF4,Spot Price FOB,RBRTE,Europe Brent Spot Price FOB (Dollars per Barrel),62.87,$/BBL
2025-11-21,ZEU,NA,EPCBRENT,UK Brent Crude Oil,PF4,Spot Price FOB,RBRTE,Europe Brent Spot Price FOB (Dollars per Barrel),63.64,$/BBL
2025-11-28,ZEU,NA,EPCBRENT,UK Brent Crude Oil,PF4,Spot Price FOB,RBRTE,Europe Brent Spot Price FOB (Dollars per Barrel),64.38,$/BBL
2025-12-05,ZEU,NA,EPCBRENT,UK Brent Crude Oil,PF4,Spot Price FOB,RBRTE,Europe Brent Spot Price FOB (Dollars per Barrel),63.98,$/BBL
2025-12-12,ZEU,NA,EPCBRENT,UK Brent Crude Oil,PF4,Spot Price FOB,RBRTE,Europe Brent Spot Price FOB (Dollars per Barrel),62.6,$/BBL
2025-12-19,ZEU,NA,EPCBRENT,UK Brent Crude Oil,PF4,Spot Price FOB,RBRTE,Europe Brent Spot Price FOB (Dollars per Barrel),60.83,$/BBL
2025-12-26,ZEU,NA,EPCBRENT,UK Brent Crude Oil,PF4,Spot Price FOB,RBRTE,Europe Brent Spot Price FOB (Dollars per Barrel),63.21,$/BBL
2026-01-02,ZEU,NA,EPCBRENT,UK Brent Crude Oil,PF4,Spot Price FOB,RBRTE,Europe Brent Spot Price FOB (Dollars per Barrel),62.18,$/BBL
2026-01-09,ZEU,NA,EPCBRENT,UK Brent Crude Oil,PF4,Spot Price FOB,RBRTE,Europe Brent Spot Price FOB (Dollars per Barrel),62.93,$/BBL
2026-01-16,ZEU,NA,EPCBRENT,UK Brent Crude Oil,PF4,Spot Price FOB,RBRTE,Europe Brent Spot Price FOB (Dollars per Barrel),67,$/BBL
2026-01-23,ZEU,NA,EPCBRENT,UK Brent Crude Oil,PF4,Spot Price FOB,RBRTE,Europe Brent Spot Price FOB (Dollars per Barrel),66.99,$/BBL
2026-01-30,ZEU,NA,EPCBRENT,UK Brent Crude Oil,PF4,Spot Price FOB,RBRTE,Europe Brent Spot Price FOB (Dollars per Barrel),70.43,$/BBL
2026-02-06,ZEU,NA,EPCBRENT,UK Brent Crude Oil,PF4,Spot Price FOB,RBRTE,Europe Brent Spot Price FOB (Dollars per Barrel),69.84,$/BBL
2026-02-13,ZEU,NA,EPCBRENT,UK Brent Crude Oil,PF4,Spot Price FOB,RBRTE,Europe Brent Spot Price FOB (Dollars per Barrel),70.7,$/BBL
2026-02-20,ZEU,NA,EPCBRENT,UK Brent Crude Oil,PF4,Spot Price FOB,RBRTE,Europe Brent Spot Price FOB (Dollars per Barrel),71.66,$/BBL
2026-02-27,ZEU,NA,EPCBRENT,UK Brent Crude Oil,PF4,Spot Price FOB,RBRTE,Europe Brent Spot Price FOB (Dollars per Barrel),71.36,$/BBL
2026-03-06,ZEU,NA,EPCBRENT,UK Brent Crude Oil,PF4,Spot Price FOB,RBRTE,Europe Brent Spot Price FOB (Dollars per Barrel),85.28,$/BBL
2026-03-13,ZEU,NA,EPCBRENT,UK Brent Crude Oil,PF4,Spot Price FOB,RBRTE,Europe Brent Spot Price FOB (Dollars per Barrel),96.16,$/BBL
2026-03-20,ZEU,NA,EPCBRENT,UK Brent Crude Oil,PF4,Spot Price FOB,RBRTE,Europe Brent Spot Price FOB (Dollars per Barrel),111.4,$/BBL
2026-03-27,ZEU,NA,EPCBRENT,UK Brent Crude Oil,PF4,Spot Price FOB,RBRTE,Europe Brent Spot Price FOB (Dollars per Barrel),111.24,$/BBL
2026-04-03,ZEU,NA,EPCBRENT,UK Brent Crude Oil,PF4,Spot Price FOB,RBRTE,Europe Brent Spot Price FOB (Dollars per Barrel),123.94,$/BBL
2026-04-10,ZEU,NA,EPCBRENT,UK Brent Crude Oil,PF4,Spot Price FOB,RBRTE,Europe Brent Spot Price FOB (Dollars per Barrel),124.61,$/BBL
2026-04-17,ZEU,NA,EPCBRENT,UK Brent Crude Oil,PF4,Spot Price FOB,RBRTE,Europe Brent Spot Price FOB (Dollars per Barrel),114.43,$/BBL
2026-04-24,ZEU,NA,EPCBRENT,UK Brent Crude Oil,PF4,Spot Price FOB,RBRTE,Europe Brent Spot Price FOB (Dollars per Barrel),109.62,$/BBL
2026-05-01,ZEU,NA,EPCBRENT,UK Brent Crude Oil,PF4,Spot Price FOB,RBRTE,Europe Brent Spot Price FOB (Dollars per Barrel),119.63,$/BBL
2026-05-08,ZEU,NA,EPCBRENT,UK Brent Crude Oil,PF4,Spot Price FOB,RBRTE,Europe Brent Spot Price FOB (Dollars per Barrel),105.88,$/BBL
2026-05-15,ZEU,NA,EPCBRENT,UK Brent Crude Oil,PF4,Spot Price FOB,RBRTE,Europe Brent Spot Price FOB (Dollars per Barrel),110.53,$/BBL
2026-05-22,ZEU,NA,EPCBRENT,UK Brent Crude Oil,PF4,Spot Price FOB,RBRTE,Europe Brent Spot Price FOB (Dollars per Barrel),110.61,$/BBL
2026-05-29,ZEU,NA,EPCBRENT,UK Brent Crude Oil,PF4,Spot Price FOB,RBRTE,Europe Brent Spot Price FOB (Dollars per Barrel),97.05,$/BBL
2026-06-05,ZEU,NA,EPCBRENT,UK Brent Crude Oil,PF4,Spot Price FOB,RBRTE,Europe Brent Spot Price FOB (Dollars per Barrel),98.95,$/BBL
2026-06-12,ZEU,NA,EPCBRENT,UK Brent Crude Oil,PF4,Spot Price FOB,RBRTE,Europe Brent Spot Price FOB (Dollars per Barrel),93.76,$/BBL
2026-06-19,ZEU,NA,EPCBRENT,UK Brent Crude Oil,PF4,Spot Price FOB,RBRTE,Europe Brent Spot Price FOB (Dollars per Barrel),81,$/BBL
2026-06-26,ZEU,NA,EPCBRENT,UK Brent Crude Oil,PF4,Spot Price FOB,RBRTE,Europe Brent Spot Price FOB (Dollars per Barrel),73.63,$/BBL
2026-07-03,ZEU,NA,EPCBRENT,UK Brent Crude Oil,PF4,Spot Price FOB,RBRTE,Europe Brent Spot Price FOB (Dollars per Barrel),69.7,$/BBL
2026-07-10,ZEU,NA,EPCBRENT,UK Brent Crude Oil,PF4,Spot Price FOB,RBRTE,Europe Brent Spot Price FOB (Dollars per Barrel),73.33,$/BBL
2026-07-17,ZEU,NA,EPCBRENT,UK Brent Crude Oil,PF4,Spot Price FOB,RBRTE,Europe Brent Spot Price FOB (Dollars per Barrel),82.93,$/BBL
2026-07-24,ZEU,NA,EPCBRENT,UK Brent Crude Oil,PF4,Spot Price FOB,RBRTE,Europe Brent Spot Price FOB (Dollars per Barrel),96.12,$/BBL
2026-07-31,ZEU,NA,EPCBRENT,UK Brent Crude Oil,PF4,Spot Price FOB,RBRTE,Europe Brent Spot Price FOB (Dollars per Barrel),91.63,$/BBL
